record_id,candidate,design_dimension,independent_source_id,source_packet_id,DOI,UT,publication_year,system_relevance,study_type,traceability,entailment,direction,semantic_review_multiplier,semantic_review_status,included_in_ds
run_f320e51e82599883,Fe-Co-Ni-Cu-Zn,cost_environment,doi:10.1039/d4ra00762j,source_packet_0f5b53209b998cf7,10.1039/d4ra00762j,WOS:001203633100001,2024,PBA_only,review,exact_chunk_DOI_UT,contextual,support,0.9674014658411585,machine_unreviewed,yes
run_f320e51e82599883,Fe-Co-Ni-Cu-Zn,wet_chemical_synthesis,doi:10.1039/d4ra00762j,source_packet_0f5b53209b998cf7,10.1039/d4ra00762j,WOS:001203633100001,2024,PBA_only,review,exact_chunk_DOI_UT,contextual,support,0.9674014658411585,machine_unreviewed,yes
run_f320e51e82599883,Fe-Co-Ni-Cu-Zn,pba_structural_compatibility,doi:10.1039/d2ta08573a,source_packet_2ec0edd64572025f,10.1039/d2ta08573a,WOS:000907629000001,2023,PBA_only,review,abstract_DOI_UT,contextual,support,0.9674014658411585,machine_unreviewed,yes
run_f320e51e82599883,Fe-Co-Ni-Cu-Zn,alkaline_stability_corrosion,doi:10.1039/d2ta08573a,source_packet_2ec0edd64572025f,10.1039/d2ta08573a,WOS:000907629000001,2023,PBA_only,review,abstract_DOI_UT,contextual,support,0.9674014658411585,machine_unreviewed,yes
run_f320e51e82599883,Fe-Co-Ni-Cu-Zn,pba_structural_compatibility,doi:10.1039/d2ta08573a,source_packet_2ec0edd64572025f,10.1039/d2ta08573a,WOS:000907629000001,2023,PBA_only,review,abstract_DOI_UT,contextual,support,0.9674014658411585,machine_unreviewed,yes
run_f320e51e82599883,Fe-Co-Ni-Cu-Zn,cost_environment,doi:10.1039/d2ta08573a,source_packet_2ec0edd64572025f,10.1039/d2ta08573a,WOS:000907629000001,2023,PBA_only,review,abstract_DOI_UT,contextual,support,0.9674014658411585,machine_unreviewed,yes
run_f320e51e82599883,Fe-Co-Ni-Cu-Zn,pba_structural_compatibility,doi:10.1039/d2ta08573a,source_packet_2ec0edd64572025f,10.1039/d2ta08573a,WOS:000907629000001,2023,PBA_only,review,abstract_DOI_UT,contextual,support,0.9674014658411585,machine_unreviewed,yes
run_f320e51e82599883,Fe-Co-Ni-Cu-Zn,alkaline_stability_corrosion,doi:10.1039/d2ta08573a,source_packet_2ec0edd64572025f,10.1039/d2ta08573a,WOS:000907629000001,2023,PBA_only,review,abstract_DOI_UT,contextual,support,0.9674014658411585,machine_unreviewed,yes
run_f320e51e82599883,Fe-Co-Ni-Cu-Zn,alkaline_stability_corrosion,doi:10.1039/d2ta08573a,source_packet_2ec0edd64572025f,10.1039/d2ta08573a,WOS:000907629000001,2023,PBA_only,review,abstract_DOI_UT,contextual,support,0.9674014658411585,machine_unreviewed,yes
run_f320e51e82599883,Fe-Co-Ni-Cu-Zn,wet_chemical_synthesis,doi:10.1039/d2ta08573a,source_packet_2ec0edd64572025f,10.1039/d2ta08573a,WOS:000907629000001,2023,PBA_only,review,identified_record,none,not_addressed,0.9674014658411585,machine_unreviewed,yes
run_f320e51e82599883,Fe-Co-Ni-Cu-Zn,pba_structural_compatibility,doi:10.1039/d3ta01967e,source_packet_403b83b1820dfc33,10.1039/d3ta01967e,WOS:001063921500001,2023,PBA_only,experimental,abstract_DOI_UT,contextual,support,1,human_accepted,yes
run_f320e51e82599883,Fe-Co-Ni-Cu-Zn,uor_activity,doi:10.1039/d3ta01967e,source_packet_403b83b1820dfc33,10.1039/d3ta01967e,WOS:001063921500001,2023,PBA_only,experimental,identified_record,none,not_addressed,1,human_accepted,yes
run_f320e51e82599883,Fe-Co-Ni-Cu-Zn,alkaline_stability_corrosion,doi:10.1039/d3ta01967e,source_packet_403b83b1820dfc33,10.1039/d3ta01967e,WOS:001063921500001,2023,PBA_only,experimental,abstract_DOI_UT,contextual,support,1,human_accepted,yes
run_f320e51e82599883,Fe-Co-Ni-Cu-Zn,uor_activity,doi:10.1039/d3ta01967e,source_packet_403b83b1820dfc33,10.1039/d3ta01967e,WOS:001063921500001,2023,PBA_only,experimental,identified_record,none,not_addressed,1,human_accepted,yes
run_f320e51e82599883,Fe-Co-Ni-Cu-Zn,substitution_and_synergy,doi:10.1039/d3ta01967e,source_packet_403b83b1820dfc33,10.1039/d3ta01967e,WOS:001063921500001,2023,PBA_only,experimental,abstract_DOI_UT,contextual,support,1,human_accepted,yes
run_f320e51e82599883,Fe-Co-Ni-Cu-Zn,uor_activity,doi:10.1039/d3ta01967e,source_packet_403b83b1820dfc33,10.1039/d3ta01967e,WOS:001063921500001,2023,PBA_only,experimental,identified_record,none,not_addressed,1,human_accepted,yes
run_f320e51e82599883,Fe-Co-Ni-Cu-Zn,substitution_and_synergy,doi:10.1039/d3ta01967e,source_packet_403b83b1820dfc33,10.1039/d3ta01967e,WOS:001063921500001,2023,PBA_only,experimental,abstract_DOI_UT,contextual,support,1,human_accepted,yes
run_f320e51e82599883,Fe-Co-Ni-Cu-Zn,uor_activity,doi:10.1039/d3ta01967e,source_packet_403b83b1820dfc33,10.1039/d3ta01967e,WOS:001063921500001,2023,PBA_only,experimental,identified_record,none,not_addressed,1,human_accepted,yes
run_f320e51e82599883,Fe-Co-Ni-Cu-Zn,uor_activity,doi:10.1039/d3ta01967e,source_packet_403b83b1820dfc33,10.1039/d3ta01967e,WOS:001063921500001,2023,PBA_only,experimental,exact_chunk_DOI_UT,full,support,1,human_accepted,yes
run_f320e51e82599883,Fe-Co-Ni-Cu-Zn,pba_structural_compatibility,doi:10.1039/d3ta01967e,source_packet_403b83b1820dfc33,10.1039/d3ta01967e,WOS:001063921500001,2023,PBA_only,experimental,abstract_DOI_UT,contextual,support,1,human_accepted,yes
run_f320e51e82599883,Fe-Co-Ni-Cu-Zn,pba_structural_compatibility,doi:10.1039/d3ta01967e,source_packet_403b83b1820dfc33,10.1039/d3ta01967e,WOS:001063921500001,2023,PBA_only,experimental,exact_chunk_DOI_UT,full,support,1,human_accepted,yes
run_f320e51e82599883,Fe-Co-Ni-Cu-Zn,alkaline_stability_corrosion,doi:10.1039/d3ta01967e,source_packet_403b83b1820dfc33,10.1039/d3ta01967e,WOS:001063921500001,2023,PBA_only,experimental,abstract_DOI_UT,contextual,support,1,human_accepted,yes
run_f320e51e82599883,Fe-Co-Ni-Cu-Zn,substitution_and_synergy,doi:10.1039/d3ta01967e,source_packet_403b83b1820dfc33,10.1039/d3ta01967e,WOS:001063921500001,2023,PBA_only,experimental,exact_chunk_DOI_UT,partial,support,1,human_accepted,yes
run_f320e51e82599883,Fe-Co-Ni-Cu-Zn,uor_activity,doi:10.1039/d3ta01967e,source_packet_403b83b1820dfc33,10.1039/d3ta01967e,WOS:001063921500001,2023,PBA_only,experimental,identified_record,none,not_addressed,1,human_accepted,yes
run_f320e51e82599883,Fe-Co-Ni-Cu-Zn,alkaline_stability_corrosion,doi:10.1039/d3ta01967e,source_packet_403b83b1820dfc33,10.1039/d3ta01967e,WOS:001063921500001,2023,PBA_only,experimental,abstract_DOI_UT,contextual,support,1,human_accepted,yes
run_f320e51e82599883,Fe-Co-Ni-Cu-Zn,wet_chemical_synthesis,doi:10.1039/d3ta01967e,source_packet_403b83b1820dfc33,10.1039/d3ta01967e,WOS:001063921500001,2023,PBA_only,experimental,exact_chunk_DOI_UT,overreach,support,1,human_accepted,yes
run_f320e51e82599883,Fe-Co-Ni-Cu-Zn,pba_structural_compatibility,wos:WOS_A7A85EDE9F6153F4,source_packet_74299412b244b2f5,,,,direct_PBA_UOR,experimental,identified_record,none,not_addressed,0.9674014658411585,machine_unreviewed,yes
run_f320e51e82599883,Fe-Co-Ni-Cu-Zn,uor_activity,wos:WOS_A7A85EDE9F6153F4,source_packet_74299412b244b2f5,,,,direct_PBA_UOR,experimental,identified_record,contextual,support,0.9674014658411585,machine_unreviewed,yes
run_f320e51e82599883,Fe-Co-Ni-Cu-Zn,uor_activity,wos:WOS_A7A85EDE9F6153F4,source_packet_74299412b244b2f5,,,,direct_PBA_UOR,experimental,identified_record,contextual,support,0.9674014658411585,machine_unreviewed,yes
run_f320e51e82599883,Fe-Co-Ni-Cu-Zn,substitution_and_synergy,wos:WOS_A7A85EDE9F6153F4,source_packet_74299412b244b2f5,,,,direct_PBA_UOR,experimental,identified_record,none,not_addressed,0.9674014658411585,machine_unreviewed,yes
run_f320e51e82599883,Fe-Co-Ni-Cu-Zn,uor_activity,wos:WOS_A7A85EDE9F6153F4,source_packet_74299412b244b2f5,,,,direct_PBA_UOR,experimental,identified_record,contextual,support,0.9674014658411585,machine_unreviewed,yes
run_f320e51e82599883,Fe-Co-Ni-Cu-Zn,substitution_and_synergy,wos:WOS_A7A85EDE9F6153F4,source_packet_74299412b244b2f5,,,,direct_PBA_UOR,experimental,identified_record,none,not_addressed,0.9674014658411585,machine_unreviewed,yes
run_f320e51e82599883,Fe-Co-Ni-Cu-Zn,uor_activity,wos:WOS_A7A85EDE9F6153F4,source_packet_74299412b244b2f5,,,,direct_PBA_UOR,experimental,identified_record,contextual,support,0.9674014658411585,machine_unreviewed,yes
run_f320e51e82599883,Fe-Co-Ni-Cu-Zn,uor_activity,wos:WOS_A7A85EDE9F6153F4,source_packet_74299412b244b2f5,,,,direct_PBA_UOR,experimental,identified_record,contextual,support,0.9674014658411585,machine_unreviewed,yes
run_f320e51e82599883,Fe-Co-Ni-Cu-Zn,pba_structural_compatibility,wos:WOS_A7A85EDE9F6153F4,source_packet_74299412b244b2f5,,,,direct_PBA_UOR,experimental,identified_record,contextual,support,0.9674014658411585,machine_unreviewed,yes
run_f320e51e82599883,Fe-Co-Ni-Cu-Zn,pba_structural_compatibility,wos:WOS_A7A85EDE9F6153F4,source_packet_74299412b244b2f5,,,,direct_PBA_UOR,experimental,identified_record,contextual,support,0.9674014658411585,machine_unreviewed,yes
run_f320e51e82599883,Fe-Co-Ni-Cu-Zn,substitution_and_synergy,wos:WOS_A7A85EDE9F6153F4,source_packet_74299412b244b2f5,,,,direct_PBA_UOR,experimental,identified_record,none,not_addressed,0.9674014658411585,machine_unreviewed,yes
run_f320e51e82599883,Fe-Co-Ni-Cu-Zn,uor_activity,wos:WOS_A7A85EDE9F6153F4,source_packet_74299412b244b2f5,,,,direct_PBA_UOR,experimental,identified_record,contextual,support,0.9674014658411585,machine_unreviewed,yes
run_f320e51e82599883,Fe-Co-Ni-Cu-Zn,wet_chemical_synthesis,wos:WOS_A7A85EDE9F6153F4,source_packet_74299412b244b2f5,,,,direct_PBA_UOR,experimental,identified_record,contextual,support,0.9674014658411585,machine_unreviewed,yes
run_f320e51e82599883,Fe-Co-Ni-Cu-Zn,pba_structural_compatibility,doi:10.101,source_packet_a0b46f6d1f5fc6c3,10.101,,2020,foundational,review,identified_record,contextual,support,0.9674014658411585,machine_unreviewed,yes
run_f320e51e82599883,Fe-Co-Ni-Cu-Zn,uor_activity,doi:10.101,source_packet_a0b46f6d1f5fc6c3,10.101,,2020,foundational,review,identified_record,none,not_addressed,0.9674014658411585,machine_unreviewed,yes
run_f320e51e82599883,Fe-Co-Ni-Cu-Zn,uor_activity,doi:10.101,source_packet_a0b46f6d1f5fc6c3,10.101,,2020,foundational,review,identified_record,none,not_addressed,0.9674014658411585,machine_unreviewed,yes
run_f320e51e82599883,Fe-Co-Ni-Cu-Zn,substitution_and_synergy,doi:10.101,source_packet_a0b46f6d1f5fc6c3,10.101,,2020,foundational,review,identified_record,none,not_addressed,0.9674014658411585,machine_unreviewed,yes
run_f320e51e82599883,Fe-Co-Ni-Cu-Zn,uor_activity,doi:10.101,source_packet_a0b46f6d1f5fc6c3,10.101,,2020,foundational,review,identified_record,none,not_addressed,0.9674014658411585,machine_unreviewed,yes
run_f320e51e82599883,Fe-Co-Ni-Cu-Zn,substitution_and_synergy,doi:10.101,source_packet_a0b46f6d1f5fc6c3,10.101,,2020,foundational,review,identified_record,none,not_addressed,0.9674014658411585,machine_unreviewed,yes
run_f320e51e82599883,Fe-Co-Ni-Cu-Zn,uor_activity,doi:10.101,source_packet_a0b46f6d1f5fc6c3,10.101,,2020,foundational,review,identified_record,contextual,support,0.9674014658411585,machine_unreviewed,yes
run_f320e51e82599883,Fe-Co-Ni-Cu-Zn,uor_activity,doi:10.101,source_packet_a0b46f6d1f5fc6c3,10.101,,2020,foundational,review,identified_record,contextual,support,0.9674014658411585,machine_unreviewed,yes
run_f320e51e82599883,Fe-Co-Ni-Cu-Zn,pba_structural_compatibility,doi:10.101,source_packet_a0b46f6d1f5fc6c3,10.101,,2020,foundational,review,identified_record,contextual,support,0.9674014658411585,machine_unreviewed,yes
run_f320e51e82599883,Fe-Co-Ni-Cu-Zn,pba_structural_compatibility,doi:10.101,source_packet_a0b46f6d1f5fc6c3,10.101,,2020,foundational,review,identified_record,contextual,support,0.9674014658411585,machine_unreviewed,yes
run_f320e51e82599883,Fe-Co-Ni-Cu-Zn,substitution_and_synergy,doi:10.101,source_packet_a0b46f6d1f5fc6c3,10.101,,2020,foundational,review,identified_record,none,not_addressed,0.9674014658411585,machine_unreviewed,yes
run_f320e51e82599883,Fe-Co-Ni-Cu-Zn,uor_activity,doi:10.101,source_packet_a0b46f6d1f5fc6c3,10.101,,2020,foundational,review,identified_record,none,not_addressed,0.9674014658411585,machine_unreviewed,yes
run_f320e51e82599883,Fe-Co-Ni-Cu-Zn,wet_chemical_synthesis,doi:10.101,source_packet_a0b46f6d1f5fc6c3,10.101,,2020,foundational,review,identified_record,contextual,support,0.9674014658411585,machine_unreviewed,yes
run_f320e51e82599883,Fe-Co-Ni-Cu-Zn,uor_activity,doi:10.1021/acs.jpcc.3c04283,source_packet_e9fc695c1074c76c,10.1021/acs.jpcc.3c04283,WOS:001040362600001,2023,UOR_only,experimental,abstract_DOI_UT,contextual,support,0.9674014658411585,machine_unreviewed,yes
run_f320e51e82599883,Fe-Co-Ni-Cu-Zn,alkaline_stability_corrosion,doi:10.1021/acs.jpcc.3c04283,source_packet_e9fc695c1074c76c,10.1021/acs.jpcc.3c04283,WOS:001040362600001,2023,UOR_only,experimental,identified_record,none,not_addressed,0.9674014658411585,machine_unreviewed,yes
run_f320e51e82599883,Fe-Co-Ni-Cu-Zn,uor_activity,doi:10.1021/acs.jpcc.3c04283,source_packet_e9fc695c1074c76c,10.1021/acs.jpcc.3c04283,WOS:001040362600001,2023,UOR_only,experimental,abstract_DOI_UT,contextual,support,0.9674014658411585,machine_unreviewed,yes
run_f320e51e82599883,Fe-Co-Ni-Cu-Zn,substitution_and_synergy,doi:10.1021/acs.jpcc.3c04283,source_packet_e9fc695c1074c76c,10.1021/acs.jpcc.3c04283,WOS:001040362600001,2023,UOR_only,experimental,abstract_DOI_UT,contextual,support,0.9674014658411585,machine_unreviewed,yes
run_f320e51e82599883,Fe-Co-Ni-Cu-Zn,uor_activity,doi:10.1021/acs.jpcc.3c04283,source_packet_e9fc695c1074c76c,10.1021/acs.jpcc.3c04283,WOS:001040362600001,2023,UOR_only,experimental,abstract_DOI_UT,contextual,support,0.9674014658411585,machine_unreviewed,yes
run_f320e51e82599883,Fe-Co-Ni-Cu-Zn,substitution_and_synergy,doi:10.1021/acs.jpcc.3c04283,source_packet_e9fc695c1074c76c,10.1021/acs.jpcc.3c04283,WOS:001040362600001,2023,UOR_only,experimental,abstract_DOI_UT,contextual,support,0.9674014658411585,machine_unreviewed,yes
run_f320e51e82599883,Fe-Co-Ni-Cu-Zn,uor_activity,doi:10.1021/acs.jpcc.3c04283,source_packet_e9fc695c1074c76c,10.1021/acs.jpcc.3c04283,WOS:001040362600001,2023,UOR_only,experimental,exact_chunk_DOI_UT,partial,support,0.9674014658411585,machine_unreviewed,yes
run_f320e51e82599883,Fe-Co-Ni-Cu-Zn,uor_activity,doi:10.1021/acs.jpcc.3c04283,source_packet_e9fc695c1074c76c,10.1021/acs.jpcc.3c04283,WOS:001040362600001,2023,UOR_only,experimental,exact_chunk_DOI_UT,partial,support,0.9674014658411585,machine_unreviewed,yes
run_f320e51e82599883,Fe-Co-Ni-Cu-Zn,alkaline_stability_corrosion,doi:10.1021/acs.jpcc.3c04283,source_packet_e9fc695c1074c76c,10.1021/acs.jpcc.3c04283,WOS:001040362600001,2023,UOR_only,experimental,identified_record,none,not_addressed,0.9674014658411585,machine_unreviewed,yes
run_f320e51e82599883,Fe-Co-Ni-Cu-Zn,substitution_and_synergy,doi:10.1021/acs.jpcc.3c04283,source_packet_e9fc695c1074c76c,10.1021/acs.jpcc.3c04283,WOS:001040362600001,2023,UOR_only,experimental,abstract_DOI_UT,contextual,support,0.9674014658411585,machine_unreviewed,yes
run_f320e51e82599883,Fe-Co-Ni-Cu-Zn,uor_activity,doi:10.1021/acs.jpcc.3c04283,source_packet_e9fc695c1074c76c,10.1021/acs.jpcc.3c04283,WOS:001040362600001,2023,UOR_only,experimental,exact_chunk_DOI_UT,partial,support,0.9674014658411585,machine_unreviewed,yes
run_f320e51e82599883,Fe-Co-Ni-Cu-Zn,alkaline_stability_corrosion,doi:10.1021/acs.jpcc.3c04283,source_packet_e9fc695c1074c76c,10.1021/acs.jpcc.3c04283,WOS:001040362600001,2023,UOR_only,experimental,identified_record,none,not_addressed,0.9674014658411585,machine_unreviewed,yes
run_e78a48b951b2ee6e,Fe-Co-Ni-Cu-Zn,uor_activity,wos:WOS_1ADC2FB558D8F030,source_packet_3c60ba14dd69a6e6,,,,direct_PBA_UOR,experimental,identified_record,contextual,support,1,human_accepted,yes
run_e78a48b951b2ee6e,Fe-Co-Ni-Cu-Zn,pba_structural_compatibility,wos:WOS_1ADC2FB558D8F030,source_packet_3c60ba14dd69a6e6,,,,direct_PBA_UOR,experimental,identified_record,contextual,support,1,human_accepted,yes
run_e78a48b951b2ee6e,Fe-Co-Ni-Cu-Zn,substitution_and_synergy,wos:WOS_1ADC2FB558D8F030,source_packet_3c60ba14dd69a6e6,,,,direct_PBA_UOR,experimental,identified_record,none,not_addressed,1,human_accepted,yes
run_e78a48b951b2ee6e,Fe-Co-Ni-Cu-Zn,pba_structural_compatibility,wos:WOS_1ADC2FB558D8F030,source_packet_3c60ba14dd69a6e6,,,,direct_PBA_UOR,experimental,identified_record,contextual,support,1,human_accepted,yes
run_e78a48b951b2ee6e,Fe-Co-Ni-Cu-Zn,uor_activity,wos:WOS_1ADC2FB558D8F030,source_packet_3c60ba14dd69a6e6,,,,direct_PBA_UOR,experimental,identified_record,contextual,support,1,human_accepted,yes
run_e78a48b951b2ee6e,Fe-Co-Ni-Cu-Zn,uor_activity,wos:WOS_1ADC2FB558D8F030,source_packet_3c60ba14dd69a6e6,,,,direct_PBA_UOR,experimental,identified_record,contextual,support,1,human_accepted,yes
run_e78a48b951b2ee6e,Fe-Co-Ni-Cu-Zn,uor_activity,wos:WOS_1ADC2FB558D8F030,source_packet_3c60ba14dd69a6e6,,,,direct_PBA_UOR,experimental,identified_record,contextual,support,1,human_accepted,yes
run_e78a48b951b2ee6e,Fe-Co-Ni-Cu-Zn,pba_structural_compatibility,wos:WOS_1ADC2FB558D8F030,source_packet_3c60ba14dd69a6e6,,,,direct_PBA_UOR,experimental,identified_record,contextual,support,1,human_accepted,yes
run_e78a48b951b2ee6e,Fe-Co-Ni-Cu-Zn,alkaline_stability_corrosion,wos:WOS_1ADC2FB558D8F030,source_packet_3c60ba14dd69a6e6,,,,direct_PBA_UOR,experimental,identified_record,none,not_addressed,1,human_accepted,yes
run_e78a48b951b2ee6e,Fe-Co-Ni-Cu-Zn,alkaline_stability_corrosion,wos:WOS_1ADC2FB558D8F030,source_packet_3c60ba14dd69a6e6,,,,direct_PBA_UOR,experimental,identified_record,none,not_addressed,1,human_accepted,yes
run_e78a48b951b2ee6e,Fe-Co-Ni-Cu-Zn,substitution_and_synergy,wos:WOS_1ADC2FB558D8F030,source_packet_3c60ba14dd69a6e6,,,,direct_PBA_UOR,experimental,identified_record,none,not_addressed,1,human_accepted,yes
run_e78a48b951b2ee6e,Fe-Co-Ni-Cu-Zn,alkaline_stability_corrosion,wos:WOS_1ADC2FB558D8F030,source_packet_3c60ba14dd69a6e6,,,,direct_PBA_UOR,experimental,identified_record,none,not_addressed,1,human_accepted,yes
run_e78a48b951b2ee6e,Fe-Co-Ni-Cu-Zn,uor_activity,wos:WOS_1ADC2FB558D8F030,source_packet_3c60ba14dd69a6e6,,,,direct_PBA_UOR,experimental,identified_record,contextual,support,1,human_accepted,yes
run_e78a48b951b2ee6e,Fe-Co-Ni-Cu-Zn,pba_structural_compatibility,wos:WOS_1ADC2FB558D8F030,source_packet_3c60ba14dd69a6e6,,,,direct_PBA_UOR,experimental,identified_record,contextual,support,1,human_accepted,yes
run_e78a48b951b2ee6e,Fe-Co-Ni-Cu-Zn,uor_activity,wos:WOS_1ADC2FB558D8F030,source_packet_3c60ba14dd69a6e6,,,,direct_PBA_UOR,experimental,identified_record,contextual,support,1,human_accepted,yes
run_e78a48b951b2ee6e,Fe-Co-Ni-Cu-Zn,wet_chemical_synthesis,wos:WOS_1ADC2FB558D8F030,source_packet_3c60ba14dd69a6e6,,,,direct_PBA_UOR,experimental,identified_record,contextual,support,1,human_accepted,yes
run_e78a48b951b2ee6e,Fe-Co-Ni-Cu-Zn,uor_activity,doi:10.1021/acs.inorgchem.3c01701,source_packet_60e4a231b92a3a86,10.1021/acs.inorgchem.3c01701,WOS:001016562800001,2023,direct_PBA_UOR,experimental,abstract_DOI_UT,contextual,support,1,human_accepted,yes
run_e78a48b951b2ee6e,Fe-Co-Ni-Cu-Zn,pba_structural_compatibility,doi:10.1021/acs.inorgchem.3c01701,source_packet_60e4a231b92a3a86,10.1021/acs.inorgchem.3c01701,WOS:001016562800001,2023,direct_PBA_UOR,experimental,abstract_DOI_UT,contextual,support,1,human_accepted,yes
run_e78a48b951b2ee6e,Fe-Co-Ni-Cu-Zn,substitution_and_synergy,doi:10.1021/acs.inorgchem.3c01701,source_packet_60e4a231b92a3a86,10.1021/acs.inorgchem.3c01701,WOS:001016562800001,2023,direct_PBA_UOR,experimental,identified_record,none,not_addressed,1,human_accepted,yes
run_e78a48b951b2ee6e,Fe-Co-Ni-Cu-Zn,pba_structural_compatibility,doi:10.1021/acs.inorgchem.3c01701,source_packet_60e4a231b92a3a86,10.1021/acs.inorgchem.3c01701,WOS:001016562800001,2023,direct_PBA_UOR,experimental,abstract_DOI_UT,contextual,support,1,human_accepted,yes
run_e78a48b951b2ee6e,Fe-Co-Ni-Cu-Zn,uor_activity,doi:10.1021/acs.inorgchem.3c01701,source_packet_60e4a231b92a3a86,10.1021/acs.inorgchem.3c01701,WOS:001016562800001,2023,direct_PBA_UOR,experimental,abstract_DOI_UT,contextual,support,1,human_accepted,yes
run_e78a48b951b2ee6e,Fe-Co-Ni-Cu-Zn,uor_activity,doi:10.1021/acs.inorgchem.3c01701,source_packet_60e4a231b92a3a86,10.1021/acs.inorgchem.3c01701,WOS:001016562800001,2023,direct_PBA_UOR,experimental,abstract_DOI_UT,contextual,support,1,human_accepted,yes
run_e78a48b951b2ee6e,Fe-Co-Ni-Cu-Zn,uor_activity,doi:10.1021/acs.inorgchem.3c01701,source_packet_60e4a231b92a3a86,10.1021/acs.inorgchem.3c01701,WOS:001016562800001,2023,direct_PBA_UOR,experimental,exact_chunk_DOI_UT,partial,support,1,human_accepted,yes
run_e78a48b951b2ee6e,Fe-Co-Ni-Cu-Zn,pba_structural_compatibility,doi:10.1021/acs.inorgchem.3c01701,source_packet_60e4a231b92a3a86,10.1021/acs.inorgchem.3c01701,WOS:001016562800001,2023,direct_PBA_UOR,experimental,abstract_DOI_UT,contextual,support,1,human_accepted,yes
run_e78a48b951b2ee6e,Fe-Co-Ni-Cu-Zn,alkaline_stability_corrosion,doi:10.1021/acs.inorgchem.3c01701,source_packet_60e4a231b92a3a86,10.1021/acs.inorgchem.3c01701,WOS:001016562800001,2023,direct_PBA_UOR,experimental,identified_record,none,not_addressed,1,human_accepted,yes
run_e78a48b951b2ee6e,Fe-Co-Ni-Cu-Zn,alkaline_stability_corrosion,doi:10.1021/acs.inorgchem.3c01701,source_packet_60e4a231b92a3a86,10.1021/acs.inorgchem.3c01701,WOS:001016562800001,2023,direct_PBA_UOR,experimental,identified_record,none,not_addressed,1,human_accepted,yes
run_e78a48b951b2ee6e,Fe-Co-Ni-Cu-Zn,substitution_and_synergy,doi:10.1021/acs.inorgchem.3c01701,source_packet_60e4a231b92a3a86,10.1021/acs.inorgchem.3c01701,WOS:001016562800001,2023,direct_PBA_UOR,experimental,identified_record,none,not_addressed,1,human_accepted,yes
run_e78a48b951b2ee6e,Fe-Co-Ni-Cu-Zn,alkaline_stability_corrosion,doi:10.1021/acs.inorgchem.3c01701,source_packet_60e4a231b92a3a86,10.1021/acs.inorgchem.3c01701,WOS:001016562800001,2023,direct_PBA_UOR,experimental,identified_record,none,not_addressed,1,human_accepted,yes
run_e78a48b951b2ee6e,Fe-Co-Ni-Cu-Zn,uor_activity,doi:10.1021/acs.inorgchem.3c01701,source_packet_60e4a231b92a3a86,10.1021/acs.inorgchem.3c01701,WOS:001016562800001,2023,direct_PBA_UOR,experimental,abstract_DOI_UT,contextual,support,1,human_accepted,yes
run_e78a48b951b2ee6e,Fe-Co-Ni-Cu-Zn,pba_structural_compatibility,doi:10.1021/acs.inorgchem.3c01701,source_packet_60e4a231b92a3a86,10.1021/acs.inorgchem.3c01701,WOS:001016562800001,2023,direct_PBA_UOR,experimental,abstract_DOI_UT,contextual,support,1,human_accepted,yes
run_e78a48b951b2ee6e,Fe-Co-Ni-Cu-Zn,uor_activity,doi:10.1021/acs.inorgchem.3c01701,source_packet_60e4a231b92a3a86,10.1021/acs.inorgchem.3c01701,WOS:001016562800001,2023,direct_PBA_UOR,experimental,exact_chunk_DOI_UT,partial,support,1,human_accepted,yes
run_e78a48b951b2ee6e,Fe-Co-Ni-Cu-Zn,wet_chemical_synthesis,doi:10.1021/acs.inorgchem.3c01701,source_packet_60e4a231b92a3a86,10.1021/acs.inorgchem.3c01701,WOS:001016562800001,2023,direct_PBA_UOR,experimental,exact_chunk_DOI_UT,partial,support,1,human_accepted,yes
run_e78a48b951b2ee6e,Fe-Co-Ni-Cu-Zn,uor_activity,wos:WOS_A7A85EDE9F6153F4,source_packet_cddc6a8f2d4af6fb,,,,direct_PBA_UOR,experimental,identified_record,none,not_addressed,1,human_accepted,yes
run_e78a48b951b2ee6e,Fe-Co-Ni-Cu-Zn,pba_structural_compatibility,wos:WOS_A7A85EDE9F6153F4,source_packet_cddc6a8f2d4af6fb,,,,direct_PBA_UOR,experimental,identified_record,contextual,support,1,human_accepted,yes
run_e78a48b951b2ee6e,Fe-Co-Ni-Cu-Zn,substitution_and_synergy,wos:WOS_A7A85EDE9F6153F4,source_packet_cddc6a8f2d4af6fb,,,,direct_PBA_UOR,experimental,identified_record,none,not_addressed,1,human_accepted,yes
run_e78a48b951b2ee6e,Fe-Co-Ni-Cu-Zn,pba_structural_compatibility,wos:WOS_A7A85EDE9F6153F4,source_packet_cddc6a8f2d4af6fb,,,,direct_PBA_UOR,experimental,identified_record,none,not_addressed,1,human_accepted,yes
run_e78a48b951b2ee6e,Fe-Co-Ni-Cu-Zn,uor_activity,wos:WOS_A7A85EDE9F6153F4,source_packet_cddc6a8f2d4af6fb,,,,direct_PBA_UOR,experimental,identified_record,contextual,support,1,human_accepted,yes
run_e78a48b951b2ee6e,Fe-Co-Ni-Cu-Zn,uor_activity,wos:WOS_A7A85EDE9F6153F4,source_packet_cddc6a8f2d4af6fb,,,,direct_PBA_UOR,experimental,identified_record,none,not_addressed,1,human_accepted,yes
run_e78a48b951b2ee6e,Fe-Co-Ni-Cu-Zn,uor_activity,wos:WOS_A7A85EDE9F6153F4,source_packet_cddc6a8f2d4af6fb,,,,direct_PBA_UOR,experimental,identified_record,contextual,support,1,human_accepted,yes
run_e78a48b951b2ee6e,Fe-Co-Ni-Cu-Zn,pba_structural_compatibility,wos:WOS_A7A85EDE9F6153F4,source_packet_cddc6a8f2d4af6fb,,,,direct_PBA_UOR,experimental,identified_record,contextual,support,1,human_accepted,yes
run_e78a48b951b2ee6e,Fe-Co-Ni-Cu-Zn,substitution_and_synergy,wos:WOS_A7A85EDE9F6153F4,source_packet_cddc6a8f2d4af6fb,,,,direct_PBA_UOR,experimental,identified_record,none,not_addressed,1,human_accepted,yes
run_e78a48b951b2ee6e,Fe-Co-Ni-Cu-Zn,uor_activity,wos:WOS_A7A85EDE9F6153F4,source_packet_cddc6a8f2d4af6fb,,,,direct_PBA_UOR,experimental,identified_record,none,not_addressed,1,human_accepted,yes
run_e78a48b951b2ee6e,Fe-Co-Ni-Cu-Zn,pba_structural_compatibility,wos:WOS_A7A85EDE9F6153F4,source_packet_cddc6a8f2d4af6fb,,,,direct_PBA_UOR,experimental,identified_record,contextual,support,1,human_accepted,yes
run_e78a48b951b2ee6e,Fe-Co-Ni-Cu-Zn,uor_activity,wos:WOS_A7A85EDE9F6153F4,source_packet_cddc6a8f2d4af6fb,,,,direct_PBA_UOR,experimental,identified_record,none,not_addressed,1,human_accepted,yes
run_e78a48b951b2ee6e,Fe-Co-Ni-Cu-Zn,wet_chemical_synthesis,wos:WOS_A7A85EDE9F6153F4,source_packet_cddc6a8f2d4af6fb,,,,direct_PBA_UOR,experimental,identified_record,partial,support,1,human_accepted,yes
run_e78a48b951b2ee6e,Fe-Co-Ni-Cu-Zn,uor_activity,doi:10.1016/j.ijhydene.2024.09.267,source_packet_e5cff389af613934,10.1016/j.ijhydene.2024.09.267,WOS:001347191200001,2024,substitution,experimental,exact_chunk_DOI_UT,partial,support,0.9674014658411585,machine_unreviewed,yes
run_e78a48b951b2ee6e,Fe-Co-Ni-Cu-Zn,pba_structural_compatibility,doi:10.1016/j.ijhydene.2024.09.267,source_packet_e5cff389af613934,10.1016/j.ijhydene.2024.09.267,WOS:001347191200001,2024,substitution,experimental,identified_record,none,not_addressed,0.9674014658411585,machine_unreviewed,yes
run_e78a48b951b2ee6e,Fe-Co-Ni-Cu-Zn,substitution_and_synergy,doi:10.1016/j.ijhydene.2024.09.267,source_packet_e5cff389af613934,10.1016/j.ijhydene.2024.09.267,WOS:001347191200001,2024,substitution,experimental,abstract_DOI_UT,contextual,support,0.9674014658411585,machine_unreviewed,yes
run_e78a48b951b2ee6e,Fe-Co-Ni-Cu-Zn,pba_structural_compatibility,doi:10.1016/j.ijhydene.2024.09.267,source_packet_e5cff389af613934,10.1016/j.ijhydene.2024.09.267,WOS:001347191200001,2024,substitution,experimental,identified_record,none,not_addressed,0.9674014658411585,machine_unreviewed,yes
run_e78a48b951b2ee6e,Fe-Co-Ni-Cu-Zn,pba_structural_compatibility,doi:10.1016/j.ijhydene.2024.09.267,source_packet_e5cff389af613934,10.1016/j.ijhydene.2024.09.267,WOS:001347191200001,2024,substitution,experimental,identified_record,none,not_addressed,0.9674014658411585,machine_unreviewed,yes
run_e78a48b951b2ee6e,Fe-Co-Ni-Cu-Zn,alkaline_stability_corrosion,doi:10.1016/j.ijhydene.2024.09.267,source_packet_e5cff389af613934,10.1016/j.ijhydene.2024.09.267,WOS:001347191200001,2024,substitution,experimental,identified_record,none,not_addressed,0.9674014658411585,machine_unreviewed,yes
run_e78a48b951b2ee6e,Fe-Co-Ni-Cu-Zn,alkaline_stability_corrosion,doi:10.1016/j.ijhydene.2024.09.267,source_packet_e5cff389af613934,10.1016/j.ijhydene.2024.09.267,WOS:001347191200001,2024,substitution,experimental,identified_record,none,not_addressed,0.9674014658411585,machine_unreviewed,yes
run_e78a48b951b2ee6e,Fe-Co-Ni-Cu-Zn,substitution_and_synergy,doi:10.1016/j.ijhydene.2024.09.267,source_packet_e5cff389af613934,10.1016/j.ijhydene.2024.09.267,WOS:001347191200001,2024,substitution,experimental,abstract_DOI_UT,contextual,support,0.9674014658411585,machine_unreviewed,yes
run_e78a48b951b2ee6e,Fe-Co-Ni-Cu-Zn,alkaline_stability_corrosion,doi:10.1016/j.ijhydene.2024.09.267,source_packet_e5cff389af613934,10.1016/j.ijhydene.2024.09.267,WOS:001347191200001,2024,substitution,experimental,identified_record,none,not_addressed,0.9674014658411585,machine_unreviewed,yes
run_e78a48b951b2ee6e,Fe-Co-Ni-Cu-Zn,pba_structural_compatibility,doi:10.1016/j.ijhydene.2024.09.267,source_packet_e5cff389af613934,10.1016/j.ijhydene.2024.09.267,WOS:001347191200001,2024,substitution,experimental,identified_record,none,not_addressed,0.9674014658411585,machine_unreviewed,yes
run_e78a48b951b2ee6e,Fe-Co-Ni-Cu-Zn,wet_chemical_synthesis,doi:10.1016/j.ijhydene.2024.09.267,source_packet_e5cff389af613934,10.1016/j.ijhydene.2024.09.267,WOS:001347191200001,2024,substitution,experimental,abstract_DOI_UT,contextual,support,0.9674014658411585,machine_unreviewed,yes
run_e78a48b951b2ee6e,Fe-Co-Ni-Cu-Zn,uor_activity,doi:10.1016/j.cej.2024.156767,source_packet_f609ec05eb1029cd,10.1016/j.cej.2024.156767,WOS:001341552700001,2024,PBA_only,experimental,identified_record,none,not_addressed,1,human_accepted,yes
run_e78a48b951b2ee6e,Fe-Co-Ni-Cu-Zn,pba_structural_compatibility,doi:10.1016/j.cej.2024.156767,source_packet_f609ec05eb1029cd,10.1016/j.cej.2024.156767,WOS:001341552700001,2024,PBA_only,experimental,exact_chunk_DOI_UT,partial,support,1,human_accepted,yes
run_e78a48b951b2ee6e,Fe-Co-Ni-Cu-Zn,substitution_and_synergy,doi:10.1016/j.cej.2024.156767,source_packet_f609ec05eb1029cd,10.1016/j.cej.2024.156767,WOS:001341552700001,2024,PBA_only,experimental,exact_chunk_DOI_UT,overreach,support,1,human_accepted,yes
run_e78a48b951b2ee6e,Fe-Co-Ni-Cu-Zn,pba_structural_compatibility,doi:10.1016/j.cej.2024.156767,source_packet_f609ec05eb1029cd,10.1016/j.cej.2024.156767,WOS:001341552700001,2024,PBA_only,experimental,abstract_DOI_UT,contextual,support,1,human_accepted,yes
run_e78a48b951b2ee6e,Fe-Co-Ni-Cu-Zn,uor_activity,doi:10.1016/j.cej.2024.156767,source_packet_f609ec05eb1029cd,10.1016/j.cej.2024.156767,WOS:001341552700001,2024,PBA_only,experimental,exact_chunk_DOI_UT,overreach,support,1,human_accepted,yes
run_e78a48b951b2ee6e,Fe-Co-Ni-Cu-Zn,uor_activity,doi:10.1016/j.cej.2024.156767,source_packet_f609ec05eb1029cd,10.1016/j.cej.2024.156767,WOS:001341552700001,2024,PBA_only,experimental,exact_chunk_DOI_UT,overreach,support,1,human_accepted,yes
run_e78a48b951b2ee6e,Fe-Co-Ni-Cu-Zn,uor_activity,doi:10.1016/j.cej.2024.156767,source_packet_f609ec05eb1029cd,10.1016/j.cej.2024.156767,WOS:001341552700001,2024,PBA_only,experimental,exact_chunk_DOI_UT,overreach,support,1,human_accepted,yes
run_e78a48b951b2ee6e,Fe-Co-Ni-Cu-Zn,pba_structural_compatibility,doi:10.1016/j.cej.2024.156767,source_packet_f609ec05eb1029cd,10.1016/j.cej.2024.156767,WOS:001341552700001,2024,PBA_only,experimental,abstract_DOI_UT,contextual,support,1,human_accepted,yes
run_e78a48b951b2ee6e,Fe-Co-Ni-Cu-Zn,alkaline_stability_corrosion,doi:10.1016/j.cej.2024.156767,source_packet_f609ec05eb1029cd,10.1016/j.cej.2024.156767,WOS:001341552700001,2024,PBA_only,experimental,exact_chunk_DOI_UT,partial,support,1,human_accepted,yes
run_e78a48b951b2ee6e,Fe-Co-Ni-Cu-Zn,alkaline_stability_corrosion,doi:10.1016/j.cej.2024.156767,source_packet_f609ec05eb1029cd,10.1016/j.cej.2024.156767,WOS:001341552700001,2024,PBA_only,experimental,exact_chunk_DOI_UT,partial,support,1,human_accepted,yes
run_e78a48b951b2ee6e,Fe-Co-Ni-Cu-Zn,substitution_and_synergy,doi:10.1016/j.cej.2024.156767,source_packet_f609ec05eb1029cd,10.1016/j.cej.2024.156767,WOS:001341552700001,2024,PBA_only,experimental,abstract_DOI_UT,contextual,support,1,human_accepted,yes
run_e78a48b951b2ee6e,Fe-Co-Ni-Cu-Zn,alkaline_stability_corrosion,doi:10.1016/j.cej.2024.156767,source_packet_f609ec05eb1029cd,10.1016/j.cej.2024.156767,WOS:001341552700001,2024,PBA_only,experimental,exact_chunk_DOI_UT,partial,support,1,human_accepted,yes
run_e78a48b951b2ee6e,Fe-Co-Ni-Cu-Zn,uor_activity,doi:10.1016/j.cej.2024.156767,source_packet_f609ec05eb1029cd,10.1016/j.cej.2024.156767,WOS:001341552700001,2024,PBA_only,experimental,identified_record,none,not_addressed,1,human_accepted,yes
run_e78a48b951b2ee6e,Fe-Co-Ni-Cu-Zn,pba_structural_compatibility,doi:10.1016/j.cej.2024.156767,source_packet_f609ec05eb1029cd,10.1016/j.cej.2024.156767,WOS:001341552700001,2024,PBA_only,experimental,abstract_DOI_UT,contextual,support,1,human_accepted,yes
run_e78a48b951b2ee6e,Fe-Co-Ni-Cu-Zn,uor_activity,doi:10.1016/j.cej.2024.156767,source_packet_f609ec05eb1029cd,10.1016/j.cej.2024.156767,WOS:001341552700001,2024,PBA_only,experimental,identified_record,none,not_addressed,1,human_accepted,yes
run_e78a48b951b2ee6e,Fe-Co-Ni-Cu-Zn,wet_chemical_synthesis,doi:10.1016/j.cej.2024.156767,source_packet_f609ec05eb1029cd,10.1016/j.cej.2024.156767,WOS:001341552700001,2024,PBA_only,experimental,identified_record,none,not_addressed,1,human_accepted,yes
run_e031b877f070eb35,Fe-Co-Ni-Mn-Cu,pba_structural_compatibility,doi:10.1016/j.ijhydene.2024.09.267,source_packet_3bcd2152b2784cd7,10.1016/j.ijhydene.2024.09.267,WOS:001347191200001,2024,substitution,experimental,identified_record,none,not_addressed,0.9674014658411585,machine_unreviewed,yes
run_e031b877f070eb35,Fe-Co-Ni-Mn-Cu,substitution_and_synergy,doi:10.1016/j.ijhydene.2024.09.267,source_packet_3bcd2152b2784cd7,10.1016/j.ijhydene.2024.09.267,WOS:001347191200001,2024,substitution,experimental,abstract_DOI_UT,contextual,support,0.9674014658411585,machine_unreviewed,yes
run_e031b877f070eb35,Fe-Co-Ni-Mn-Cu,uor_activity,doi:10.1016/j.ijhydene.2024.09.267,source_packet_3bcd2152b2784cd7,10.1016/j.ijhydene.2024.09.267,WOS:001347191200001,2024,substitution,experimental,exact_chunk_DOI_UT,partial,support,0.9674014658411585,machine_unreviewed,yes
run_e031b877f070eb35,Fe-Co-Ni-Mn-Cu,uor_activity,doi:10.1016/j.ijhydene.2024.09.267,source_packet_3bcd2152b2784cd7,10.1016/j.ijhydene.2024.09.267,WOS:001347191200001,2024,substitution,experimental,exact_chunk_DOI_UT,partial,support,0.9674014658411585,machine_unreviewed,yes
run_e031b877f070eb35,Fe-Co-Ni-Mn-Cu,uor_activity,doi:10.1016/j.ijhydene.2024.09.267,source_packet_3bcd2152b2784cd7,10.1016/j.ijhydene.2024.09.267,WOS:001347191200001,2024,substitution,experimental,exact_chunk_DOI_UT,partial,support,0.9674014658411585,machine_unreviewed,yes
run_e031b877f070eb35,Fe-Co-Ni-Mn-Cu,wet_chemical_synthesis,doi:10.1016/j.ijhydene.2024.09.267,source_packet_3bcd2152b2784cd7,10.1016/j.ijhydene.2024.09.267,WOS:001347191200001,2024,substitution,experimental,abstract_DOI_UT,contextual,support,0.9674014658411585,machine_unreviewed,yes
run_e031b877f070eb35,Fe-Co-Ni-Mn-Cu,pba_structural_compatibility,doi:10.1016/j.ijhydene.2024.09.267,source_packet_3bcd2152b2784cd7,10.1016/j.ijhydene.2024.09.267,WOS:001347191200001,2024,substitution,experimental,identified_record,none,not_addressed,0.9674014658411585,machine_unreviewed,yes
run_e031b877f070eb35,Fe-Co-Ni-Mn-Cu,alkaline_stability_corrosion,doi:10.1016/j.ijhydene.2024.09.267,source_packet_3bcd2152b2784cd7,10.1016/j.ijhydene.2024.09.267,WOS:001347191200001,2024,substitution,experimental,identified_record,none,not_addressed,0.9674014658411585,machine_unreviewed,yes
run_e031b877f070eb35,Fe-Co-Ni-Mn-Cu,alkaline_stability_corrosion,doi:10.1016/j.ijhydene.2024.09.267,source_packet_3bcd2152b2784cd7,10.1016/j.ijhydene.2024.09.267,WOS:001347191200001,2024,substitution,experimental,identified_record,none,not_addressed,0.9674014658411585,machine_unreviewed,yes
run_e031b877f070eb35,Fe-Co-Ni-Mn-Cu,wet_chemical_synthesis,doi:10.1016/j.ijhydene.2024.09.267,source_packet_3bcd2152b2784cd7,10.1016/j.ijhydene.2024.09.267,WOS:001347191200001,2024,substitution,experimental,abstract_DOI_UT,contextual,support,0.9674014658411585,machine_unreviewed,yes
run_e031b877f070eb35,Fe-Co-Ni-Mn-Cu,substitution_and_synergy,doi:10.1016/j.ijhydene.2024.09.267,source_packet_3bcd2152b2784cd7,10.1016/j.ijhydene.2024.09.267,WOS:001347191200001,2024,substitution,experimental,abstract_DOI_UT,contextual,support,0.9674014658411585,machine_unreviewed,yes
run_e031b877f070eb35,Fe-Co-Ni-Mn-Cu,substitution_and_synergy,doi:10.1016/j.matchemphys.2023.128834,source_packet_467d481d9f424829,10.1016/j.matchemphys.2023.128834,WOS:001149146100001,2024,UOR_only,experimental,identified_record,none,not_addressed,0.9674014658411585,machine_unreviewed,yes
run_e031b877f070eb35,Fe-Co-Ni-Mn-Cu,uor_activity,doi:10.1016/j.matchemphys.2023.128834,source_packet_467d481d9f424829,10.1016/j.matchemphys.2023.128834,WOS:001149146100001,2024,UOR_only,experimental,exact_chunk_DOI_UT,full,support,0.9674014658411585,machine_unreviewed,yes
run_e031b877f070eb35,Fe-Co-Ni-Mn-Cu,uor_activity,doi:10.1016/j.matchemphys.2023.128834,source_packet_467d481d9f424829,10.1016/j.matchemphys.2023.128834,WOS:001149146100001,2024,UOR_only,experimental,exact_chunk_DOI_UT,full,support,0.9674014658411585,machine_unreviewed,yes
run_e031b877f070eb35,Fe-Co-Ni-Mn-Cu,uor_activity,doi:10.1016/j.matchemphys.2023.128834,source_packet_467d481d9f424829,10.1016/j.matchemphys.2023.128834,WOS:001149146100001,2024,UOR_only,experimental,abstract_DOI_UT,contextual,support,0.9674014658411585,machine_unreviewed,yes
run_e031b877f070eb35,Fe-Co-Ni-Mn-Cu,alkaline_stability_corrosion,doi:10.1016/j.matchemphys.2023.128834,source_packet_467d481d9f424829,10.1016/j.matchemphys.2023.128834,WOS:001149146100001,2024,UOR_only,experimental,abstract_DOI_UT,contextual,support,0.9674014658411585,machine_unreviewed,yes
run_e031b877f070eb35,Fe-Co-Ni-Mn-Cu,substitution_and_synergy,doi:10.1016/j.matchemphys.2023.128834,source_packet_467d481d9f424829,10.1016/j.matchemphys.2023.128834,WOS:001149146100001,2024,UOR_only,experimental,identified_record,none,not_addressed,0.9674014658411585,machine_unreviewed,yes
run_e031b877f070eb35,Fe-Co-Ni-Mn-Cu,pba_structural_compatibility,wos:WOS_A7A85EDE9F6153F4,source_packet_6f5332464c01cf7d,,,,direct_PBA_UOR,experimental,identified_record,contextual,support,0.9674014658411585,machine_unreviewed,yes
run_e031b877f070eb35,Fe-Co-Ni-Mn-Cu,substitution_and_synergy,wos:WOS_A7A85EDE9F6153F4,source_packet_6f5332464c01cf7d,,,,direct_PBA_UOR,experimental,identified_record,none,not_addressed,0.9674014658411585,machine_unreviewed,yes
run_e031b877f070eb35,Fe-Co-Ni-Mn-Cu,uor_activity,wos:WOS_A7A85EDE9F6153F4,source_packet_6f5332464c01cf7d,,,,direct_PBA_UOR,experimental,identified_record,contextual,support,0.9674014658411585,machine_unreviewed,yes
run_e031b877f070eb35,Fe-Co-Ni-Mn-Cu,uor_activity,wos:WOS_A7A85EDE9F6153F4,source_packet_6f5332464c01cf7d,,,,direct_PBA_UOR,experimental,identified_record,none,not_addressed,0.9674014658411585,machine_unreviewed,yes
run_e031b877f070eb35,Fe-Co-Ni-Mn-Cu,uor_activity,wos:WOS_A7A85EDE9F6153F4,source_packet_6f5332464c01cf7d,,,,direct_PBA_UOR,experimental,identified_record,contextual,support,0.9674014658411585,machine_unreviewed,yes
run_e031b877f070eb35,Fe-Co-Ni-Mn-Cu,uor_activity,wos:WOS_A7A85EDE9F6153F4,source_packet_6f5332464c01cf7d,,,,direct_PBA_UOR,experimental,identified_record,none,not_addressed,0.9674014658411585,machine_unreviewed,yes
run_e031b877f070eb35,Fe-Co-Ni-Mn-Cu,uor_activity,wos:WOS_A7A85EDE9F6153F4,source_packet_6f5332464c01cf7d,,,,direct_PBA_UOR,experimental,identified_record,contextual,support,0.9674014658411585,machine_unreviewed,yes
run_e031b877f070eb35,Fe-Co-Ni-Mn-Cu,wet_chemical_synthesis,wos:WOS_A7A85EDE9F6153F4,source_packet_6f5332464c01cf7d,,,,direct_PBA_UOR,experimental,identified_record,contextual,support,0.9674014658411585,machine_unreviewed,yes
run_e031b877f070eb35,Fe-Co-Ni-Mn-Cu,uor_activity,wos:WOS_A7A85EDE9F6153F4,source_packet_6f5332464c01cf7d,,,,direct_PBA_UOR,experimental,identified_record,none,not_addressed,0.9674014658411585,machine_unreviewed,yes
run_e031b877f070eb35,Fe-Co-Ni-Mn-Cu,pba_structural_compatibility,wos:WOS_A7A85EDE9F6153F4,source_packet_6f5332464c01cf7d,,,,direct_PBA_UOR,experimental,identified_record,contextual,support,0.9674014658411585,machine_unreviewed,yes
run_e031b877f070eb35,Fe-Co-Ni-Mn-Cu,wet_chemical_synthesis,wos:WOS_A7A85EDE9F6153F4,source_packet_6f5332464c01cf7d,,,,direct_PBA_UOR,experimental,identified_record,contextual,support,0.9674014658411585,machine_unreviewed,yes
run_e031b877f070eb35,Fe-Co-Ni-Mn-Cu,substitution_and_synergy,wos:WOS_A7A85EDE9F6153F4,source_packet_6f5332464c01cf7d,,,,direct_PBA_UOR,experimental,identified_record,none,not_addressed,0.9674014658411585,machine_unreviewed,yes
run_e031b877f070eb35,Fe-Co-Ni-Mn-Cu,pba_structural_compatibility,doi:10.1039/d3ta01967e,source_packet_78ee6ca06dbf563f,10.1039/d3ta01967e,WOS:001063921500001,2023,PBA_only,experimental,abstract_DOI_UT,contextual,support,1,human_accepted,yes
run_e031b877f070eb35,Fe-Co-Ni-Mn-Cu,substitution_and_synergy,doi:10.1039/d3ta01967e,source_packet_78ee6ca06dbf563f,10.1039/d3ta01967e,WOS:001063921500001,2023,PBA_only,experimental,abstract_DOI_UT,contextual,support,1,human_accepted,yes
run_e031b877f070eb35,Fe-Co-Ni-Mn-Cu,uor_activity,doi:10.1039/d3ta01967e,source_packet_78ee6ca06dbf563f,10.1039/d3ta01967e,WOS:001063921500001,2023,PBA_only,experimental,identified_record,none,not_addressed,1,human_accepted,yes
run_e031b877f070eb35,Fe-Co-Ni-Mn-Cu,uor_activity,doi:10.1039/d3ta01967e,source_packet_78ee6ca06dbf563f,10.1039/d3ta01967e,WOS:001063921500001,2023,PBA_only,experimental,identified_record,none,not_addressed,1,human_accepted,yes
run_e031b877f070eb35,Fe-Co-Ni-Mn-Cu,uor_activity,doi:10.1039/d3ta01967e,source_packet_78ee6ca06dbf563f,10.1039/d3ta01967e,WOS:001063921500001,2023,PBA_only,experimental,identified_record,none,not_addressed,1,human_accepted,yes
run_e031b877f070eb35,Fe-Co-Ni-Mn-Cu,uor_activity,doi:10.1039/d3ta01967e,source_packet_78ee6ca06dbf563f,10.1039/d3ta01967e,WOS:001063921500001,2023,PBA_only,experimental,identified_record,none,not_addressed,1,human_accepted,yes
run_e031b877f070eb35,Fe-Co-Ni-Mn-Cu,uor_activity,doi:10.1039/d3ta01967e,source_packet_78ee6ca06dbf563f,10.1039/d3ta01967e,WOS:001063921500001,2023,PBA_only,experimental,exact_chunk_DOI_UT,full,support,1,human_accepted,yes
run_e031b877f070eb35,Fe-Co-Ni-Mn-Cu,uor_activity,doi:10.1039/d3ta01967e,source_packet_78ee6ca06dbf563f,10.1039/d3ta01967e,WOS:001063921500001,2023,PBA_only,experimental,identified_record,none,not_addressed,1,human_accepted,yes
run_e031b877f070eb35,Fe-Co-Ni-Mn-Cu,pba_structural_compatibility,doi:10.1039/d3ta01967e,source_packet_78ee6ca06dbf563f,10.1039/d3ta01967e,WOS:001063921500001,2023,PBA_only,experimental,abstract_DOI_UT,contextual,support,1,human_accepted,yes
run_e031b877f070eb35,Fe-Co-Ni-Mn-Cu,alkaline_stability_corrosion,doi:10.1039/d3ta01967e,source_packet_78ee6ca06dbf563f,10.1039/d3ta01967e,WOS:001063921500001,2023,PBA_only,experimental,abstract_DOI_UT,contextual,support,1,human_accepted,yes
run_e031b877f070eb35,Fe-Co-Ni-Mn-Cu,alkaline_stability_corrosion,doi:10.1039/d3ta01967e,source_packet_78ee6ca06dbf563f,10.1039/d3ta01967e,WOS:001063921500001,2023,PBA_only,experimental,abstract_DOI_UT,contextual,support,1,human_accepted,yes
run_e031b877f070eb35,Fe-Co-Ni-Mn-Cu,wet_chemical_synthesis,doi:10.1039/d3ta01967e,source_packet_78ee6ca06dbf563f,10.1039/d3ta01967e,WOS:001063921500001,2023,PBA_only,experimental,exact_chunk_DOI_UT,overreach,support,1,human_accepted,yes
run_e031b877f070eb35,Fe-Co-Ni-Mn-Cu,substitution_and_synergy,doi:10.1039/d3ta01967e,source_packet_78ee6ca06dbf563f,10.1039/d3ta01967e,WOS:001063921500001,2023,PBA_only,experimental,abstract_DOI_UT,contextual,support,1,human_accepted,yes
run_e031b877f070eb35,Fe-Co-Ni-Mn-Cu,wet_chemical_synthesis,doi:10.1007/s12274-023-5517-1,source_packet_cd121ac705d0814d,10.1007/s12274-023-5517-1,WOS:000988490300002,2023,substitution,experimental,exact_chunk_DOI_UT,contextual,support,0.9674014658411585,machine_unreviewed,yes
run_e031b877f070eb35,Fe-Co-Ni-Mn-Cu,wet_chemical_synthesis,doi:10.1007/s12274-023-5517-1,source_packet_cd121ac705d0814d,10.1007/s12274-023-5517-1,WOS:000988490300002,2023,substitution,experimental,exact_chunk_DOI_UT,contextual,support,0.9674014658411585,machine_unreviewed,yes
run_e031b877f070eb35,Fe-Co-Ni-Mn-Cu,pba_structural_compatibility,doi:10.1016/j.colsurfa.2022.130592,source_packet_fad44a695c43c1ff,10.1016/j.colsurfa.2022.130592,WOS:001015593400001,2023,substitution,experimental,identified_record,none,not_addressed,0.9674014658411585,machine_unreviewed,yes
run_e031b877f070eb35,Fe-Co-Ni-Mn-Cu,substitution_and_synergy,doi:10.1016/j.colsurfa.2022.130592,source_packet_fad44a695c43c1ff,10.1016/j.colsurfa.2022.130592,WOS:001015593400001,2023,substitution,experimental,exact_chunk_DOI_UT,contextual,support,0.9674014658411585,machine_unreviewed,yes
run_e031b877f070eb35,Fe-Co-Ni-Mn-Cu,uor_activity,doi:10.1016/j.colsurfa.2022.130592,source_packet_fad44a695c43c1ff,10.1016/j.colsurfa.2022.130592,WOS:001015593400001,2023,substitution,experimental,exact_chunk_DOI_UT,contextual,support,0.9674014658411585,machine_unreviewed,yes
run_e031b877f070eb35,Fe-Co-Ni-Mn-Cu,pba_structural_compatibility,doi:10.1016/j.colsurfa.2022.130592,source_packet_fad44a695c43c1ff,10.1016/j.colsurfa.2022.130592,WOS:001015593400001,2023,substitution,experimental,identified_record,none,not_addressed,0.9674014658411585,machine_unreviewed,yes
run_e031b877f070eb35,Fe-Co-Ni-Mn-Cu,alkaline_stability_corrosion,doi:10.1016/j.colsurfa.2022.130592,source_packet_fad44a695c43c1ff,10.1016/j.colsurfa.2022.130592,WOS:001015593400001,2023,substitution,experimental,identified_record,none,not_addressed,0.9674014658411585,machine_unreviewed,yes
run_e031b877f070eb35,Fe-Co-Ni-Mn-Cu,alkaline_stability_corrosion,doi:10.1016/j.colsurfa.2022.130592,source_packet_fad44a695c43c1ff,10.1016/j.colsurfa.2022.130592,WOS:001015593400001,2023,substitution,experimental,identified_record,none,not_addressed,0.9674014658411585,machine_unreviewed,yes
run_ed4997cc40ec46a3,Fe-Co-Ni-Mn-Cu,uor_activity,doi:10.1016/j.ijhydene.2024.08.380,source_packet_004bc9d699fd70e3,10.1016/j.ijhydene.2024.08.380,WOS:001312879900001,2024,UOR_only,experimental,exact_chunk_DOI_UT,partial,support,1,human_accepted,yes
run_ed4997cc40ec46a3,Fe-Co-Ni-Mn-Cu,substitution_and_synergy,doi:10.1016/j.ijhydene.2024.08.380,source_packet_004bc9d699fd70e3,10.1016/j.ijhydene.2024.08.380,WOS:001312879900001,2024,UOR_only,experimental,exact_chunk_DOI_UT,partial,support,1,human_accepted,yes
run_ed4997cc40ec46a3,Fe-Co-Ni-Mn-Cu,uor_activity,doi:10.1016/j.ijhydene.2024.08.380,source_packet_004bc9d699fd70e3,10.1016/j.ijhydene.2024.08.380,WOS:001312879900001,2024,UOR_only,experimental,exact_chunk_DOI_UT,partial,support,1,human_accepted,yes
run_ed4997cc40ec46a3,Fe-Co-Ni-Mn-Cu,pba_structural_compatibility,doi:10.1016/j.ijhydene.2024.08.380,source_packet_004bc9d699fd70e3,10.1016/j.ijhydene.2024.08.380,WOS:001312879900001,2024,UOR_only,experimental,identified_record,none,not_addressed,1,human_accepted,yes
run_ed4997cc40ec46a3,Fe-Co-Ni-Mn-Cu,pba_structural_compatibility,doi:10.1016/j.ijhydene.2024.08.380,source_packet_004bc9d699fd70e3,10.1016/j.ijhydene.2024.08.380,WOS:001312879900001,2024,UOR_only,experimental,identified_record,none,not_addressed,1,human_accepted,yes
run_ed4997cc40ec46a3,Fe-Co-Ni-Mn-Cu,wet_chemical_synthesis,doi:10.1016/j.ijhydene.2024.08.380,source_packet_004bc9d699fd70e3,10.1016/j.ijhydene.2024.08.380,WOS:001312879900001,2024,UOR_only,experimental,identified_record,none,not_addressed,1,human_accepted,yes
run_ed4997cc40ec46a3,Fe-Co-Ni-Mn-Cu,alkaline_stability_corrosion,wos:WOS_BC7A3E899D5FCB65,source_packet_458698bbe12c868b,,,,PBA_only,experimental,identified_record,partial,support,0.9674014658411585,machine_unreviewed,yes
run_ed4997cc40ec46a3,Fe-Co-Ni-Mn-Cu,uor_activity,wos:WOS_BC7A3E899D5FCB65,source_packet_458698bbe12c868b,,,,PBA_only,experimental,identified_record,none,not_addressed,0.9674014658411585,machine_unreviewed,yes
run_ed4997cc40ec46a3,Fe-Co-Ni-Mn-Cu,uor_activity,wos:WOS_BC7A3E899D5FCB65,source_packet_458698bbe12c868b,,,,PBA_only,experimental,identified_record,none,not_addressed,0.9674014658411585,machine_unreviewed,yes
run_ed4997cc40ec46a3,Fe-Co-Ni-Mn-Cu,substitution_and_synergy,wos:WOS_BC7A3E899D5FCB65,source_packet_458698bbe12c868b,,,,PBA_only,experimental,identified_record,contextual,support,0.9674014658411585,machine_unreviewed,yes
run_ed4997cc40ec46a3,Fe-Co-Ni-Mn-Cu,uor_activity,wos:WOS_BC7A3E899D5FCB65,source_packet_458698bbe12c868b,,,,PBA_only,experimental,identified_record,none,not_addressed,0.9674014658411585,machine_unreviewed,yes
run_ed4997cc40ec46a3,Fe-Co-Ni-Mn-Cu,pba_structural_compatibility,wos:WOS_BC7A3E899D5FCB65,source_packet_458698bbe12c868b,,,,PBA_only,experimental,identified_record,contextual,support,0.9674014658411585,machine_unreviewed,yes
run_ed4997cc40ec46a3,Fe-Co-Ni-Mn-Cu,uor_activity,wos:WOS_BC7A3E899D5FCB65,source_packet_458698bbe12c868b,,,,PBA_only,experimental,identified_record,none,not_addressed,0.9674014658411585,machine_unreviewed,yes
run_ed4997cc40ec46a3,Fe-Co-Ni-Mn-Cu,alkaline_stability_corrosion,wos:WOS_BC7A3E899D5FCB65,source_packet_458698bbe12c868b,,,,PBA_only,experimental,identified_record,partial,support,0.9674014658411585,machine_unreviewed,yes
run_ed4997cc40ec46a3,Fe-Co-Ni-Mn-Cu,uor_activity,wos:WOS_BC7A3E899D5FCB65,source_packet_458698bbe12c868b,,,,PBA_only,experimental,identified_record,none,not_addressed,0.9674014658411585,machine_unreviewed,yes
run_ed4997cc40ec46a3,Fe-Co-Ni-Mn-Cu,uor_activity,wos:WOS_BC7A3E899D5FCB65,source_packet_458698bbe12c868b,,,,PBA_only,experimental,identified_record,none,not_addressed,0.9674014658411585,machine_unreviewed,yes
run_ed4997cc40ec46a3,Fe-Co-Ni-Mn-Cu,pba_structural_compatibility,wos:WOS_BC7A3E899D5FCB65,source_packet_458698bbe12c868b,,,,PBA_only,experimental,identified_record,contextual,support,0.9674014658411585,machine_unreviewed,yes
run_ed4997cc40ec46a3,Fe-Co-Ni-Mn-Cu,wet_chemical_synthesis,wos:WOS_BC7A3E899D5FCB65,source_packet_458698bbe12c868b,,,,PBA_only,experimental,identified_record,none,not_addressed,0.9674014658411585,machine_unreviewed,yes
run_ed4997cc40ec46a3,Fe-Co-Ni-Mn-Cu,alkaline_stability_corrosion,wos:WOS_BC7A3E899D5FCB65,source_packet_458698bbe12c868b,,,,PBA_only,experimental,identified_record,partial,support,0.9674014658411585,machine_unreviewed,yes
run_ed4997cc40ec46a3,Fe-Co-Ni-Mn-Cu,alkaline_stability_corrosion,doi:10.1149/1945-7111/ad6d93,source_packet_da4c1b8662373104,10.1149/1945-7111/ad6d93,WOS:001296648000001,2024,PBA_only,experimental,abstract_DOI_UT,contextual,support,0.9674014658411585,machine_unreviewed,yes
run_ed4997cc40ec46a3,Fe-Co-Ni-Mn-Cu,uor_activity,doi:10.1149/1945-7111/ad6d93,source_packet_da4c1b8662373104,10.1149/1945-7111/ad6d93,WOS:001296648000001,2024,PBA_only,experimental,identified_record,none,not_addressed,0.9674014658411585,machine_unreviewed,yes
run_ed4997cc40ec46a3,Fe-Co-Ni-Mn-Cu,uor_activity,doi:10.1149/1945-7111/ad6d93,source_packet_da4c1b8662373104,10.1149/1945-7111/ad6d93,WOS:001296648000001,2024,PBA_only,experimental,identified_record,none,not_addressed,0.9674014658411585,machine_unreviewed,yes
run_ed4997cc40ec46a3,Fe-Co-Ni-Mn-Cu,substitution_and_synergy,doi:10.1149/1945-7111/ad6d93,source_packet_da4c1b8662373104,10.1149/1945-7111/ad6d93,WOS:001296648000001,2024,PBA_only,experimental,abstract_DOI_UT,contextual,support,0.9674014658411585,machine_unreviewed,yes
run_ed4997cc40ec46a3,Fe-Co-Ni-Mn-Cu,uor_activity,doi:10.1149/1945-7111/ad6d93,source_packet_da4c1b8662373104,10.1149/1945-7111/ad6d93,WOS:001296648000001,2024,PBA_only,experimental,identified_record,none,not_addressed,0.9674014658411585,machine_unreviewed,yes
run_ed4997cc40ec46a3,Fe-Co-Ni-Mn-Cu,pba_structural_compatibility,doi:10.1149/1945-7111/ad6d93,source_packet_da4c1b8662373104,10.1149/1945-7111/ad6d93,WOS:001296648000001,2024,PBA_only,experimental,exact_chunk_DOI_UT,partial,support,0.9674014658411585,machine_unreviewed,yes
run_ed4997cc40ec46a3,Fe-Co-Ni-Mn-Cu,uor_activity,doi:10.1149/1945-7111/ad6d93,source_packet_da4c1b8662373104,10.1149/1945-7111/ad6d93,WOS:001296648000001,2024,PBA_only,experimental,identified_record,none,not_addressed,0.9674014658411585,machine_unreviewed,yes
run_ed4997cc40ec46a3,Fe-Co-Ni-Mn-Cu,alkaline_stability_corrosion,doi:10.1149/1945-7111/ad6d93,source_packet_da4c1b8662373104,10.1149/1945-7111/ad6d93,WOS:001296648000001,2024,PBA_only,experimental,abstract_DOI_UT,contextual,support,0.9674014658411585,machine_unreviewed,yes
run_ed4997cc40ec46a3,Fe-Co-Ni-Mn-Cu,alkaline_stability_corrosion,doi:10.1149/1945-7111/ad6d93,source_packet_da4c1b8662373104,10.1149/1945-7111/ad6d93,WOS:001296648000001,2024,PBA_only,experimental,abstract_DOI_UT,contextual,support,0.9674014658411585,machine_unreviewed,yes
run_ed4997cc40ec46a3,Fe-Co-Ni-Mn-Cu,uor_activity,doi:10.1149/1945-7111/ad6d93,source_packet_da4c1b8662373104,10.1149/1945-7111/ad6d93,WOS:001296648000001,2024,PBA_only,experimental,identified_record,none,not_addressed,0.9674014658411585,machine_unreviewed,yes
run_ed4997cc40ec46a3,Fe-Co-Ni-Mn-Cu,uor_activity,doi:10.1149/1945-7111/ad6d93,source_packet_da4c1b8662373104,10.1149/1945-7111/ad6d93,WOS:001296648000001,2024,PBA_only,experimental,identified_record,none,not_addressed,0.9674014658411585,machine_unreviewed,yes
run_ed4997cc40ec46a3,Fe-Co-Ni-Mn-Cu,pba_structural_compatibility,doi:10.1149/1945-7111/ad6d93,source_packet_da4c1b8662373104,10.1149/1945-7111/ad6d93,WOS:001296648000001,2024,PBA_only,experimental,exact_chunk_DOI_UT,partial,support,0.9674014658411585,machine_unreviewed,yes
run_ed4997cc40ec46a3,Fe-Co-Ni-Mn-Cu,wet_chemical_synthesis,doi:10.1149/1945-7111/ad6d93,source_packet_da4c1b8662373104,10.1149/1945-7111/ad6d93,WOS:001296648000001,2024,PBA_only,experimental,abstract_DOI_UT,contextual,support,0.9674014658411585,machine_unreviewed,yes
run_ed4997cc40ec46a3,Fe-Co-Ni-Mn-Cu,alkaline_stability_corrosion,doi:10.1149/1945-7111/ad6d93,source_packet_da4c1b8662373104,10.1149/1945-7111/ad6d93,WOS:001296648000001,2024,PBA_only,experimental,abstract_DOI_UT,contextual,support,0.9674014658411585,machine_unreviewed,yes
run_ed4997cc40ec46a3,Fe-Co-Ni-Mn-Cu,uor_activity,wos:WOS_72656B9E9245BA6C,source_packet_f3841eaf15a6cd99,,,,direct_PBA_UOR,experimental,identified_record,contextual,support,0.9674014658411585,machine_unreviewed,yes
run_ed4997cc40ec46a3,Fe-Co-Ni-Mn-Cu,uor_activity,wos:WOS_72656B9E9245BA6C,source_packet_f3841eaf15a6cd99,,,,direct_PBA_UOR,experimental,identified_record,contextual,support,0.9674014658411585,machine_unreviewed,yes
run_ed4997cc40ec46a3,Fe-Co-Ni-Mn-Cu,substitution_and_synergy,wos:WOS_72656B9E9245BA6C,source_packet_f3841eaf15a6cd99,,,,direct_PBA_UOR,experimental,identified_record,none,not_addressed,0.9674014658411585,machine_unreviewed,yes
run_ed4997cc40ec46a3,Fe-Co-Ni-Mn-Cu,uor_activity,wos:WOS_72656B9E9245BA6C,source_packet_f3841eaf15a6cd99,,,,direct_PBA_UOR,experimental,identified_record,none,not_addressed,0.9674014658411585,machine_unreviewed,yes
run_ed4997cc40ec46a3,Fe-Co-Ni-Mn-Cu,pba_structural_compatibility,wos:WOS_72656B9E9245BA6C,source_packet_f3841eaf15a6cd99,,,,direct_PBA_UOR,experimental,identified_record,contextual,support,0.9674014658411585,machine_unreviewed,yes
run_ed4997cc40ec46a3,Fe-Co-Ni-Mn-Cu,uor_activity,wos:WOS_72656B9E9245BA6C,source_packet_f3841eaf15a6cd99,,,,direct_PBA_UOR,experimental,identified_record,none,not_addressed,0.9674014658411585,machine_unreviewed,yes
run_ed4997cc40ec46a3,Fe-Co-Ni-Mn-Cu,uor_activity,wos:WOS_72656B9E9245BA6C,source_packet_f3841eaf15a6cd99,,,,direct_PBA_UOR,experimental,identified_record,none,not_addressed,0.9674014658411585,machine_unreviewed,yes
run_ed4997cc40ec46a3,Fe-Co-Ni-Mn-Cu,uor_activity,wos:WOS_72656B9E9245BA6C,source_packet_f3841eaf15a6cd99,,,,direct_PBA_UOR,experimental,identified_record,contextual,support,0.9674014658411585,machine_unreviewed,yes
run_ed4997cc40ec46a3,Fe-Co-Ni-Mn-Cu,pba_structural_compatibility,wos:WOS_72656B9E9245BA6C,source_packet_f3841eaf15a6cd99,,,,direct_PBA_UOR,experimental,identified_record,contextual,support,0.9674014658411585,machine_unreviewed,yes
run_ed4997cc40ec46a3,Fe-Co-Ni-Mn-Cu,wet_chemical_synthesis,wos:WOS_72656B9E9245BA6C,source_packet_f3841eaf15a6cd99,,,,direct_PBA_UOR,experimental,identified_record,contextual,support,0.9674014658411585,machine_unreviewed,yes
run_4c59c2c3497dce9e,Fe-Co-Ni-Mn-Cu,uor_activity,doi:10.1039/d3cc03790h,source_packet_287fbe7fffb2baf1,10.1039/d3cc03790h,WOS:001071224000001,2023,direct_PBA_UOR,experimental,exact_chunk_DOI_UT,partial,support,1,human_accepted,yes
run_4c59c2c3497dce9e,Fe-Co-Ni-Mn-Cu,uor_activity,doi:10.1039/d3cc03790h,source_packet_287fbe7fffb2baf1,10.1039/d3cc03790h,WOS:001071224000001,2023,direct_PBA_UOR,experimental,exact_chunk_DOI_UT,partial,support,1,human_accepted,yes
run_4c59c2c3497dce9e,Fe-Co-Ni-Mn-Cu,substitution_and_synergy,doi:10.1039/d3cc03790h,source_packet_287fbe7fffb2baf1,10.1039/d3cc03790h,WOS:001071224000001,2023,direct_PBA_UOR,experimental,abstract_DOI_UT,contextual,support,1,human_accepted,yes
run_4c59c2c3497dce9e,Fe-Co-Ni-Mn-Cu,uor_activity,doi:10.1039/d3cc03790h,source_packet_287fbe7fffb2baf1,10.1039/d3cc03790h,WOS:001071224000001,2023,direct_PBA_UOR,experimental,exact_chunk_DOI_UT,partial,support,1,human_accepted,yes
run_4c59c2c3497dce9e,Fe-Co-Ni-Mn-Cu,wet_chemical_synthesis,doi:10.1039/d3cc03790h,source_packet_287fbe7fffb2baf1,10.1039/d3cc03790h,WOS:001071224000001,2023,direct_PBA_UOR,experimental,identified_record,none,not_addressed,1,human_accepted,yes
run_4c59c2c3497dce9e,Fe-Co-Ni-Mn-Cu,substitution_and_synergy,doi:10.1039/d3cc03790h,source_packet_287fbe7fffb2baf1,10.1039/d3cc03790h,WOS:001071224000001,2023,direct_PBA_UOR,experimental,abstract_DOI_UT,contextual,support,1,human_accepted,yes
run_4c59c2c3497dce9e,Fe-Co-Ni-Mn-Cu,pba_structural_compatibility,doi:10.1039/d3cc03790h,source_packet_287fbe7fffb2baf1,10.1039/d3cc03790h,WOS:001071224000001,2023,direct_PBA_UOR,experimental,abstract_DOI_UT,contextual,support,1,human_accepted,yes
run_4c59c2c3497dce9e,Fe-Co-Ni-Mn-Cu,uor_activity,doi:10.1039/d3cc03790h,source_packet_287fbe7fffb2baf1,10.1039/d3cc03790h,WOS:001071224000001,2023,direct_PBA_UOR,experimental,exact_chunk_DOI_UT,partial,support,1,human_accepted,yes
run_4c59c2c3497dce9e,Fe-Co-Ni-Mn-Cu,uor_activity,doi:10.1039/d3cc03790h,source_packet_287fbe7fffb2baf1,10.1039/d3cc03790h,WOS:001071224000001,2023,direct_PBA_UOR,experimental,exact_chunk_DOI_UT,partial,support,1,human_accepted,yes
run_4c59c2c3497dce9e,Fe-Co-Ni-Mn-Cu,alkaline_stability_corrosion,doi:10.1039/d3cc03790h,source_packet_287fbe7fffb2baf1,10.1039/d3cc03790h,WOS:001071224000001,2023,direct_PBA_UOR,experimental,identified_record,none,not_addressed,1,human_accepted,yes
run_4c59c2c3497dce9e,Fe-Co-Ni-Mn-Cu,wet_chemical_synthesis,doi:10.1039/d3cc03790h,source_packet_287fbe7fffb2baf1,10.1039/d3cc03790h,WOS:001071224000001,2023,direct_PBA_UOR,experimental,identified_record,none,not_addressed,1,human_accepted,yes
run_4c59c2c3497dce9e,Fe-Co-Ni-Mn-Cu,wet_chemical_synthesis,doi:10.1039/d3cc03790h,source_packet_287fbe7fffb2baf1,10.1039/d3cc03790h,WOS:001071224000001,2023,direct_PBA_UOR,experimental,identified_record,none,not_addressed,1,human_accepted,yes
run_4c59c2c3497dce9e,Fe-Co-Ni-Mn-Cu,pba_structural_compatibility,doi:10.1039/d3cc03790h,source_packet_287fbe7fffb2baf1,10.1039/d3cc03790h,WOS:001071224000001,2023,direct_PBA_UOR,experimental,abstract_DOI_UT,contextual,support,1,human_accepted,yes
run_4c59c2c3497dce9e,Fe-Co-Ni-Mn-Cu,substitution_and_synergy,doi:10.1039/d3cc03790h,source_packet_287fbe7fffb2baf1,10.1039/d3cc03790h,WOS:001071224000001,2023,direct_PBA_UOR,experimental,abstract_DOI_UT,contextual,support,1,human_accepted,yes
run_4c59c2c3497dce9e,Fe-Co-Ni-Mn-Cu,uor_activity,doi:10.1016/j.jallcom.2024.173792,source_packet_53c199f7bfe3cbf4,10.1016/j.jallcom.2024.173792,WOS:001188278700001,2024,substitution,experimental,abstract_DOI_UT,contextual,support,0.9674014658411585,machine_unreviewed,yes
run_4c59c2c3497dce9e,Fe-Co-Ni-Mn-Cu,uor_activity,doi:10.1016/j.jallcom.2024.173792,source_packet_53c199f7bfe3cbf4,10.1016/j.jallcom.2024.173792,WOS:001188278700001,2024,substitution,experimental,abstract_DOI_UT,contextual,support,0.9674014658411585,machine_unreviewed,yes
run_4c59c2c3497dce9e,Fe-Co-Ni-Mn-Cu,wet_chemical_synthesis,doi:10.1016/j.jallcom.2024.173792,source_packet_53c199f7bfe3cbf4,10.1016/j.jallcom.2024.173792,WOS:001188278700001,2024,substitution,experimental,identified_record,none,not_addressed,0.9674014658411585,machine_unreviewed,yes
run_4c59c2c3497dce9e,Fe-Co-Ni-Mn-Cu,substitution_and_synergy,doi:10.1016/j.jallcom.2024.173792,source_packet_53c199f7bfe3cbf4,10.1016/j.jallcom.2024.173792,WOS:001188278700001,2024,substitution,experimental,abstract_DOI_UT,contextual,support,0.9674014658411585,machine_unreviewed,yes
run_4c59c2c3497dce9e,Fe-Co-Ni-Mn-Cu,pba_structural_compatibility,doi:10.1016/j.jallcom.2024.173792,source_packet_53c199f7bfe3cbf4,10.1016/j.jallcom.2024.173792,WOS:001188278700001,2024,substitution,experimental,identified_record,none,not_addressed,0.9674014658411585,machine_unreviewed,yes
run_4c59c2c3497dce9e,Fe-Co-Ni-Mn-Cu,wet_chemical_synthesis,doi:10.1016/j.jallcom.2024.173792,source_packet_53c199f7bfe3cbf4,10.1016/j.jallcom.2024.173792,WOS:001188278700001,2024,substitution,experimental,identified_record,none,not_addressed,0.9674014658411585,machine_unreviewed,yes
run_4c59c2c3497dce9e,Fe-Co-Ni-Mn-Cu,wet_chemical_synthesis,doi:10.1016/j.jallcom.2024.173792,source_packet_53c199f7bfe3cbf4,10.1016/j.jallcom.2024.173792,WOS:001188278700001,2024,substitution,experimental,identified_record,none,not_addressed,0.9674014658411585,machine_unreviewed,yes
run_4c59c2c3497dce9e,Fe-Co-Ni-Mn-Cu,pba_structural_compatibility,doi:10.1016/j.jallcom.2024.173792,source_packet_53c199f7bfe3cbf4,10.1016/j.jallcom.2024.173792,WOS:001188278700001,2024,substitution,experimental,identified_record,none,not_addressed,0.9674014658411585,machine_unreviewed,yes
run_4c59c2c3497dce9e,Fe-Co-Ni-Mn-Cu,uor_activity,wos:WOS_A7A85EDE9F6153F4,source_packet_60a3c52e020f5e97,,,,direct_PBA_UOR,experimental,identified_record,contextual,support,1,human_accepted,yes
run_4c59c2c3497dce9e,Fe-Co-Ni-Mn-Cu,uor_activity,wos:WOS_A7A85EDE9F6153F4,source_packet_60a3c52e020f5e97,,,,direct_PBA_UOR,experimental,identified_record,none,not_addressed,1,human_accepted,yes
run_4c59c2c3497dce9e,Fe-Co-Ni-Mn-Cu,substitution_and_synergy,wos:WOS_A7A85EDE9F6153F4,source_packet_60a3c52e020f5e97,,,,direct_PBA_UOR,experimental,identified_record,none,not_addressed,1,human_accepted,yes
run_4c59c2c3497dce9e,Fe-Co-Ni-Mn-Cu,uor_activity,wos:WOS_A7A85EDE9F6153F4,source_packet_60a3c52e020f5e97,,,,direct_PBA_UOR,experimental,identified_record,contextual,support,1,human_accepted,yes
run_4c59c2c3497dce9e,Fe-Co-Ni-Mn-Cu,wet_chemical_synthesis,wos:WOS_A7A85EDE9F6153F4,source_packet_60a3c52e020f5e97,,,,direct_PBA_UOR,experimental,identified_record,contextual,support,1,human_accepted,yes
run_4c59c2c3497dce9e,Fe-Co-Ni-Mn-Cu,substitution_and_synergy,wos:WOS_A7A85EDE9F6153F4,source_packet_60a3c52e020f5e97,,,,direct_PBA_UOR,experimental,identified_record,none,not_addressed,1,human_accepted,yes
run_4c59c2c3497dce9e,Fe-Co-Ni-Mn-Cu,pba_structural_compatibility,wos:WOS_A7A85EDE9F6153F4,source_packet_60a3c52e020f5e97,,,,direct_PBA_UOR,experimental,identified_record,contextual,support,1,human_accepted,yes
run_4c59c2c3497dce9e,Fe-Co-Ni-Mn-Cu,uor_activity,wos:WOS_A7A85EDE9F6153F4,source_packet_60a3c52e020f5e97,,,,direct_PBA_UOR,experimental,identified_record,contextual,support,1,human_accepted,yes
run_4c59c2c3497dce9e,Fe-Co-Ni-Mn-Cu,uor_activity,wos:WOS_A7A85EDE9F6153F4,source_packet_60a3c52e020f5e97,,,,direct_PBA_UOR,experimental,identified_record,contextual,support,1,human_accepted,yes
run_4c59c2c3497dce9e,Fe-Co-Ni-Mn-Cu,wet_chemical_synthesis,wos:WOS_A7A85EDE9F6153F4,source_packet_60a3c52e020f5e97,,,,direct_PBA_UOR,experimental,identified_record,contextual,support,1,human_accepted,yes
run_4c59c2c3497dce9e,Fe-Co-Ni-Mn-Cu,wet_chemical_synthesis,wos:WOS_A7A85EDE9F6153F4,source_packet_60a3c52e020f5e97,,,,direct_PBA_UOR,experimental,identified_record,contextual,support,1,human_accepted,yes
run_4c59c2c3497dce9e,Fe-Co-Ni-Mn-Cu,pba_structural_compatibility,wos:WOS_A7A85EDE9F6153F4,source_packet_60a3c52e020f5e97,,,,direct_PBA_UOR,experimental,identified_record,contextual,support,1,human_accepted,yes
run_4c59c2c3497dce9e,Fe-Co-Ni-Mn-Cu,substitution_and_synergy,wos:WOS_A7A85EDE9F6153F4,source_packet_60a3c52e020f5e97,,,,direct_PBA_UOR,experimental,identified_record,none,not_addressed,1,human_accepted,yes
run_4c59c2c3497dce9e,Fe-Co-Ni-Mn-Cu,uor_activity,wos:WOS_8ACB40B567BA3645,source_packet_a4f731bc927bad60,,,,PBA_only,experimental,identified_record,contextual,support,0.9674014658411585,machine_unreviewed,yes
run_4c59c2c3497dce9e,Fe-Co-Ni-Mn-Cu,uor_activity,wos:WOS_8ACB40B567BA3645,source_packet_a4f731bc927bad60,,,,PBA_only,experimental,identified_record,contextual,support,0.9674014658411585,machine_unreviewed,yes
run_4c59c2c3497dce9e,Fe-Co-Ni-Mn-Cu,pba_structural_compatibility,wos:WOS_8ACB40B567BA3645,source_packet_a4f731bc927bad60,,,,PBA_only,experimental,identified_record,contextual,support,0.9674014658411585,machine_unreviewed,yes
run_4c59c2c3497dce9e,Fe-Co-Ni-Mn-Cu,uor_activity,wos:WOS_8ACB40B567BA3645,source_packet_a4f731bc927bad60,,,,PBA_only,experimental,identified_record,contextual,support,0.9674014658411585,machine_unreviewed,yes
run_4c59c2c3497dce9e,Fe-Co-Ni-Mn-Cu,alkaline_stability_corrosion,wos:WOS_8ACB40B567BA3645,source_packet_a4f731bc927bad60,,,,PBA_only,experimental,identified_record,none,not_addressed,0.9674014658411585,machine_unreviewed,yes
run_4c59c2c3497dce9e,Fe-Co-Ni-Mn-Cu,uor_activity,doi:10.1021/acs.jpcc.3c04283,source_packet_adfad0e31669c96e,10.1021/acs.jpcc.3c04283,WOS:001040362600001,2023,UOR_only,experimental,abstract_DOI_UT,contextual,support,0.9674014658411585,machine_unreviewed,yes
run_4c59c2c3497dce9e,Fe-Co-Ni-Mn-Cu,uor_activity,doi:10.1021/acs.jpcc.3c04283,source_packet_adfad0e31669c96e,10.1021/acs.jpcc.3c04283,WOS:001040362600001,2023,UOR_only,experimental,abstract_DOI_UT,contextual,support,0.9674014658411585,machine_unreviewed,yes
run_4c59c2c3497dce9e,Fe-Co-Ni-Mn-Cu,substitution_and_synergy,doi:10.1021/acs.jpcc.3c04283,source_packet_adfad0e31669c96e,10.1021/acs.jpcc.3c04283,WOS:001040362600001,2023,UOR_only,experimental,abstract_DOI_UT,contextual,support,0.9674014658411585,machine_unreviewed,yes
run_4c59c2c3497dce9e,Fe-Co-Ni-Mn-Cu,uor_activity,doi:10.1021/acs.jpcc.3c04283,source_packet_adfad0e31669c96e,10.1021/acs.jpcc.3c04283,WOS:001040362600001,2023,UOR_only,experimental,exact_chunk_DOI_UT,partial,support,0.9674014658411585,machine_unreviewed,yes
run_4c59c2c3497dce9e,Fe-Co-Ni-Mn-Cu,substitution_and_synergy,doi:10.1021/acs.jpcc.3c04283,source_packet_adfad0e31669c96e,10.1021/acs.jpcc.3c04283,WOS:001040362600001,2023,UOR_only,experimental,abstract_DOI_UT,contextual,support,0.9674014658411585,machine_unreviewed,yes
run_4c59c2c3497dce9e,Fe-Co-Ni-Mn-Cu,uor_activity,doi:10.1021/acs.jpcc.3c04283,source_packet_adfad0e31669c96e,10.1021/acs.jpcc.3c04283,WOS:001040362600001,2023,UOR_only,experimental,exact_chunk_DOI_UT,partial,support,0.9674014658411585,machine_unreviewed,yes
run_4c59c2c3497dce9e,Fe-Co-Ni-Mn-Cu,uor_activity,doi:10.1021/acs.jpcc.3c04283,source_packet_adfad0e31669c96e,10.1021/acs.jpcc.3c04283,WOS:001040362600001,2023,UOR_only,experimental,exact_chunk_DOI_UT,partial,support,0.9674014658411585,machine_unreviewed,yes
run_4c59c2c3497dce9e,Fe-Co-Ni-Mn-Cu,alkaline_stability_corrosion,doi:10.1021/acs.jpcc.3c04283,source_packet_adfad0e31669c96e,10.1021/acs.jpcc.3c04283,WOS:001040362600001,2023,UOR_only,experimental,identified_record,none,not_addressed,0.9674014658411585,machine_unreviewed,yes
run_4c59c2c3497dce9e,Fe-Co-Ni-Mn-Cu,substitution_and_synergy,doi:10.1021/acs.jpcc.3c04283,source_packet_adfad0e31669c96e,10.1021/acs.jpcc.3c04283,WOS:001040362600001,2023,UOR_only,experimental,abstract_DOI_UT,contextual,support,0.9674014658411585,machine_unreviewed,yes
run_4c59c2c3497dce9e,Fe-Co-Ni-Mn-Cu,uor_activity,wos:WOS_BF87CE3579119E47,source_packet_bbacbf10477258e9,,,,direct_PBA_UOR,experimental,identified_record,contextual,support,1,human_accepted,yes
run_4c59c2c3497dce9e,Fe-Co-Ni-Mn-Cu,uor_activity,wos:WOS_BF87CE3579119E47,source_packet_bbacbf10477258e9,,,,direct_PBA_UOR,experimental,identified_record,contextual,support,1,human_accepted,yes
run_4c59c2c3497dce9e,Fe-Co-Ni-Mn-Cu,substitution_and_synergy,wos:WOS_BF87CE3579119E47,source_packet_bbacbf10477258e9,,,,direct_PBA_UOR,experimental,identified_record,none,not_addressed,1,human_accepted,yes
run_4c59c2c3497dce9e,Fe-Co-Ni-Mn-Cu,uor_activity,wos:WOS_BF87CE3579119E47,source_packet_bbacbf10477258e9,,,,direct_PBA_UOR,experimental,identified_record,contextual,support,1,human_accepted,yes
run_4c59c2c3497dce9e,Fe-Co-Ni-Mn-Cu,wet_chemical_synthesis,wos:WOS_BF87CE3579119E47,source_packet_bbacbf10477258e9,,,,direct_PBA_UOR,experimental,identified_record,contextual,support,1,human_accepted,yes
run_4c59c2c3497dce9e,Fe-Co-Ni-Mn-Cu,substitution_and_synergy,wos:WOS_BF87CE3579119E47,source_packet_bbacbf10477258e9,,,,direct_PBA_UOR,experimental,identified_record,none,not_addressed,1,human_accepted,yes
run_4c59c2c3497dce9e,Fe-Co-Ni-Mn-Cu,pba_structural_compatibility,wos:WOS_BF87CE3579119E47,source_packet_bbacbf10477258e9,,,,direct_PBA_UOR,experimental,identified_record,contextual,support,1,human_accepted,yes
run_4c59c2c3497dce9e,Fe-Co-Ni-Mn-Cu,uor_activity,wos:WOS_BF87CE3579119E47,source_packet_bbacbf10477258e9,,,,direct_PBA_UOR,experimental,identified_record,contextual,support,1,human_accepted,yes
run_4c59c2c3497dce9e,Fe-Co-Ni-Mn-Cu,uor_activity,wos:WOS_BF87CE3579119E47,source_packet_bbacbf10477258e9,,,,direct_PBA_UOR,experimental,identified_record,contextual,support,1,human_accepted,yes
run_4c59c2c3497dce9e,Fe-Co-Ni-Mn-Cu,alkaline_stability_corrosion,wos:WOS_BF87CE3579119E47,source_packet_bbacbf10477258e9,,,,direct_PBA_UOR,experimental,identified_record,none,not_addressed,1,human_accepted,yes
run_4c59c2c3497dce9e,Fe-Co-Ni-Mn-Cu,wet_chemical_synthesis,wos:WOS_BF87CE3579119E47,source_packet_bbacbf10477258e9,,,,direct_PBA_UOR,experimental,identified_record,contextual,support,1,human_accepted,yes
run_4c59c2c3497dce9e,Fe-Co-Ni-Mn-Cu,wet_chemical_synthesis,wos:WOS_BF87CE3579119E47,source_packet_bbacbf10477258e9,,,,direct_PBA_UOR,experimental,identified_record,contextual,support,1,human_accepted,yes
run_4c59c2c3497dce9e,Fe-Co-Ni-Mn-Cu,pba_structural_compatibility,wos:WOS_BF87CE3579119E47,source_packet_bbacbf10477258e9,,,,direct_PBA_UOR,experimental,identified_record,contextual,support,1,human_accepted,yes
run_4c59c2c3497dce9e,Fe-Co-Ni-Mn-Cu,substitution_and_synergy,wos:WOS_BF87CE3579119E47,source_packet_bbacbf10477258e9,,,,direct_PBA_UOR,experimental,identified_record,none,not_addressed,1,human_accepted,yes
run_4c59c2c3497dce9e,Fe-Co-Ni-Mn-Cu,uor_activity,doi:10.1021/acs.inorgchem.2c04465,source_packet_e9570a6a85d7baf5,10.1021/acs.inorgchem.2c04465,WOS:000938761100001,2023,direct_PBA_UOR,experimental,exact_chunk_DOI_UT,partial,support,1,human_accepted,yes
run_4c59c2c3497dce9e,Fe-Co-Ni-Mn-Cu,uor_activity,doi:10.1021/acs.inorgchem.2c04465,source_packet_e9570a6a85d7baf5,10.1021/acs.inorgchem.2c04465,WOS:000938761100001,2023,direct_PBA_UOR,experimental,exact_chunk_DOI_UT,partial,support,1,human_accepted,yes
run_4c59c2c3497dce9e,Fe-Co-Ni-Mn-Cu,substitution_and_synergy,doi:10.1021/acs.inorgchem.2c04465,source_packet_e9570a6a85d7baf5,10.1021/acs.inorgchem.2c04465,WOS:000938761100001,2023,direct_PBA_UOR,experimental,exact_chunk_DOI_UT,partial,support,1,human_accepted,yes
run_4c59c2c3497dce9e,Fe-Co-Ni-Mn-Cu,wet_chemical_synthesis,doi:10.1021/acs.inorgchem.2c04465,source_packet_e9570a6a85d7baf5,10.1021/acs.inorgchem.2c04465,WOS:000938761100001,2023,direct_PBA_UOR,experimental,identified_record,none,not_addressed,1,human_accepted,yes
run_4c59c2c3497dce9e,Fe-Co-Ni-Mn-Cu,substitution_and_synergy,doi:10.1021/acs.inorgchem.2c04465,source_packet_e9570a6a85d7baf5,10.1021/acs.inorgchem.2c04465,WOS:000938761100001,2023,direct_PBA_UOR,experimental,exact_chunk_DOI_UT,partial,support,1,human_accepted,yes
run_4c59c2c3497dce9e,Fe-Co-Ni-Mn-Cu,pba_structural_compatibility,doi:10.1021/acs.inorgchem.2c04465,source_packet_e9570a6a85d7baf5,10.1021/acs.inorgchem.2c04465,WOS:000938761100001,2023,direct_PBA_UOR,experimental,abstract_DOI_UT,contextual,support,1,human_accepted,yes
run_4c59c2c3497dce9e,Fe-Co-Ni-Mn-Cu,alkaline_stability_corrosion,doi:10.1021/acs.inorgchem.2c04465,source_packet_e9570a6a85d7baf5,10.1021/acs.inorgchem.2c04465,WOS:000938761100001,2023,direct_PBA_UOR,experimental,abstract_DOI_UT,contextual,support,1,human_accepted,yes
run_4c59c2c3497dce9e,Fe-Co-Ni-Mn-Cu,wet_chemical_synthesis,doi:10.1021/acs.inorgchem.2c04465,source_packet_e9570a6a85d7baf5,10.1021/acs.inorgchem.2c04465,WOS:000938761100001,2023,direct_PBA_UOR,experimental,identified_record,none,not_addressed,1,human_accepted,yes
run_4c59c2c3497dce9e,Fe-Co-Ni-Mn-Cu,wet_chemical_synthesis,doi:10.1021/acs.inorgchem.2c04465,source_packet_e9570a6a85d7baf5,10.1021/acs.inorgchem.2c04465,WOS:000938761100001,2023,direct_PBA_UOR,experimental,identified_record,none,not_addressed,1,human_accepted,yes
run_4c59c2c3497dce9e,Fe-Co-Ni-Mn-Cu,pba_structural_compatibility,doi:10.1021/acs.inorgchem.2c04465,source_packet_e9570a6a85d7baf5,10.1021/acs.inorgchem.2c04465,WOS:000938761100001,2023,direct_PBA_UOR,experimental,abstract_DOI_UT,contextual,support,1,human_accepted,yes
run_777dbcb559ff5378,Fe-Co-Ni-Mn-Zn,pba_structural_compatibility,wos:WOS_8554DB997A126623,source_packet_0b4d88c19644ace4,,,,substitution,experimental,identified_record,none,not_addressed,0.9674014658411585,machine_unreviewed,yes
run_777dbcb559ff5378,Fe-Co-Ni-Mn-Zn,uor_activity,wos:WOS_8554DB997A126623,source_packet_0b4d88c19644ace4,,,,substitution,experimental,identified_record,contextual,support,0.9674014658411585,machine_unreviewed,yes
run_777dbcb559ff5378,Fe-Co-Ni-Mn-Zn,substitution_and_synergy,wos:WOS_8554DB997A126623,source_packet_0b4d88c19644ace4,,,,substitution,experimental,identified_record,contextual,support,0.9674014658411585,machine_unreviewed,yes
run_777dbcb559ff5378,Fe-Co-Ni-Mn-Zn,uor_activity,wos:WOS_8554DB997A126623,source_packet_0b4d88c19644ace4,,,,substitution,experimental,identified_record,contextual,support,0.9674014658411585,machine_unreviewed,yes
run_777dbcb559ff5378,Fe-Co-Ni-Mn-Zn,uor_activity,wos:WOS_8554DB997A126623,source_packet_0b4d88c19644ace4,,,,substitution,experimental,identified_record,contextual,support,0.9674014658411585,machine_unreviewed,yes
run_777dbcb559ff5378,Fe-Co-Ni-Mn-Zn,pba_structural_compatibility,wos:WOS_8554DB997A126623,source_packet_0b4d88c19644ace4,,,,substitution,experimental,identified_record,none,not_addressed,0.9674014658411585,machine_unreviewed,yes
run_777dbcb559ff5378,Fe-Co-Ni-Mn-Zn,alkaline_stability_corrosion,wos:WOS_8554DB997A126623,source_packet_0b4d88c19644ace4,,,,substitution,experimental,identified_record,contextual,support,0.9674014658411585,machine_unreviewed,yes
run_777dbcb559ff5378,Fe-Co-Ni-Mn-Zn,substitution_and_synergy,wos:WOS_8554DB997A126623,source_packet_0b4d88c19644ace4,,,,substitution,experimental,identified_record,contextual,support,0.9674014658411585,machine_unreviewed,yes
run_777dbcb559ff5378,Fe-Co-Ni-Mn-Zn,substitution_and_synergy,wos:WOS_8554DB997A126623,source_packet_0b4d88c19644ace4,,,,substitution,experimental,identified_record,contextual,support,0.9674014658411585,machine_unreviewed,yes
run_777dbcb559ff5378,Fe-Co-Ni-Mn-Zn,wet_chemical_synthesis,wos:WOS_8554DB997A126623,source_packet_0b4d88c19644ace4,,,,substitution,experimental,identified_record,none,not_addressed,0.9674014658411585,machine_unreviewed,yes
run_777dbcb559ff5378,Fe-Co-Ni-Mn-Zn,pba_structural_compatibility,wos:WOS_8554DB997A126623,source_packet_0b4d88c19644ace4,,,,substitution,experimental,identified_record,none,not_addressed,0.9674014658411585,machine_unreviewed,yes
run_777dbcb559ff5378,Fe-Co-Ni-Mn-Zn,alkaline_stability_corrosion,wos:WOS_8554DB997A126623,source_packet_0b4d88c19644ace4,,,,substitution,experimental,identified_record,contextual,support,0.9674014658411585,machine_unreviewed,yes
run_777dbcb559ff5378,Fe-Co-Ni-Mn-Zn,uor_activity,wos:WOS_8554DB997A126623,source_packet_0b4d88c19644ace4,,,,substitution,experimental,identified_record,contextual,support,0.9674014658411585,machine_unreviewed,yes
run_777dbcb559ff5378,Fe-Co-Ni-Mn-Zn,wet_chemical_synthesis,wos:WOS_8554DB997A126623,source_packet_0b4d88c19644ace4,,,,substitution,experimental,identified_record,none,not_addressed,0.9674014658411585,machine_unreviewed,yes
run_777dbcb559ff5378,Fe-Co-Ni-Mn-Zn,pba_structural_compatibility,doi:10.1039/d2cc06010h,source_packet_4ca1b3c310d481fe,10.1039/d2cc06010h,WOS:000902087700001,2023,substitution,experimental,identified_record,none,not_addressed,0.9674014658411585,machine_unreviewed,yes
run_777dbcb559ff5378,Fe-Co-Ni-Mn-Zn,uor_activity,doi:10.1039/d2cc06010h,source_packet_4ca1b3c310d481fe,10.1039/d2cc06010h,WOS:000902087700001,2023,substitution,experimental,exact_chunk_DOI_UT,partial,support,0.9674014658411585,machine_unreviewed,yes
run_777dbcb559ff5378,Fe-Co-Ni-Mn-Zn,substitution_and_synergy,doi:10.1039/d2cc06010h,source_packet_4ca1b3c310d481fe,10.1039/d2cc06010h,WOS:000902087700001,2023,substitution,experimental,exact_chunk_DOI_UT,partial,support,0.9674014658411585,machine_unreviewed,yes
run_777dbcb559ff5378,Fe-Co-Ni-Mn-Zn,uor_activity,doi:10.1039/d2cc06010h,source_packet_4ca1b3c310d481fe,10.1039/d2cc06010h,WOS:000902087700001,2023,substitution,experimental,abstract_DOI_UT,contextual,support,0.9674014658411585,machine_unreviewed,yes
run_777dbcb559ff5378,Fe-Co-Ni-Mn-Zn,uor_activity,doi:10.1039/d2cc06010h,source_packet_4ca1b3c310d481fe,10.1039/d2cc06010h,WOS:000902087700001,2023,substitution,experimental,abstract_DOI_UT,contextual,support,0.9674014658411585,machine_unreviewed,yes
run_777dbcb559ff5378,Fe-Co-Ni-Mn-Zn,pba_structural_compatibility,doi:10.1039/d2cc06010h,source_packet_4ca1b3c310d481fe,10.1039/d2cc06010h,WOS:000902087700001,2023,substitution,experimental,identified_record,none,not_addressed,0.9674014658411585,machine_unreviewed,yes
run_777dbcb559ff5378,Fe-Co-Ni-Mn-Zn,alkaline_stability_corrosion,doi:10.1039/d2cc06010h,source_packet_4ca1b3c310d481fe,10.1039/d2cc06010h,WOS:000902087700001,2023,substitution,experimental,abstract_DOI_UT,contextual,support,0.9674014658411585,machine_unreviewed,yes
run_777dbcb559ff5378,Fe-Co-Ni-Mn-Zn,substitution_and_synergy,doi:10.1039/d2cc06010h,source_packet_4ca1b3c310d481fe,10.1039/d2cc06010h,WOS:000902087700001,2023,substitution,experimental,exact_chunk_DOI_UT,partial,support,0.9674014658411585,machine_unreviewed,yes
run_777dbcb559ff5378,Fe-Co-Ni-Mn-Zn,wet_chemical_synthesis,doi:10.1039/d2cc06010h,source_packet_4ca1b3c310d481fe,10.1039/d2cc06010h,WOS:000902087700001,2023,substitution,experimental,identified_record,none,not_addressed,0.9674014658411585,machine_unreviewed,yes
run_777dbcb559ff5378,Fe-Co-Ni-Mn-Zn,pba_structural_compatibility,doi:10.1039/d2cc06010h,source_packet_4ca1b3c310d481fe,10.1039/d2cc06010h,WOS:000902087700001,2023,substitution,experimental,identified_record,none,not_addressed,0.9674014658411585,machine_unreviewed,yes
run_777dbcb559ff5378,Fe-Co-Ni-Mn-Zn,alkaline_stability_corrosion,doi:10.1039/d2cc06010h,source_packet_4ca1b3c310d481fe,10.1039/d2cc06010h,WOS:000902087700001,2023,substitution,experimental,abstract_DOI_UT,contextual,support,0.9674014658411585,machine_unreviewed,yes
run_777dbcb559ff5378,Fe-Co-Ni-Mn-Zn,uor_activity,doi:10.1039/d2cc06010h,source_packet_4ca1b3c310d481fe,10.1039/d2cc06010h,WOS:000902087700001,2023,substitution,experimental,exact_chunk_DOI_UT,partial,support,0.9674014658411585,machine_unreviewed,yes
run_777dbcb559ff5378,Fe-Co-Ni-Mn-Zn,wet_chemical_synthesis,doi:10.1039/d2cc06010h,source_packet_4ca1b3c310d481fe,10.1039/d2cc06010h,WOS:000902087700001,2023,substitution,experimental,identified_record,none,not_addressed,0.9674014658411585,machine_unreviewed,yes
run_777dbcb559ff5378,Fe-Co-Ni-Mn-Zn,pba_structural_compatibility,wos:WOS_1ADC2FB558D8F030,source_packet_6a91c83b674323b4,,,,direct_PBA_UOR,experimental,identified_record,contextual,support,0.9674014658411585,machine_unreviewed,yes
run_777dbcb559ff5378,Fe-Co-Ni-Mn-Zn,uor_activity,wos:WOS_1ADC2FB558D8F030,source_packet_6a91c83b674323b4,,,,direct_PBA_UOR,experimental,identified_record,contextual,support,0.9674014658411585,machine_unreviewed,yes
run_777dbcb559ff5378,Fe-Co-Ni-Mn-Zn,substitution_and_synergy,wos:WOS_1ADC2FB558D8F030,source_packet_6a91c83b674323b4,,,,direct_PBA_UOR,experimental,identified_record,none,not_addressed,0.9674014658411585,machine_unreviewed,yes
run_777dbcb559ff5378,Fe-Co-Ni-Mn-Zn,uor_activity,wos:WOS_1ADC2FB558D8F030,source_packet_6a91c83b674323b4,,,,direct_PBA_UOR,experimental,identified_record,contextual,support,0.9674014658411585,machine_unreviewed,yes
run_777dbcb559ff5378,Fe-Co-Ni-Mn-Zn,uor_activity,wos:WOS_1ADC2FB558D8F030,source_packet_6a91c83b674323b4,,,,direct_PBA_UOR,experimental,identified_record,contextual,support,0.9674014658411585,machine_unreviewed,yes
run_777dbcb559ff5378,Fe-Co-Ni-Mn-Zn,pba_structural_compatibility,wos:WOS_1ADC2FB558D8F030,source_packet_6a91c83b674323b4,,,,direct_PBA_UOR,experimental,identified_record,contextual,support,0.9674014658411585,machine_unreviewed,yes
run_777dbcb559ff5378,Fe-Co-Ni-Mn-Zn,alkaline_stability_corrosion,wos:WOS_1ADC2FB558D8F030,source_packet_6a91c83b674323b4,,,,direct_PBA_UOR,experimental,identified_record,none,not_addressed,0.9674014658411585,machine_unreviewed,yes
run_777dbcb559ff5378,Fe-Co-Ni-Mn-Zn,substitution_and_synergy,wos:WOS_1ADC2FB558D8F030,source_packet_6a91c83b674323b4,,,,direct_PBA_UOR,experimental,identified_record,none,not_addressed,0.9674014658411585,machine_unreviewed,yes
run_777dbcb559ff5378,Fe-Co-Ni-Mn-Zn,substitution_and_synergy,wos:WOS_1ADC2FB558D8F030,source_packet_6a91c83b674323b4,,,,direct_PBA_UOR,experimental,identified_record,none,not_addressed,0.9674014658411585,machine_unreviewed,yes
run_777dbcb559ff5378,Fe-Co-Ni-Mn-Zn,wet_chemical_synthesis,wos:WOS_1ADC2FB558D8F030,source_packet_6a91c83b674323b4,,,,direct_PBA_UOR,experimental,identified_record,contextual,support,0.9674014658411585,machine_unreviewed,yes
run_777dbcb559ff5378,Fe-Co-Ni-Mn-Zn,pba_structural_compatibility,wos:WOS_1ADC2FB558D8F030,source_packet_6a91c83b674323b4,,,,direct_PBA_UOR,experimental,identified_record,contextual,support,0.9674014658411585,machine_unreviewed,yes
run_777dbcb559ff5378,Fe-Co-Ni-Mn-Zn,alkaline_stability_corrosion,wos:WOS_1ADC2FB558D8F030,source_packet_6a91c83b674323b4,,,,direct_PBA_UOR,experimental,identified_record,none,not_addressed,0.9674014658411585,machine_unreviewed,yes
run_777dbcb559ff5378,Fe-Co-Ni-Mn-Zn,uor_activity,wos:WOS_1ADC2FB558D8F030,source_packet_6a91c83b674323b4,,,,direct_PBA_UOR,experimental,identified_record,contextual,support,0.9674014658411585,machine_unreviewed,yes
run_777dbcb559ff5378,Fe-Co-Ni-Mn-Zn,wet_chemical_synthesis,wos:WOS_1ADC2FB558D8F030,source_packet_6a91c83b674323b4,,,,direct_PBA_UOR,experimental,identified_record,contextual,support,0.9674014658411585,machine_unreviewed,yes
run_777dbcb559ff5378,Fe-Co-Ni-Mn-Zn,pba_structural_compatibility,wos:WOS_A7A85EDE9F6153F4,source_packet_c84a7f40aea14161,,,,direct_PBA_UOR,experimental,identified_record,contextual,support,0.9674014658411585,machine_unreviewed,yes
run_777dbcb559ff5378,Fe-Co-Ni-Mn-Zn,uor_activity,wos:WOS_A7A85EDE9F6153F4,source_packet_c84a7f40aea14161,,,,direct_PBA_UOR,experimental,identified_record,contextual,support,0.9674014658411585,machine_unreviewed,yes
run_777dbcb559ff5378,Fe-Co-Ni-Mn-Zn,substitution_and_synergy,wos:WOS_A7A85EDE9F6153F4,source_packet_c84a7f40aea14161,,,,direct_PBA_UOR,experimental,identified_record,none,not_addressed,0.9674014658411585,machine_unreviewed,yes
run_777dbcb559ff5378,Fe-Co-Ni-Mn-Zn,uor_activity,wos:WOS_A7A85EDE9F6153F4,source_packet_c84a7f40aea14161,,,,direct_PBA_UOR,experimental,identified_record,none,not_addressed,0.9674014658411585,machine_unreviewed,yes
run_777dbcb559ff5378,Fe-Co-Ni-Mn-Zn,uor_activity,wos:WOS_A7A85EDE9F6153F4,source_packet_c84a7f40aea14161,,,,direct_PBA_UOR,experimental,identified_record,none,not_addressed,0.9674014658411585,machine_unreviewed,yes
run_777dbcb559ff5378,Fe-Co-Ni-Mn-Zn,pba_structural_compatibility,wos:WOS_A7A85EDE9F6153F4,source_packet_c84a7f40aea14161,,,,direct_PBA_UOR,experimental,identified_record,contextual,support,0.9674014658411585,machine_unreviewed,yes
run_777dbcb559ff5378,Fe-Co-Ni-Mn-Zn,substitution_and_synergy,wos:WOS_A7A85EDE9F6153F4,source_packet_c84a7f40aea14161,,,,direct_PBA_UOR,experimental,identified_record,none,not_addressed,0.9674014658411585,machine_unreviewed,yes
run_777dbcb559ff5378,Fe-Co-Ni-Mn-Zn,substitution_and_synergy,wos:WOS_A7A85EDE9F6153F4,source_packet_c84a7f40aea14161,,,,direct_PBA_UOR,experimental,identified_record,none,not_addressed,0.9674014658411585,machine_unreviewed,yes
run_777dbcb559ff5378,Fe-Co-Ni-Mn-Zn,wet_chemical_synthesis,wos:WOS_A7A85EDE9F6153F4,source_packet_c84a7f40aea14161,,,,direct_PBA_UOR,experimental,identified_record,contextual,support,0.9674014658411585,machine_unreviewed,yes
run_777dbcb559ff5378,Fe-Co-Ni-Mn-Zn,pba_structural_compatibility,wos:WOS_A7A85EDE9F6153F4,source_packet_c84a7f40aea14161,,,,direct_PBA_UOR,experimental,identified_record,contextual,support,0.9674014658411585,machine_unreviewed,yes
run_777dbcb559ff5378,Fe-Co-Ni-Mn-Zn,uor_activity,wos:WOS_A7A85EDE9F6153F4,source_packet_c84a7f40aea14161,,,,direct_PBA_UOR,experimental,identified_record,contextual,support,0.9674014658411585,machine_unreviewed,yes
run_777dbcb559ff5378,Fe-Co-Ni-Mn-Zn,wet_chemical_synthesis,wos:WOS_A7A85EDE9F6153F4,source_packet_c84a7f40aea14161,,,,direct_PBA_UOR,experimental,identified_record,contextual,support,0.9674014658411585,machine_unreviewed,yes
run_5ca33401d63c3d35,Fe-Co-Ni-Mn-Zn,uor_activity,doi:10.1002/aenm.202401729,source_packet_06e6b1a89da493ec,10.1002/aenm.202401729,WOS:001220257200001,2024,PBA_only,experimental,identified_record,none,not_addressed,0.9674014658411585,machine_unreviewed,yes
run_5ca33401d63c3d35,Fe-Co-Ni-Mn-Zn,substitution_and_synergy,doi:10.1002/aenm.202401729,source_packet_06e6b1a89da493ec,10.1002/aenm.202401729,WOS:001220257200001,2024,PBA_only,experimental,identified_record,none,not_addressed,0.9674014658411585,machine_unreviewed,yes
run_5ca33401d63c3d35,Fe-Co-Ni-Mn-Zn,uor_activity,doi:10.1002/aenm.202401729,source_packet_06e6b1a89da493ec,10.1002/aenm.202401729,WOS:001220257200001,2024,PBA_only,experimental,identified_record,none,not_addressed,0.9674014658411585,machine_unreviewed,yes
run_5ca33401d63c3d35,Fe-Co-Ni-Mn-Zn,uor_activity,doi:10.1002/aenm.202401729,source_packet_06e6b1a89da493ec,10.1002/aenm.202401729,WOS:001220257200001,2024,PBA_only,experimental,identified_record,none,not_addressed,0.9674014658411585,machine_unreviewed,yes
run_5ca33401d63c3d35,Fe-Co-Ni-Mn-Zn,substitution_and_synergy,doi:10.1002/aenm.202401729,source_packet_06e6b1a89da493ec,10.1002/aenm.202401729,WOS:001220257200001,2024,PBA_only,experimental,identified_record,none,not_addressed,0.9674014658411585,machine_unreviewed,yes
run_5ca33401d63c3d35,Fe-Co-Ni-Mn-Zn,uor_activity,doi:10.1002/aenm.202401729,source_packet_06e6b1a89da493ec,10.1002/aenm.202401729,WOS:001220257200001,2024,PBA_only,experimental,identified_record,none,not_addressed,0.9674014658411585,machine_unreviewed,yes
run_5ca33401d63c3d35,Fe-Co-Ni-Mn-Zn,uor_activity,wos:WOS_1ADC2FB558D8F030,source_packet_0aa01a7e58701458,,,,direct_PBA_UOR,experimental,identified_record,contextual,support,1,human_accepted,yes
run_5ca33401d63c3d35,Fe-Co-Ni-Mn-Zn,substitution_and_synergy,wos:WOS_1ADC2FB558D8F030,source_packet_0aa01a7e58701458,,,,direct_PBA_UOR,experimental,identified_record,none,not_addressed,1,human_accepted,yes
run_5ca33401d63c3d35,Fe-Co-Ni-Mn-Zn,wet_chemical_synthesis,wos:WOS_1ADC2FB558D8F030,source_packet_0aa01a7e58701458,,,,direct_PBA_UOR,experimental,identified_record,contextual,support,1,human_accepted,yes
run_5ca33401d63c3d35,Fe-Co-Ni-Mn-Zn,uor_activity,wos:WOS_1ADC2FB558D8F030,source_packet_0aa01a7e58701458,,,,direct_PBA_UOR,experimental,identified_record,contextual,support,1,human_accepted,yes
run_5ca33401d63c3d35,Fe-Co-Ni-Mn-Zn,alkaline_stability_corrosion,wos:WOS_1ADC2FB558D8F030,source_packet_0aa01a7e58701458,,,,direct_PBA_UOR,experimental,identified_record,none,not_addressed,1,human_accepted,yes
run_5ca33401d63c3d35,Fe-Co-Ni-Mn-Zn,uor_activity,wos:WOS_1ADC2FB558D8F030,source_packet_0aa01a7e58701458,,,,direct_PBA_UOR,experimental,identified_record,contextual,support,1,human_accepted,yes
run_5ca33401d63c3d35,Fe-Co-Ni-Mn-Zn,substitution_and_synergy,wos:WOS_1ADC2FB558D8F030,source_packet_0aa01a7e58701458,,,,direct_PBA_UOR,experimental,identified_record,none,not_addressed,1,human_accepted,yes
run_5ca33401d63c3d35,Fe-Co-Ni-Mn-Zn,pba_structural_compatibility,wos:WOS_1ADC2FB558D8F030,source_packet_0aa01a7e58701458,,,,direct_PBA_UOR,experimental,identified_record,contextual,support,1,human_accepted,yes
run_5ca33401d63c3d35,Fe-Co-Ni-Mn-Zn,uor_activity,wos:WOS_1ADC2FB558D8F030,source_packet_0aa01a7e58701458,,,,direct_PBA_UOR,experimental,identified_record,contextual,support,1,human_accepted,yes
run_5ca33401d63c3d35,Fe-Co-Ni-Mn-Zn,pba_structural_compatibility,wos:WOS_1ADC2FB558D8F030,source_packet_0aa01a7e58701458,,,,direct_PBA_UOR,experimental,identified_record,contextual,support,1,human_accepted,yes
run_5ca33401d63c3d35,Fe-Co-Ni-Mn-Zn,alkaline_stability_corrosion,wos:WOS_1ADC2FB558D8F030,source_packet_0aa01a7e58701458,,,,direct_PBA_UOR,experimental,identified_record,none,not_addressed,1,human_accepted,yes
run_5ca33401d63c3d35,Fe-Co-Ni-Mn-Zn,pba_structural_compatibility,wos:WOS_1ADC2FB558D8F030,source_packet_0aa01a7e58701458,,,,direct_PBA_UOR,experimental,identified_record,contextual,support,1,human_accepted,yes
run_5ca33401d63c3d35,Fe-Co-Ni-Mn-Zn,alkaline_stability_corrosion,wos:WOS_1ADC2FB558D8F030,source_packet_0aa01a7e58701458,,,,direct_PBA_UOR,experimental,identified_record,none,not_addressed,1,human_accepted,yes
run_5ca33401d63c3d35,Fe-Co-Ni-Mn-Zn,alkaline_stability_corrosion,wos:WOS_1ADC2FB558D8F030,source_packet_0aa01a7e58701458,,,,direct_PBA_UOR,experimental,identified_record,none,not_addressed,1,human_accepted,yes
run_5ca33401d63c3d35,Fe-Co-Ni-Mn-Zn,uor_activity,doi:10.1016/j.cej.2024.156767,source_packet_18a572202f0b9576,10.1016/j.cej.2024.156767,WOS:001341552700001,2024,PBA_only,experimental,identified_record,none,not_addressed,1,human_accepted,yes
run_5ca33401d63c3d35,Fe-Co-Ni-Mn-Zn,substitution_and_synergy,doi:10.1016/j.cej.2024.156767,source_packet_18a572202f0b9576,10.1016/j.cej.2024.156767,WOS:001341552700001,2024,PBA_only,experimental,abstract_DOI_UT,contextual,support,1,human_accepted,yes
run_5ca33401d63c3d35,Fe-Co-Ni-Mn-Zn,wet_chemical_synthesis,doi:10.1016/j.cej.2024.156767,source_packet_18a572202f0b9576,10.1016/j.cej.2024.156767,WOS:001341552700001,2024,PBA_only,experimental,identified_record,none,not_addressed,1,human_accepted,yes
run_5ca33401d63c3d35,Fe-Co-Ni-Mn-Zn,uor_activity,doi:10.1016/j.cej.2024.156767,source_packet_18a572202f0b9576,10.1016/j.cej.2024.156767,WOS:001341552700001,2024,PBA_only,experimental,exact_chunk_DOI_UT,overreach,support,1,human_accepted,yes
run_5ca33401d63c3d35,Fe-Co-Ni-Mn-Zn,alkaline_stability_corrosion,doi:10.1016/j.cej.2024.156767,source_packet_18a572202f0b9576,10.1016/j.cej.2024.156767,WOS:001341552700001,2024,PBA_only,experimental,exact_chunk_DOI_UT,partial,support,1,human_accepted,yes
run_5ca33401d63c3d35,Fe-Co-Ni-Mn-Zn,uor_activity,doi:10.1016/j.cej.2024.156767,source_packet_18a572202f0b9576,10.1016/j.cej.2024.156767,WOS:001341552700001,2024,PBA_only,experimental,exact_chunk_DOI_UT,overreach,support,1,human_accepted,yes
run_5ca33401d63c3d35,Fe-Co-Ni-Mn-Zn,substitution_and_synergy,doi:10.1016/j.cej.2024.156767,source_packet_18a572202f0b9576,10.1016/j.cej.2024.156767,WOS:001341552700001,2024,PBA_only,experimental,exact_chunk_DOI_UT,overreach,support,1,human_accepted,yes
run_5ca33401d63c3d35,Fe-Co-Ni-Mn-Zn,pba_structural_compatibility,doi:10.1016/j.cej.2024.156767,source_packet_18a572202f0b9576,10.1016/j.cej.2024.156767,WOS:001341552700001,2024,PBA_only,experimental,abstract_DOI_UT,contextual,support,1,human_accepted,yes
run_5ca33401d63c3d35,Fe-Co-Ni-Mn-Zn,uor_activity,doi:10.1016/j.cej.2024.156767,source_packet_18a572202f0b9576,10.1016/j.cej.2024.156767,WOS:001341552700001,2024,PBA_only,experimental,exact_chunk_DOI_UT,overreach,support,1,human_accepted,yes
run_5ca33401d63c3d35,Fe-Co-Ni-Mn-Zn,pba_structural_compatibility,doi:10.1016/j.cej.2024.156767,source_packet_18a572202f0b9576,10.1016/j.cej.2024.156767,WOS:001341552700001,2024,PBA_only,experimental,abstract_DOI_UT,contextual,support,1,human_accepted,yes
run_5ca33401d63c3d35,Fe-Co-Ni-Mn-Zn,alkaline_stability_corrosion,doi:10.1016/j.cej.2024.156767,source_packet_18a572202f0b9576,10.1016/j.cej.2024.156767,WOS:001341552700001,2024,PBA_only,experimental,exact_chunk_DOI_UT,partial,support,1,human_accepted,yes
run_5ca33401d63c3d35,Fe-Co-Ni-Mn-Zn,pba_structural_compatibility,doi:10.1016/j.cej.2024.156767,source_packet_18a572202f0b9576,10.1016/j.cej.2024.156767,WOS:001341552700001,2024,PBA_only,experimental,exact_chunk_DOI_UT,partial,support,1,human_accepted,yes
run_5ca33401d63c3d35,Fe-Co-Ni-Mn-Zn,alkaline_stability_corrosion,doi:10.1016/j.cej.2024.156767,source_packet_18a572202f0b9576,10.1016/j.cej.2024.156767,WOS:001341552700001,2024,PBA_only,experimental,exact_chunk_DOI_UT,partial,support,1,human_accepted,yes
run_5ca33401d63c3d35,Fe-Co-Ni-Mn-Zn,alkaline_stability_corrosion,doi:10.1016/j.cej.2024.156767,source_packet_18a572202f0b9576,10.1016/j.cej.2024.156767,WOS:001341552700001,2024,PBA_only,experimental,exact_chunk_DOI_UT,partial,support,1,human_accepted,yes
run_5ca33401d63c3d35,Fe-Co-Ni-Mn-Zn,uor_activity,doi:10.1021/acs.inorgchem.2c04465,source_packet_1c370cf9d6d30350,10.1021/acs.inorgchem.2c04465,WOS:000938761100001,2023,direct_PBA_UOR,experimental,exact_chunk_DOI_UT,partial,support,1,human_accepted,yes
run_5ca33401d63c3d35,Fe-Co-Ni-Mn-Zn,substitution_and_synergy,doi:10.1021/acs.inorgchem.2c04465,source_packet_1c370cf9d6d30350,10.1021/acs.inorgchem.2c04465,WOS:000938761100001,2023,direct_PBA_UOR,experimental,exact_chunk_DOI_UT,partial,support,1,human_accepted,yes
run_5ca33401d63c3d35,Fe-Co-Ni-Mn-Zn,wet_chemical_synthesis,doi:10.1021/acs.inorgchem.2c04465,source_packet_1c370cf9d6d30350,10.1021/acs.inorgchem.2c04465,WOS:000938761100001,2023,direct_PBA_UOR,experimental,identified_record,none,not_addressed,1,human_accepted,yes
run_5ca33401d63c3d35,Fe-Co-Ni-Mn-Zn,alkaline_stability_corrosion,doi:10.1021/acs.inorgchem.2c04465,source_packet_1c370cf9d6d30350,10.1021/acs.inorgchem.2c04465,WOS:000938761100001,2023,direct_PBA_UOR,experimental,abstract_DOI_UT,contextual,support,1,human_accepted,yes
run_5ca33401d63c3d35,Fe-Co-Ni-Mn-Zn,substitution_and_synergy,doi:10.1021/acs.inorgchem.2c04465,source_packet_1c370cf9d6d30350,10.1021/acs.inorgchem.2c04465,WOS:000938761100001,2023,direct_PBA_UOR,experimental,exact_chunk_DOI_UT,partial,support,1,human_accepted,yes
run_5ca33401d63c3d35,Fe-Co-Ni-Mn-Zn,pba_structural_compatibility,doi:10.1021/acs.inorgchem.2c04465,source_packet_1c370cf9d6d30350,10.1021/acs.inorgchem.2c04465,WOS:000938761100001,2023,direct_PBA_UOR,experimental,abstract_DOI_UT,contextual,support,1,human_accepted,yes
run_5ca33401d63c3d35,Fe-Co-Ni-Mn-Zn,pba_structural_compatibility,doi:10.1021/acs.inorgchem.2c04465,source_packet_1c370cf9d6d30350,10.1021/acs.inorgchem.2c04465,WOS:000938761100001,2023,direct_PBA_UOR,experimental,abstract_DOI_UT,contextual,support,1,human_accepted,yes
run_5ca33401d63c3d35,Fe-Co-Ni-Mn-Zn,alkaline_stability_corrosion,doi:10.1021/acs.inorgchem.2c04465,source_packet_1c370cf9d6d30350,10.1021/acs.inorgchem.2c04465,WOS:000938761100001,2023,direct_PBA_UOR,experimental,abstract_DOI_UT,contextual,support,1,human_accepted,yes
run_5ca33401d63c3d35,Fe-Co-Ni-Mn-Zn,pba_structural_compatibility,doi:10.1021/acs.inorgchem.2c04465,source_packet_1c370cf9d6d30350,10.1021/acs.inorgchem.2c04465,WOS:000938761100001,2023,direct_PBA_UOR,experimental,abstract_DOI_UT,contextual,support,1,human_accepted,yes
run_5ca33401d63c3d35,Fe-Co-Ni-Mn-Zn,alkaline_stability_corrosion,doi:10.1021/acs.inorgchem.2c04465,source_packet_1c370cf9d6d30350,10.1021/acs.inorgchem.2c04465,WOS:000938761100001,2023,direct_PBA_UOR,experimental,abstract_DOI_UT,contextual,support,1,human_accepted,yes
run_5ca33401d63c3d35,Fe-Co-Ni-Mn-Zn,alkaline_stability_corrosion,doi:10.1021/acs.inorgchem.2c04465,source_packet_1c370cf9d6d30350,10.1021/acs.inorgchem.2c04465,WOS:000938761100001,2023,direct_PBA_UOR,experimental,abstract_DOI_UT,contextual,support,1,human_accepted,yes
run_5ca33401d63c3d35,Fe-Co-Ni-Mn-Zn,uor_activity,wos:WOS_A7A85EDE9F6153F4,source_packet_4f3c34a615720132,,,,direct_PBA_UOR,experimental,identified_record,none,not_addressed,1,human_accepted,yes
run_5ca33401d63c3d35,Fe-Co-Ni-Mn-Zn,substitution_and_synergy,wos:WOS_A7A85EDE9F6153F4,source_packet_4f3c34a615720132,,,,direct_PBA_UOR,experimental,identified_record,none,not_addressed,1,human_accepted,yes
run_5ca33401d63c3d35,Fe-Co-Ni-Mn-Zn,wet_chemical_synthesis,wos:WOS_A7A85EDE9F6153F4,source_packet_4f3c34a615720132,,,,direct_PBA_UOR,experimental,identified_record,contextual,support,1,human_accepted,yes
run_5ca33401d63c3d35,Fe-Co-Ni-Mn-Zn,uor_activity,wos:WOS_A7A85EDE9F6153F4,source_packet_4f3c34a615720132,,,,direct_PBA_UOR,experimental,identified_record,none,not_addressed,1,human_accepted,yes
run_5ca33401d63c3d35,Fe-Co-Ni-Mn-Zn,uor_activity,wos:WOS_A7A85EDE9F6153F4,source_packet_4f3c34a615720132,,,,direct_PBA_UOR,experimental,identified_record,none,not_addressed,1,human_accepted,yes
run_5ca33401d63c3d35,Fe-Co-Ni-Mn-Zn,substitution_and_synergy,wos:WOS_A7A85EDE9F6153F4,source_packet_4f3c34a615720132,,,,direct_PBA_UOR,experimental,identified_record,none,not_addressed,1,human_accepted,yes
run_5ca33401d63c3d35,Fe-Co-Ni-Mn-Zn,pba_structural_compatibility,wos:WOS_A7A85EDE9F6153F4,source_packet_4f3c34a615720132,,,,direct_PBA_UOR,experimental,identified_record,contextual,support,1,human_accepted,yes
run_5ca33401d63c3d35,Fe-Co-Ni-Mn-Zn,uor_activity,wos:WOS_A7A85EDE9F6153F4,source_packet_4f3c34a615720132,,,,direct_PBA_UOR,experimental,identified_record,none,not_addressed,1,human_accepted,yes
run_5ca33401d63c3d35,Fe-Co-Ni-Mn-Zn,pba_structural_compatibility,wos:WOS_A7A85EDE9F6153F4,source_packet_4f3c34a615720132,,,,direct_PBA_UOR,experimental,identified_record,contextual,support,1,human_accepted,yes
run_5ca33401d63c3d35,Fe-Co-Ni-Mn-Zn,pba_structural_compatibility,wos:WOS_A7A85EDE9F6153F4,source_packet_4f3c34a615720132,,,,direct_PBA_UOR,experimental,identified_record,contextual,support,1,human_accepted,yes
run_0b5d48cea00b1796,Fe-Co-Ni-Mn-Zn,pba_structural_compatibility,wos:WOS_1ADC2FB558D8F030,source_packet_062a97fb5344cd7b,,,,direct_PBA_UOR,experimental,identified_record,contextual,support,0.9674014658411585,machine_unreviewed,yes
run_0b5d48cea00b1796,Fe-Co-Ni-Mn-Zn,uor_activity,wos:WOS_1ADC2FB558D8F030,source_packet_062a97fb5344cd7b,,,,direct_PBA_UOR,experimental,identified_record,contextual,support,0.9674014658411585,machine_unreviewed,yes
run_0b5d48cea00b1796,Fe-Co-Ni-Mn-Zn,uor_activity,wos:WOS_1ADC2FB558D8F030,source_packet_062a97fb5344cd7b,,,,direct_PBA_UOR,experimental,identified_record,contextual,support,0.9674014658411585,machine_unreviewed,yes
run_0b5d48cea00b1796,Fe-Co-Ni-Mn-Zn,uor_activity,wos:WOS_1ADC2FB558D8F030,source_packet_062a97fb5344cd7b,,,,direct_PBA_UOR,experimental,identified_record,contextual,support,0.9674014658411585,machine_unreviewed,yes
run_0b5d48cea00b1796,Fe-Co-Ni-Mn-Zn,alkaline_stability_corrosion,wos:WOS_1ADC2FB558D8F030,source_packet_062a97fb5344cd7b,,,,direct_PBA_UOR,experimental,identified_record,none,not_addressed,0.9674014658411585,machine_unreviewed,yes
run_0b5d48cea00b1796,Fe-Co-Ni-Mn-Zn,uor_activity,wos:WOS_1ADC2FB558D8F030,source_packet_062a97fb5344cd7b,,,,direct_PBA_UOR,experimental,identified_record,contextual,support,0.9674014658411585,machine_unreviewed,yes
run_0b5d48cea00b1796,Fe-Co-Ni-Mn-Zn,alkaline_stability_corrosion,wos:WOS_1ADC2FB558D8F030,source_packet_062a97fb5344cd7b,,,,direct_PBA_UOR,experimental,identified_record,none,not_addressed,0.9674014658411585,machine_unreviewed,yes
run_0b5d48cea00b1796,Fe-Co-Ni-Mn-Zn,pba_structural_compatibility,wos:WOS_1ADC2FB558D8F030,source_packet_062a97fb5344cd7b,,,,direct_PBA_UOR,experimental,identified_record,contextual,support,0.9674014658411585,machine_unreviewed,yes
run_0b5d48cea00b1796,Fe-Co-Ni-Mn-Zn,uor_activity,wos:WOS_1ADC2FB558D8F030,source_packet_062a97fb5344cd7b,,,,direct_PBA_UOR,experimental,identified_record,contextual,support,0.9674014658411585,machine_unreviewed,yes
run_0b5d48cea00b1796,Fe-Co-Ni-Mn-Zn,alkaline_stability_corrosion,wos:WOS_1ADC2FB558D8F030,source_packet_062a97fb5344cd7b,,,,direct_PBA_UOR,experimental,identified_record,none,not_addressed,0.9674014658411585,machine_unreviewed,yes
run_0b5d48cea00b1796,Fe-Co-Ni-Mn-Zn,wet_chemical_synthesis,wos:WOS_1ADC2FB558D8F030,source_packet_062a97fb5344cd7b,,,,direct_PBA_UOR,experimental,identified_record,contextual,support,0.9674014658411585,machine_unreviewed,yes
run_0b5d48cea00b1796,Fe-Co-Ni-Mn-Zn,pba_structural_compatibility,wos:WOS_A7A85EDE9F6153F4,source_packet_0c8d5205d9d6438f,,,,direct_PBA_UOR,experimental,identified_record,contextual,support,0.9674014658411585,machine_unreviewed,yes
run_0b5d48cea00b1796,Fe-Co-Ni-Mn-Zn,uor_activity,wos:WOS_A7A85EDE9F6153F4,source_packet_0c8d5205d9d6438f,,,,direct_PBA_UOR,experimental,identified_record,contextual,support,0.9674014658411585,machine_unreviewed,yes
run_0b5d48cea00b1796,Fe-Co-Ni-Mn-Zn,uor_activity,wos:WOS_A7A85EDE9F6153F4,source_packet_0c8d5205d9d6438f,,,,direct_PBA_UOR,experimental,identified_record,none,not_addressed,0.9674014658411585,machine_unreviewed,yes
run_0b5d48cea00b1796,Fe-Co-Ni-Mn-Zn,uor_activity,wos:WOS_A7A85EDE9F6153F4,source_packet_0c8d5205d9d6438f,,,,direct_PBA_UOR,experimental,identified_record,none,not_addressed,0.9674014658411585,machine_unreviewed,yes
run_0b5d48cea00b1796,Fe-Co-Ni-Mn-Zn,uor_activity,wos:WOS_A7A85EDE9F6153F4,source_packet_0c8d5205d9d6438f,,,,direct_PBA_UOR,experimental,identified_record,none,not_addressed,0.9674014658411585,machine_unreviewed,yes
run_0b5d48cea00b1796,Fe-Co-Ni-Mn-Zn,pba_structural_compatibility,wos:WOS_A7A85EDE9F6153F4,source_packet_0c8d5205d9d6438f,,,,direct_PBA_UOR,experimental,identified_record,contextual,support,0.9674014658411585,machine_unreviewed,yes
run_0b5d48cea00b1796,Fe-Co-Ni-Mn-Zn,uor_activity,wos:WOS_A7A85EDE9F6153F4,source_packet_0c8d5205d9d6438f,,,,direct_PBA_UOR,experimental,identified_record,none,not_addressed,0.9674014658411585,machine_unreviewed,yes
run_0b5d48cea00b1796,Fe-Co-Ni-Mn-Zn,wet_chemical_synthesis,wos:WOS_A7A85EDE9F6153F4,source_packet_0c8d5205d9d6438f,,,,direct_PBA_UOR,experimental,identified_record,none,not_addressed,0.9674014658411585,machine_unreviewed,yes
run_0b5d48cea00b1796,Fe-Co-Ni-Mn-Zn,uor_activity,doi:10.1021/acs.jpcc.3c04283,source_packet_367587cc65de76eb,10.1021/acs.jpcc.3c04283,WOS:001040362600001,2023,UOR_only,experimental,abstract_DOI_UT,contextual,support,0.9674014658411585,machine_unreviewed,yes
run_0b5d48cea00b1796,Fe-Co-Ni-Mn-Zn,uor_activity,doi:10.1021/acs.jpcc.3c04283,source_packet_367587cc65de76eb,10.1021/acs.jpcc.3c04283,WOS:001040362600001,2023,UOR_only,experimental,abstract_DOI_UT,contextual,support,0.9674014658411585,machine_unreviewed,yes
run_0b5d48cea00b1796,Fe-Co-Ni-Mn-Zn,uor_activity,doi:10.1021/acs.jpcc.3c04283,source_packet_367587cc65de76eb,10.1021/acs.jpcc.3c04283,WOS:001040362600001,2023,UOR_only,experimental,abstract_DOI_UT,contextual,support,0.9674014658411585,machine_unreviewed,yes
run_0b5d48cea00b1796,Fe-Co-Ni-Mn-Zn,alkaline_stability_corrosion,doi:10.1021/acs.jpcc.3c04283,source_packet_367587cc65de76eb,10.1021/acs.jpcc.3c04283,WOS:001040362600001,2023,UOR_only,experimental,identified_record,none,not_addressed,0.9674014658411585,machine_unreviewed,yes
run_0b5d48cea00b1796,Fe-Co-Ni-Mn-Zn,uor_activity,doi:10.1021/acs.jpcc.3c04283,source_packet_367587cc65de76eb,10.1021/acs.jpcc.3c04283,WOS:001040362600001,2023,UOR_only,experimental,exact_chunk_DOI_UT,partial,support,0.9674014658411585,machine_unreviewed,yes
run_0b5d48cea00b1796,Fe-Co-Ni-Mn-Zn,alkaline_stability_corrosion,doi:10.1021/acs.jpcc.3c04283,source_packet_367587cc65de76eb,10.1021/acs.jpcc.3c04283,WOS:001040362600001,2023,UOR_only,experimental,identified_record,none,not_addressed,0.9674014658411585,machine_unreviewed,yes
run_0b5d48cea00b1796,Fe-Co-Ni-Mn-Zn,uor_activity,doi:10.1021/acs.jpcc.3c04283,source_packet_367587cc65de76eb,10.1021/acs.jpcc.3c04283,WOS:001040362600001,2023,UOR_only,experimental,exact_chunk_DOI_UT,partial,support,0.9674014658411585,machine_unreviewed,yes
run_0b5d48cea00b1796,Fe-Co-Ni-Mn-Zn,alkaline_stability_corrosion,doi:10.1021/acs.jpcc.3c04283,source_packet_367587cc65de76eb,10.1021/acs.jpcc.3c04283,WOS:001040362600001,2023,UOR_only,experimental,identified_record,none,not_addressed,0.9674014658411585,machine_unreviewed,yes
run_0b5d48cea00b1796,Fe-Co-Ni-Mn-Zn,pba_structural_compatibility,wos:WOS_8ACB40B567BA3645,source_packet_9490c275b401cad4,,,,PBA_only,experimental,identified_record,contextual,support,0.9674014658411585,machine_unreviewed,yes
run_0b5d48cea00b1796,Fe-Co-Ni-Mn-Zn,uor_activity,wos:WOS_8ACB40B567BA3645,source_packet_9490c275b401cad4,,,,PBA_only,experimental,identified_record,contextual,support,0.9674014658411585,machine_unreviewed,yes
run_0b5d48cea00b1796,Fe-Co-Ni-Mn-Zn,alkaline_stability_corrosion,wos:WOS_8ACB40B567BA3645,source_packet_9490c275b401cad4,,,,PBA_only,experimental,identified_record,none,not_addressed,0.9674014658411585,machine_unreviewed,yes
run_0b5d48cea00b1796,Fe-Co-Ni-Mn-Zn,uor_activity,wos:WOS_8ACB40B567BA3645,source_packet_9490c275b401cad4,,,,PBA_only,experimental,identified_record,contextual,support,0.9674014658411585,machine_unreviewed,yes
run_0b5d48cea00b1796,Fe-Co-Ni-Mn-Zn,alkaline_stability_corrosion,wos:WOS_8ACB40B567BA3645,source_packet_9490c275b401cad4,,,,PBA_only,experimental,identified_record,none,not_addressed,0.9674014658411585,machine_unreviewed,yes
run_0b5d48cea00b1796,Fe-Co-Ni-Mn-Zn,uor_activity,wos:WOS_8ACB40B567BA3645,source_packet_9490c275b401cad4,,,,PBA_only,experimental,identified_record,contextual,support,0.9674014658411585,machine_unreviewed,yes
run_0b5d48cea00b1796,Fe-Co-Ni-Mn-Zn,alkaline_stability_corrosion,wos:WOS_8ACB40B567BA3645,source_packet_9490c275b401cad4,,,,PBA_only,experimental,identified_record,none,not_addressed,0.9674014658411585,machine_unreviewed,yes
run_910853e06b9095bf,Fe-Co-Ni-Mn-Zn,uor_activity,doi:10.1016/j.jallcom.2023.171695,source_packet_138cfe4a7385c41b,10.1016/j.jallcom.2023.171695,WOS:001062034400001,2023,UOR_only,review,exact_chunk_DOI_UT,contextual,support,0.9674014658411585,machine_unreviewed,yes
run_910853e06b9095bf,Fe-Co-Ni-Mn-Zn,uor_activity,doi:10.1016/j.jallcom.2023.171695,source_packet_138cfe4a7385c41b,10.1016/j.jallcom.2023.171695,WOS:001062034400001,2023,UOR_only,review,exact_chunk_DOI_UT,contextual,support,0.9674014658411585,machine_unreviewed,yes
run_910853e06b9095bf,Fe-Co-Ni-Mn-Zn,uor_activity,doi:10.1016/j.jallcom.2023.171695,source_packet_138cfe4a7385c41b,10.1016/j.jallcom.2023.171695,WOS:001062034400001,2023,UOR_only,review,exact_chunk_DOI_UT,contextual,support,0.9674014658411585,machine_unreviewed,yes
run_910853e06b9095bf,Fe-Co-Ni-Mn-Zn,uor_activity,doi:10.1016/j.jallcom.2023.171695,source_packet_138cfe4a7385c41b,10.1016/j.jallcom.2023.171695,WOS:001062034400001,2023,UOR_only,review,exact_chunk_DOI_UT,contextual,support,0.9674014658411585,machine_unreviewed,yes
run_910853e06b9095bf,Fe-Co-Ni-Mn-Zn,uor_activity,doi:10.1016/j.jallcom.2023.171695,source_packet_138cfe4a7385c41b,10.1016/j.jallcom.2023.171695,WOS:001062034400001,2023,UOR_only,review,exact_chunk_DOI_UT,contextual,support,0.9674014658411585,machine_unreviewed,yes
run_910853e06b9095bf,Fe-Co-Ni-Mn-Zn,uor_activity,doi:10.1016/j.jallcom.2023.171695,source_packet_138cfe4a7385c41b,10.1016/j.jallcom.2023.171695,WOS:001062034400001,2023,UOR_only,review,exact_chunk_DOI_UT,contextual,support,0.9674014658411585,machine_unreviewed,yes
run_910853e06b9095bf,Fe-Co-Ni-Mn-Zn,uor_activity,wos:WOS_5CC9678D610570C3,source_packet_2665efcdd0a901b9,,,2024,UOR_only,experimental,identified_record,partial,support,0.9674014658411585,machine_unreviewed,yes
run_910853e06b9095bf,Fe-Co-Ni-Mn-Zn,uor_activity,wos:WOS_5CC9678D610570C3,source_packet_2665efcdd0a901b9,,,2024,UOR_only,experimental,identified_record,partial,support,0.9674014658411585,machine_unreviewed,yes
run_910853e06b9095bf,Fe-Co-Ni-Mn-Zn,alkaline_stability_corrosion,wos:WOS_5CC9678D610570C3,source_packet_2665efcdd0a901b9,,,2024,UOR_only,experimental,identified_record,contextual,support,0.9674014658411585,machine_unreviewed,yes
run_910853e06b9095bf,Fe-Co-Ni-Mn-Zn,substitution_and_synergy,wos:WOS_5CC9678D610570C3,source_packet_2665efcdd0a901b9,,,2024,UOR_only,experimental,identified_record,partial,support,0.9674014658411585,machine_unreviewed,yes
run_910853e06b9095bf,Fe-Co-Ni-Mn-Zn,alkaline_stability_corrosion,wos:WOS_5CC9678D610570C3,source_packet_2665efcdd0a901b9,,,2024,UOR_only,experimental,identified_record,contextual,support,0.9674014658411585,machine_unreviewed,yes
run_910853e06b9095bf,Fe-Co-Ni-Mn-Zn,pba_structural_compatibility,wos:WOS_5CC9678D610570C3,source_packet_2665efcdd0a901b9,,,2024,UOR_only,experimental,identified_record,none,not_addressed,0.9674014658411585,machine_unreviewed,yes
run_910853e06b9095bf,Fe-Co-Ni-Mn-Zn,alkaline_stability_corrosion,wos:WOS_5CC9678D610570C3,source_packet_2665efcdd0a901b9,,,2024,UOR_only,experimental,identified_record,contextual,support,0.9674014658411585,machine_unreviewed,yes
run_910853e06b9095bf,Fe-Co-Ni-Mn-Zn,pba_structural_compatibility,wos:WOS_5CC9678D610570C3,source_packet_2665efcdd0a901b9,,,2024,UOR_only,experimental,identified_record,none,not_addressed,0.9674014658411585,machine_unreviewed,yes
run_910853e06b9095bf,Fe-Co-Ni-Mn-Zn,wet_chemical_synthesis,wos:WOS_5CC9678D610570C3,source_packet_2665efcdd0a901b9,,,2024,UOR_only,experimental,identified_record,none,not_addressed,0.9674014658411585,machine_unreviewed,yes
run_910853e06b9095bf,Fe-Co-Ni-Mn-Zn,uor_activity,doi:10.3390/catal12030337,source_packet_2cbfe55ec8714de3,10.3390/catal12030337,WOS:000775757200001,2022,UOR_only,review,exact_chunk_DOI_UT,partial,support,0.9674014658411585,machine_unreviewed,yes
run_910853e06b9095bf,Fe-Co-Ni-Mn-Zn,uor_activity,doi:10.3390/catal12030337,source_packet_2cbfe55ec8714de3,10.3390/catal12030337,WOS:000775757200001,2022,UOR_only,review,exact_chunk_DOI_UT,partial,support,0.9674014658411585,machine_unreviewed,yes
run_910853e06b9095bf,Fe-Co-Ni-Mn-Zn,alkaline_stability_corrosion,doi:10.3390/catal12030337,source_packet_2cbfe55ec8714de3,10.3390/catal12030337,WOS:000775757200001,2022,UOR_only,review,identified_record,none,not_addressed,0.9674014658411585,machine_unreviewed,yes
run_910853e06b9095bf,Fe-Co-Ni-Mn-Zn,substitution_and_synergy,doi:10.3390/catal12030337,source_packet_2cbfe55ec8714de3,10.3390/catal12030337,WOS:000775757200001,2022,UOR_only,review,exact_chunk_DOI_UT,contextual,support,0.9674014658411585,machine_unreviewed,yes
run_910853e06b9095bf,Fe-Co-Ni-Mn-Zn,alkaline_stability_corrosion,doi:10.3390/catal12030337,source_packet_2cbfe55ec8714de3,10.3390/catal12030337,WOS:000775757200001,2022,UOR_only,review,identified_record,none,not_addressed,0.9674014658411585,machine_unreviewed,yes
run_910853e06b9095bf,Fe-Co-Ni-Mn-Zn,pba_structural_compatibility,doi:10.3390/catal12030337,source_packet_2cbfe55ec8714de3,10.3390/catal12030337,WOS:000775757200001,2022,UOR_only,review,identified_record,none,not_addressed,0.9674014658411585,machine_unreviewed,yes
run_910853e06b9095bf,Fe-Co-Ni-Mn-Zn,uor_activity,doi:10.3390/catal12030337,source_packet_2cbfe55ec8714de3,10.3390/catal12030337,WOS:000775757200001,2022,UOR_only,review,exact_chunk_DOI_UT,contextual,support,0.9674014658411585,machine_unreviewed,yes
run_910853e06b9095bf,Fe-Co-Ni-Mn-Zn,uor_activity,doi:10.3390/catal12030337,source_packet_2cbfe55ec8714de3,10.3390/catal12030337,WOS:000775757200001,2022,UOR_only,review,exact_chunk_DOI_UT,contextual,support,0.9674014658411585,machine_unreviewed,yes
run_910853e06b9095bf,Fe-Co-Ni-Mn-Zn,alkaline_stability_corrosion,doi:10.3390/catal12030337,source_packet_2cbfe55ec8714de3,10.3390/catal12030337,WOS:000775757200001,2022,UOR_only,review,identified_record,none,not_addressed,0.9674014658411585,machine_unreviewed,yes
run_910853e06b9095bf,Fe-Co-Ni-Mn-Zn,uor_activity,doi:10.3390/catal12030337,source_packet_2cbfe55ec8714de3,10.3390/catal12030337,WOS:000775757200001,2022,UOR_only,review,exact_chunk_DOI_UT,contextual,support,0.9674014658411585,machine_unreviewed,yes
run_910853e06b9095bf,Fe-Co-Ni-Mn-Zn,pba_structural_compatibility,doi:10.3390/catal12030337,source_packet_2cbfe55ec8714de3,10.3390/catal12030337,WOS:000775757200001,2022,UOR_only,review,identified_record,none,not_addressed,0.9674014658411585,machine_unreviewed,yes
run_910853e06b9095bf,Fe-Co-Ni-Mn-Zn,uor_activity,doi:10.3390/catal12030337,source_packet_2cbfe55ec8714de3,10.3390/catal12030337,WOS:000775757200001,2022,UOR_only,review,exact_chunk_DOI_UT,contextual,support,0.9674014658411585,machine_unreviewed,yes
run_910853e06b9095bf,Fe-Co-Ni-Mn-Zn,uor_activity,doi:10.1021/acsaem.2c00550,source_packet_55e009df1b5286b0,10.1021/acsaem.2c00550,WOS:000813033100001,2022,substitution,experimental,exact_chunk_DOI_UT,contextual,support,0.9674014658411585,machine_unreviewed,yes
run_910853e06b9095bf,Fe-Co-Ni-Mn-Zn,uor_activity,doi:10.1021/acsaem.2c00550,source_packet_55e009df1b5286b0,10.1021/acsaem.2c00550,WOS:000813033100001,2022,substitution,experimental,exact_chunk_DOI_UT,contextual,support,0.9674014658411585,machine_unreviewed,yes
run_910853e06b9095bf,Fe-Co-Ni-Mn-Zn,alkaline_stability_corrosion,doi:10.1021/acsaem.2c00550,source_packet_55e009df1b5286b0,10.1021/acsaem.2c00550,WOS:000813033100001,2022,substitution,experimental,exact_chunk_DOI_UT,contextual,support,0.9674014658411585,machine_unreviewed,yes
run_910853e06b9095bf,Fe-Co-Ni-Mn-Zn,substitution_and_synergy,doi:10.1021/acsaem.2c00550,source_packet_55e009df1b5286b0,10.1021/acsaem.2c00550,WOS:000813033100001,2022,substitution,experimental,exact_chunk_DOI_UT,contextual,support,0.9674014658411585,machine_unreviewed,yes
run_910853e06b9095bf,Fe-Co-Ni-Mn-Zn,alkaline_stability_corrosion,doi:10.1021/acsaem.2c00550,source_packet_55e009df1b5286b0,10.1021/acsaem.2c00550,WOS:000813033100001,2022,substitution,experimental,exact_chunk_DOI_UT,contextual,support,0.9674014658411585,machine_unreviewed,yes
run_910853e06b9095bf,Fe-Co-Ni-Mn-Zn,pba_structural_compatibility,doi:10.1021/acsaem.2c00550,source_packet_55e009df1b5286b0,10.1021/acsaem.2c00550,WOS:000813033100001,2022,substitution,experimental,identified_record,none,not_addressed,0.9674014658411585,machine_unreviewed,yes
run_910853e06b9095bf,Fe-Co-Ni-Mn-Zn,uor_activity,doi:10.1021/acsaem.2c00550,source_packet_55e009df1b5286b0,10.1021/acsaem.2c00550,WOS:000813033100001,2022,substitution,experimental,exact_chunk_DOI_UT,contextual,support,0.9674014658411585,machine_unreviewed,yes
run_910853e06b9095bf,Fe-Co-Ni-Mn-Zn,alkaline_stability_corrosion,doi:10.1021/acsaem.2c00550,source_packet_55e009df1b5286b0,10.1021/acsaem.2c00550,WOS:000813033100001,2022,substitution,experimental,exact_chunk_DOI_UT,contextual,support,0.9674014658411585,machine_unreviewed,yes
run_910853e06b9095bf,Fe-Co-Ni-Mn-Zn,pba_structural_compatibility,doi:10.1021/acsaem.2c00550,source_packet_55e009df1b5286b0,10.1021/acsaem.2c00550,WOS:000813033100001,2022,substitution,experimental,identified_record,none,not_addressed,0.9674014658411585,machine_unreviewed,yes
run_910853e06b9095bf,Fe-Co-Ni-Mn-Zn,wet_chemical_synthesis,doi:10.1021/acsaem.2c00550,source_packet_55e009df1b5286b0,10.1021/acsaem.2c00550,WOS:000813033100001,2022,substitution,experimental,identified_record,none,not_addressed,0.9674014658411585,machine_unreviewed,yes
run_910853e06b9095bf,Fe-Co-Ni-Mn-Zn,uor_activity,doi:10.1021/acs.inorgchem.3c01701,source_packet_6180be9f9ab9a592,10.1021/acs.inorgchem.3c01701,WOS:001016562800001,2023,direct_PBA_UOR,experimental,abstract_DOI_UT,contextual,support,1,human_accepted,yes
run_910853e06b9095bf,Fe-Co-Ni-Mn-Zn,uor_activity,doi:10.1021/acs.inorgchem.3c01701,source_packet_6180be9f9ab9a592,10.1021/acs.inorgchem.3c01701,WOS:001016562800001,2023,direct_PBA_UOR,experimental,exact_chunk_DOI_UT,partial,support,1,human_accepted,yes
run_910853e06b9095bf,Fe-Co-Ni-Mn-Zn,alkaline_stability_corrosion,doi:10.1021/acs.inorgchem.3c01701,source_packet_6180be9f9ab9a592,10.1021/acs.inorgchem.3c01701,WOS:001016562800001,2023,direct_PBA_UOR,experimental,identified_record,none,not_addressed,1,human_accepted,yes
run_910853e06b9095bf,Fe-Co-Ni-Mn-Zn,substitution_and_synergy,doi:10.1021/acs.inorgchem.3c01701,source_packet_6180be9f9ab9a592,10.1021/acs.inorgchem.3c01701,WOS:001016562800001,2023,direct_PBA_UOR,experimental,identified_record,none,not_addressed,1,human_accepted,yes
run_910853e06b9095bf,Fe-Co-Ni-Mn-Zn,alkaline_stability_corrosion,doi:10.1021/acs.inorgchem.3c01701,source_packet_6180be9f9ab9a592,10.1021/acs.inorgchem.3c01701,WOS:001016562800001,2023,direct_PBA_UOR,experimental,identified_record,none,not_addressed,1,human_accepted,yes
run_910853e06b9095bf,Fe-Co-Ni-Mn-Zn,pba_structural_compatibility,doi:10.1021/acs.inorgchem.3c01701,source_packet_6180be9f9ab9a592,10.1021/acs.inorgchem.3c01701,WOS:001016562800001,2023,direct_PBA_UOR,experimental,abstract_DOI_UT,contextual,support,1,human_accepted,yes
run_910853e06b9095bf,Fe-Co-Ni-Mn-Zn,uor_activity,doi:10.1021/acs.inorgchem.3c01701,source_packet_6180be9f9ab9a592,10.1021/acs.inorgchem.3c01701,WOS:001016562800001,2023,direct_PBA_UOR,experimental,exact_chunk_DOI_UT,partial,support,1,human_accepted,yes
run_910853e06b9095bf,Fe-Co-Ni-Mn-Zn,uor_activity,doi:10.1021/acs.inorgchem.3c01701,source_packet_6180be9f9ab9a592,10.1021/acs.inorgchem.3c01701,WOS:001016562800001,2023,direct_PBA_UOR,experimental,exact_chunk_DOI_UT,partial,support,1,human_accepted,yes
run_910853e06b9095bf,Fe-Co-Ni-Mn-Zn,alkaline_stability_corrosion,doi:10.1021/acs.inorgchem.3c01701,source_packet_6180be9f9ab9a592,10.1021/acs.inorgchem.3c01701,WOS:001016562800001,2023,direct_PBA_UOR,experimental,identified_record,none,not_addressed,1,human_accepted,yes
run_910853e06b9095bf,Fe-Co-Ni-Mn-Zn,uor_activity,doi:10.1021/acs.inorgchem.3c01701,source_packet_6180be9f9ab9a592,10.1021/acs.inorgchem.3c01701,WOS:001016562800001,2023,direct_PBA_UOR,experimental,abstract_DOI_UT,contextual,support,1,human_accepted,yes
run_910853e06b9095bf,Fe-Co-Ni-Mn-Zn,pba_structural_compatibility,doi:10.1021/acs.inorgchem.3c01701,source_packet_6180be9f9ab9a592,10.1021/acs.inorgchem.3c01701,WOS:001016562800001,2023,direct_PBA_UOR,experimental,abstract_DOI_UT,contextual,support,1,human_accepted,yes
run_910853e06b9095bf,Fe-Co-Ni-Mn-Zn,wet_chemical_synthesis,doi:10.1021/acs.inorgchem.3c01701,source_packet_6180be9f9ab9a592,10.1021/acs.inorgchem.3c01701,WOS:001016562800001,2023,direct_PBA_UOR,experimental,exact_chunk_DOI_UT,partial,support,1,human_accepted,yes
run_910853e06b9095bf,Fe-Co-Ni-Mn-Zn,uor_activity,doi:10.1021/acs.inorgchem.3c01701,source_packet_6180be9f9ab9a592,10.1021/acs.inorgchem.3c01701,WOS:001016562800001,2023,direct_PBA_UOR,experimental,exact_chunk_DOI_UT,partial,support,1,human_accepted,yes
run_910853e06b9095bf,Fe-Co-Ni-Mn-Zn,uor_activity,wos:WOS_C85F14E4A8D0DA5C,source_packet_6d29adb222f106dc,,,,UOR_only,review,identified_record,partial,support,0.9674014658411585,machine_unreviewed,yes
run_910853e06b9095bf,Fe-Co-Ni-Mn-Zn,uor_activity,wos:WOS_C85F14E4A8D0DA5C,source_packet_6d29adb222f106dc,,,,UOR_only,review,identified_record,partial,support,0.9674014658411585,machine_unreviewed,yes
run_910853e06b9095bf,Fe-Co-Ni-Mn-Zn,alkaline_stability_corrosion,wos:WOS_C85F14E4A8D0DA5C,source_packet_6d29adb222f106dc,,,,UOR_only,review,identified_record,none,not_addressed,0.9674014658411585,machine_unreviewed,yes
run_910853e06b9095bf,Fe-Co-Ni-Mn-Zn,substitution_and_synergy,wos:WOS_C85F14E4A8D0DA5C,source_packet_6d29adb222f106dc,,,,UOR_only,review,identified_record,contextual,support,0.9674014658411585,machine_unreviewed,yes
run_910853e06b9095bf,Fe-Co-Ni-Mn-Zn,alkaline_stability_corrosion,wos:WOS_C85F14E4A8D0DA5C,source_packet_6d29adb222f106dc,,,,UOR_only,review,identified_record,none,not_addressed,0.9674014658411585,machine_unreviewed,yes
run_910853e06b9095bf,Fe-Co-Ni-Mn-Zn,pba_structural_compatibility,wos:WOS_C85F14E4A8D0DA5C,source_packet_6d29adb222f106dc,,,,UOR_only,review,identified_record,none,not_addressed,0.9674014658411585,machine_unreviewed,yes
run_910853e06b9095bf,Fe-Co-Ni-Mn-Zn,uor_activity,wos:WOS_C85F14E4A8D0DA5C,source_packet_6d29adb222f106dc,,,,UOR_only,review,identified_record,contextual,support,0.9674014658411585,machine_unreviewed,yes
run_910853e06b9095bf,Fe-Co-Ni-Mn-Zn,uor_activity,wos:WOS_C85F14E4A8D0DA5C,source_packet_6d29adb222f106dc,,,,UOR_only,review,identified_record,contextual,support,0.9674014658411585,machine_unreviewed,yes
run_910853e06b9095bf,Fe-Co-Ni-Mn-Zn,alkaline_stability_corrosion,wos:WOS_C85F14E4A8D0DA5C,source_packet_6d29adb222f106dc,,,,UOR_only,review,identified_record,none,not_addressed,0.9674014658411585,machine_unreviewed,yes
run_910853e06b9095bf,Fe-Co-Ni-Mn-Zn,uor_activity,wos:WOS_C85F14E4A8D0DA5C,source_packet_6d29adb222f106dc,,,,UOR_only,review,identified_record,contextual,support,0.9674014658411585,machine_unreviewed,yes
run_910853e06b9095bf,Fe-Co-Ni-Mn-Zn,pba_structural_compatibility,wos:WOS_C85F14E4A8D0DA5C,source_packet_6d29adb222f106dc,,,,UOR_only,review,identified_record,none,not_addressed,0.9674014658411585,machine_unreviewed,yes
run_910853e06b9095bf,Fe-Co-Ni-Mn-Zn,wet_chemical_synthesis,wos:WOS_C85F14E4A8D0DA5C,source_packet_6d29adb222f106dc,,,,UOR_only,review,identified_record,none,not_addressed,0.9674014658411585,machine_unreviewed,yes
run_910853e06b9095bf,Fe-Co-Ni-Mn-Zn,uor_activity,wos:WOS_C85F14E4A8D0DA5C,source_packet_6d29adb222f106dc,,,,UOR_only,review,identified_record,contextual,support,0.9674014658411585,machine_unreviewed,yes
run_910853e06b9095bf,Fe-Co-Ni-Mn-Zn,uor_activity,doi:10.1039/d2ra05145a,source_packet_b0d5cebe871b53c5,10.1039/d2ra05145a,WOS:000864269000001,2022,UOR_only,experimental,exact_chunk_DOI_UT,partial,support,1,human_accepted,yes
run_910853e06b9095bf,Fe-Co-Ni-Mn-Zn,uor_activity,doi:10.1039/d2ra05145a,source_packet_b0d5cebe871b53c5,10.1039/d2ra05145a,WOS:000864269000001,2022,UOR_only,experimental,exact_chunk_DOI_UT,partial,support,1,human_accepted,yes
run_910853e06b9095bf,Fe-Co-Ni-Mn-Zn,alkaline_stability_corrosion,doi:10.1039/d2ra05145a,source_packet_b0d5cebe871b53c5,10.1039/d2ra05145a,WOS:000864269000001,2022,UOR_only,experimental,abstract_DOI_UT,contextual,support,1,human_accepted,yes
run_910853e06b9095bf,Fe-Co-Ni-Mn-Zn,substitution_and_synergy,doi:10.1039/d2ra05145a,source_packet_b0d5cebe871b53c5,10.1039/d2ra05145a,WOS:000864269000001,2022,UOR_only,experimental,identified_record,none,not_addressed,1,human_accepted,yes
run_910853e06b9095bf,Fe-Co-Ni-Mn-Zn,pba_structural_compatibility,doi:10.1039/d2ra05145a,source_packet_b0d5cebe871b53c5,10.1039/d2ra05145a,WOS:000864269000001,2022,UOR_only,experimental,identified_record,none,not_addressed,1,human_accepted,yes
run_910853e06b9095bf,Fe-Co-Ni-Mn-Zn,pba_structural_compatibility,doi:10.1039/d2ra05145a,source_packet_b0d5cebe871b53c5,10.1039/d2ra05145a,WOS:000864269000001,2022,UOR_only,experimental,identified_record,none,not_addressed,1,human_accepted,yes
run_910853e06b9095bf,Fe-Co-Ni-Mn-Zn,wet_chemical_synthesis,doi:10.1039/d2ra05145a,source_packet_b0d5cebe871b53c5,10.1039/d2ra05145a,WOS:000864269000001,2022,UOR_only,experimental,identified_record,none,not_addressed,1,human_accepted,yes
run_910853e06b9095bf,Fe-Co-Ni-Mn-Zn,uor_activity,wos:WOS_A7A85EDE9F6153F4,source_packet_ce913f0046e92ce3,,,,direct_PBA_UOR,experimental,identified_record,contextual,support,1,human_accepted,yes
run_910853e06b9095bf,Fe-Co-Ni-Mn-Zn,uor_activity,wos:WOS_A7A85EDE9F6153F4,source_packet_ce913f0046e92ce3,,,,direct_PBA_UOR,experimental,identified_record,none,not_addressed,1,human_accepted,yes
run_910853e06b9095bf,Fe-Co-Ni-Mn-Zn,substitution_and_synergy,wos:WOS_A7A85EDE9F6153F4,source_packet_ce913f0046e92ce3,,,,direct_PBA_UOR,experimental,identified_record,none,not_addressed,1,human_accepted,yes
run_910853e06b9095bf,Fe-Co-Ni-Mn-Zn,pba_structural_compatibility,wos:WOS_A7A85EDE9F6153F4,source_packet_ce913f0046e92ce3,,,,direct_PBA_UOR,experimental,identified_record,contextual,support,1,human_accepted,yes
run_910853e06b9095bf,Fe-Co-Ni-Mn-Zn,uor_activity,wos:WOS_A7A85EDE9F6153F4,source_packet_ce913f0046e92ce3,,,,direct_PBA_UOR,experimental,identified_record,none,not_addressed,1,human_accepted,yes
run_910853e06b9095bf,Fe-Co-Ni-Mn-Zn,uor_activity,wos:WOS_A7A85EDE9F6153F4,source_packet_ce913f0046e92ce3,,,,direct_PBA_UOR,experimental,identified_record,contextual,support,1,human_accepted,yes
run_910853e06b9095bf,Fe-Co-Ni-Mn-Zn,uor_activity,wos:WOS_A7A85EDE9F6153F4,source_packet_ce913f0046e92ce3,,,,direct_PBA_UOR,experimental,identified_record,none,not_addressed,1,human_accepted,yes
run_910853e06b9095bf,Fe-Co-Ni-Mn-Zn,pba_structural_compatibility,wos:WOS_A7A85EDE9F6153F4,source_packet_ce913f0046e92ce3,,,,direct_PBA_UOR,experimental,identified_record,contextual,support,1,human_accepted,yes
run_910853e06b9095bf,Fe-Co-Ni-Mn-Zn,wet_chemical_synthesis,wos:WOS_A7A85EDE9F6153F4,source_packet_ce913f0046e92ce3,,,,direct_PBA_UOR,experimental,identified_record,partial,support,1,human_accepted,yes
run_910853e06b9095bf,Fe-Co-Ni-Mn-Zn,uor_activity,wos:WOS_A7A85EDE9F6153F4,source_packet_ce913f0046e92ce3,,,,direct_PBA_UOR,experimental,identified_record,contextual,support,1,human_accepted,yes
run_910853e06b9095bf,Fe-Co-Ni-Mn-Zn,uor_activity,wos:WOS_935D1BD10F6C9FB9,source_packet_e9205c1604a4bcd3,,,,UOR_only,experimental,identified_record,partial,support,0.9674014658411585,machine_unreviewed,yes
run_910853e06b9095bf,Fe-Co-Ni-Mn-Zn,uor_activity,wos:WOS_935D1BD10F6C9FB9,source_packet_e9205c1604a4bcd3,,,,UOR_only,experimental,identified_record,partial,support,0.9674014658411585,machine_unreviewed,yes
run_910853e06b9095bf,Fe-Co-Ni-Mn-Zn,alkaline_stability_corrosion,wos:WOS_935D1BD10F6C9FB9,source_packet_e9205c1604a4bcd3,,,,UOR_only,experimental,identified_record,contextual,support,0.9674014658411585,machine_unreviewed,yes
run_910853e06b9095bf,Fe-Co-Ni-Mn-Zn,alkaline_stability_corrosion,wos:WOS_935D1BD10F6C9FB9,source_packet_e9205c1604a4bcd3,,,,UOR_only,experimental,identified_record,contextual,support,0.9674014658411585,machine_unreviewed,yes
run_910853e06b9095bf,Fe-Co-Ni-Mn-Zn,pba_structural_compatibility,wos:WOS_935D1BD10F6C9FB9,source_packet_e9205c1604a4bcd3,,,,UOR_only,experimental,identified_record,none,not_addressed,0.9674014658411585,machine_unreviewed,yes
run_910853e06b9095bf,Fe-Co-Ni-Mn-Zn,alkaline_stability_corrosion,wos:WOS_935D1BD10F6C9FB9,source_packet_e9205c1604a4bcd3,,,,UOR_only,experimental,identified_record,contextual,support,0.9674014658411585,machine_unreviewed,yes
run_910853e06b9095bf,Fe-Co-Ni-Mn-Zn,pba_structural_compatibility,wos:WOS_935D1BD10F6C9FB9,source_packet_e9205c1604a4bcd3,,,,UOR_only,experimental,identified_record,none,not_addressed,0.9674014658411585,machine_unreviewed,yes
run_910853e06b9095bf,Fe-Co-Ni-Mn-Zn,wet_chemical_synthesis,wos:WOS_935D1BD10F6C9FB9,source_packet_e9205c1604a4bcd3,,,,UOR_only,experimental,identified_record,none,not_addressed,0.9674014658411585,machine_unreviewed,yes
run_e7c1abb4133eacd1,Fe-Ni-Mn-Cu-Zn,cost_environment,doi:10.1007/s11356-019-06899-w,source_packet_8977c93b0db527d1,10.1007/s11356-019-06899-w,WOS:000500836700002,2020,foundational,review,exact_chunk_DOI_UT,contextual,support,0.9674014658411585,machine_unreviewed,yes
run_dfe4e7ab7feb5520,Fe-Co-Ni-Mn-Zn,uor_activity,doi:10.1007/s12274-022-5020-0,source_packet_04953ab992ecc16c,10.1007/s12274-022-5020-0,WOS:000870961100003,2023,PBA_only,experimental,abstract_DOI_UT,contextual,support,1,human_accepted,yes
run_dfe4e7ab7feb5520,Fe-Co-Ni-Mn-Zn,uor_activity,doi:10.1007/s12274-022-5020-0,source_packet_04953ab992ecc16c,10.1007/s12274-022-5020-0,WOS:000870961100003,2023,PBA_only,experimental,abstract_DOI_UT,contextual,support,1,human_accepted,yes
run_dfe4e7ab7feb5520,Fe-Co-Ni-Mn-Zn,uor_activity,doi:10.1007/s12274-022-5020-0,source_packet_04953ab992ecc16c,10.1007/s12274-022-5020-0,WOS:000870961100003,2023,PBA_only,experimental,abstract_DOI_UT,contextual,support,1,human_accepted,yes
run_dfe4e7ab7feb5520,Fe-Co-Ni-Mn-Zn,pba_structural_compatibility,doi:10.1007/s12274-022-5020-0,source_packet_04953ab992ecc16c,10.1007/s12274-022-5020-0,WOS:000870961100003,2023,PBA_only,experimental,exact_chunk_DOI_UT,partial,support,1,human_accepted,yes
run_dfe4e7ab7feb5520,Fe-Co-Ni-Mn-Zn,alkaline_stability_corrosion,doi:10.1007/s12274-022-5020-0,source_packet_04953ab992ecc16c,10.1007/s12274-022-5020-0,WOS:000870961100003,2023,PBA_only,experimental,exact_chunk_DOI_UT,partial,support,1,human_accepted,yes
run_dfe4e7ab7feb5520,Fe-Co-Ni-Mn-Zn,uor_activity,doi:10.1007/s12274-022-5020-0,source_packet_04953ab992ecc16c,10.1007/s12274-022-5020-0,WOS:000870961100003,2023,PBA_only,experimental,abstract_DOI_UT,contextual,support,1,human_accepted,yes
run_dfe4e7ab7feb5520,Fe-Co-Ni-Mn-Zn,pba_structural_compatibility,doi:10.1007/s12274-022-5020-0,source_packet_04953ab992ecc16c,10.1007/s12274-022-5020-0,WOS:000870961100003,2023,PBA_only,experimental,exact_chunk_DOI_UT,partial,support,1,human_accepted,yes
run_dfe4e7ab7feb5520,Fe-Co-Ni-Mn-Zn,uor_activity,doi:10.1007/s12274-022-5020-0,source_packet_04953ab992ecc16c,10.1007/s12274-022-5020-0,WOS:000870961100003,2023,PBA_only,experimental,abstract_DOI_UT,contextual,support,1,human_accepted,yes
run_dfe4e7ab7feb5520,Fe-Co-Ni-Mn-Zn,wet_chemical_synthesis,doi:10.1007/s12274-022-5020-0,source_packet_04953ab992ecc16c,10.1007/s12274-022-5020-0,WOS:000870961100003,2023,PBA_only,experimental,identified_record,none,not_addressed,1,human_accepted,yes
run_dfe4e7ab7feb5520,Fe-Co-Ni-Mn-Zn,uor_activity,wos:WOS_A7A85EDE9F6153F4,source_packet_2ee6e52b2fdc875f,,,,direct_PBA_UOR,experimental,identified_record,contextual,support,0.9674014658411585,machine_unreviewed,yes
run_dfe4e7ab7feb5520,Fe-Co-Ni-Mn-Zn,uor_activity,wos:WOS_A7A85EDE9F6153F4,source_packet_2ee6e52b2fdc875f,,,,direct_PBA_UOR,experimental,identified_record,none,not_addressed,0.9674014658411585,machine_unreviewed,yes
run_dfe4e7ab7feb5520,Fe-Co-Ni-Mn-Zn,uor_activity,wos:WOS_A7A85EDE9F6153F4,source_packet_2ee6e52b2fdc875f,,,,direct_PBA_UOR,experimental,identified_record,contextual,support,0.9674014658411585,machine_unreviewed,yes
run_dfe4e7ab7feb5520,Fe-Co-Ni-Mn-Zn,substitution_and_synergy,wos:WOS_A7A85EDE9F6153F4,source_packet_2ee6e52b2fdc875f,,,,direct_PBA_UOR,experimental,identified_record,none,not_addressed,0.9674014658411585,machine_unreviewed,yes
run_dfe4e7ab7feb5520,Fe-Co-Ni-Mn-Zn,pba_structural_compatibility,wos:WOS_A7A85EDE9F6153F4,source_packet_2ee6e52b2fdc875f,,,,direct_PBA_UOR,experimental,identified_record,contextual,support,0.9674014658411585,machine_unreviewed,yes
run_dfe4e7ab7feb5520,Fe-Co-Ni-Mn-Zn,uor_activity,wos:WOS_A7A85EDE9F6153F4,source_packet_2ee6e52b2fdc875f,,,,direct_PBA_UOR,experimental,identified_record,contextual,support,0.9674014658411585,machine_unreviewed,yes
run_dfe4e7ab7feb5520,Fe-Co-Ni-Mn-Zn,pba_structural_compatibility,wos:WOS_A7A85EDE9F6153F4,source_packet_2ee6e52b2fdc875f,,,,direct_PBA_UOR,experimental,identified_record,contextual,support,0.9674014658411585,machine_unreviewed,yes
run_dfe4e7ab7feb5520,Fe-Co-Ni-Mn-Zn,pba_structural_compatibility,wos:WOS_A7A85EDE9F6153F4,source_packet_2ee6e52b2fdc875f,,,,direct_PBA_UOR,experimental,identified_record,contextual,support,0.9674014658411585,machine_unreviewed,yes
run_dfe4e7ab7feb5520,Fe-Co-Ni-Mn-Zn,uor_activity,wos:WOS_A7A85EDE9F6153F4,source_packet_2ee6e52b2fdc875f,,,,direct_PBA_UOR,experimental,identified_record,none,not_addressed,0.9674014658411585,machine_unreviewed,yes
run_dfe4e7ab7feb5520,Fe-Co-Ni-Mn-Zn,wet_chemical_synthesis,wos:WOS_A7A85EDE9F6153F4,source_packet_2ee6e52b2fdc875f,,,,direct_PBA_UOR,experimental,identified_record,contextual,support,0.9674014658411585,machine_unreviewed,yes
run_dfe4e7ab7feb5520,Fe-Co-Ni-Mn-Zn,uor_activity,doi:10.1002/anie.202209350,source_packet_35db955a4848c549,10.1002/anie.202209350,WOS:000850889800001,2022,PBA_only,experimental,identified_record,none,not_addressed,1,human_accepted,yes
run_dfe4e7ab7feb5520,Fe-Co-Ni-Mn-Zn,uor_activity,doi:10.1002/anie.202209350,source_packet_35db955a4848c549,10.1002/anie.202209350,WOS:000850889800001,2022,PBA_only,experimental,identified_record,none,not_addressed,1,human_accepted,yes
run_dfe4e7ab7feb5520,Fe-Co-Ni-Mn-Zn,uor_activity,doi:10.1002/anie.202209350,source_packet_35db955a4848c549,10.1002/anie.202209350,WOS:000850889800001,2022,PBA_only,experimental,identified_record,none,not_addressed,1,human_accepted,yes
run_dfe4e7ab7feb5520,Fe-Co-Ni-Mn-Zn,substitution_and_synergy,doi:10.1002/anie.202209350,source_packet_35db955a4848c549,10.1002/anie.202209350,WOS:000850889800001,2022,PBA_only,experimental,abstract_DOI_UT,contextual,support,1,human_accepted,yes
run_dfe4e7ab7feb5520,Fe-Co-Ni-Mn-Zn,pba_structural_compatibility,doi:10.1002/anie.202209350,source_packet_35db955a4848c549,10.1002/anie.202209350,WOS:000850889800001,2022,PBA_only,experimental,exact_chunk_DOI_UT,partial,support,1,human_accepted,yes
run_dfe4e7ab7feb5520,Fe-Co-Ni-Mn-Zn,alkaline_stability_corrosion,doi:10.1002/anie.202209350,source_packet_35db955a4848c549,10.1002/anie.202209350,WOS:000850889800001,2022,PBA_only,experimental,identified_record,none,not_addressed,1,human_accepted,yes
run_dfe4e7ab7feb5520,Fe-Co-Ni-Mn-Zn,uor_activity,doi:10.1002/anie.202209350,source_packet_35db955a4848c549,10.1002/anie.202209350,WOS:000850889800001,2022,PBA_only,experimental,identified_record,none,not_addressed,1,human_accepted,yes
run_dfe4e7ab7feb5520,Fe-Co-Ni-Mn-Zn,alkaline_stability_corrosion,doi:10.1002/anie.202209350,source_packet_35db955a4848c549,10.1002/anie.202209350,WOS:000850889800001,2022,PBA_only,experimental,identified_record,none,not_addressed,1,human_accepted,yes
run_dfe4e7ab7feb5520,Fe-Co-Ni-Mn-Zn,uor_activity,doi:10.1002/anie.202209350,source_packet_35db955a4848c549,10.1002/anie.202209350,WOS:000850889800001,2022,PBA_only,experimental,identified_record,none,not_addressed,1,human_accepted,yes
run_dfe4e7ab7feb5520,Fe-Co-Ni-Mn-Zn,wet_chemical_synthesis,doi:10.1002/anie.202209350,source_packet_35db955a4848c549,10.1002/anie.202209350,WOS:000850889800001,2022,PBA_only,experimental,exact_chunk_DOI_UT,partial,support,1,human_accepted,yes
run_dfe4e7ab7feb5520,Fe-Co-Ni-Mn-Zn,uor_activity,doi:10.1016/j.cej.2024.156767,source_packet_44e16d5849e55a47,10.1016/j.cej.2024.156767,WOS:001341552700001,2024,PBA_only,experimental,identified_record,none,not_addressed,1,human_accepted,yes
run_dfe4e7ab7feb5520,Fe-Co-Ni-Mn-Zn,uor_activity,doi:10.1016/j.cej.2024.156767,source_packet_44e16d5849e55a47,10.1016/j.cej.2024.156767,WOS:001341552700001,2024,PBA_only,experimental,identified_record,none,not_addressed,1,human_accepted,yes
run_dfe4e7ab7feb5520,Fe-Co-Ni-Mn-Zn,uor_activity,doi:10.1016/j.cej.2024.156767,source_packet_44e16d5849e55a47,10.1016/j.cej.2024.156767,WOS:001341552700001,2024,PBA_only,experimental,exact_chunk_DOI_UT,overreach,support,1,human_accepted,yes
run_dfe4e7ab7feb5520,Fe-Co-Ni-Mn-Zn,substitution_and_synergy,doi:10.1016/j.cej.2024.156767,source_packet_44e16d5849e55a47,10.1016/j.cej.2024.156767,WOS:001341552700001,2024,PBA_only,experimental,exact_chunk_DOI_UT,overreach,support,1,human_accepted,yes
run_dfe4e7ab7feb5520,Fe-Co-Ni-Mn-Zn,pba_structural_compatibility,doi:10.1016/j.cej.2024.156767,source_packet_44e16d5849e55a47,10.1016/j.cej.2024.156767,WOS:001341552700001,2024,PBA_only,experimental,abstract_DOI_UT,contextual,support,1,human_accepted,yes
run_dfe4e7ab7feb5520,Fe-Co-Ni-Mn-Zn,uor_activity,doi:10.1016/j.cej.2024.156767,source_packet_44e16d5849e55a47,10.1016/j.cej.2024.156767,WOS:001341552700001,2024,PBA_only,experimental,exact_chunk_DOI_UT,overreach,support,1,human_accepted,yes
run_dfe4e7ab7feb5520,Fe-Co-Ni-Mn-Zn,pba_structural_compatibility,doi:10.1016/j.cej.2024.156767,source_packet_44e16d5849e55a47,10.1016/j.cej.2024.156767,WOS:001341552700001,2024,PBA_only,experimental,abstract_DOI_UT,contextual,support,1,human_accepted,yes
run_dfe4e7ab7feb5520,Fe-Co-Ni-Mn-Zn,alkaline_stability_corrosion,doi:10.1016/j.cej.2024.156767,source_packet_44e16d5849e55a47,10.1016/j.cej.2024.156767,WOS:001341552700001,2024,PBA_only,experimental,exact_chunk_DOI_UT,partial,support,1,human_accepted,yes
run_dfe4e7ab7feb5520,Fe-Co-Ni-Mn-Zn,pba_structural_compatibility,doi:10.1016/j.cej.2024.156767,source_packet_44e16d5849e55a47,10.1016/j.cej.2024.156767,WOS:001341552700001,2024,PBA_only,experimental,exact_chunk_DOI_UT,partial,support,1,human_accepted,yes
run_dfe4e7ab7feb5520,Fe-Co-Ni-Mn-Zn,uor_activity,doi:10.1016/j.cej.2024.156767,source_packet_44e16d5849e55a47,10.1016/j.cej.2024.156767,WOS:001341552700001,2024,PBA_only,experimental,identified_record,none,not_addressed,1,human_accepted,yes
run_dfe4e7ab7feb5520,Fe-Co-Ni-Mn-Zn,wet_chemical_synthesis,doi:10.1016/j.cej.2024.156767,source_packet_44e16d5849e55a47,10.1016/j.cej.2024.156767,WOS:001341552700001,2024,PBA_only,experimental,identified_record,none,not_addressed,1,human_accepted,yes
run_dfe4e7ab7feb5520,Fe-Co-Ni-Mn-Zn,uor_activity,doi:10.1016/j.nanoen.2020.105464,source_packet_8ae15c692bb17317,10.1016/j.nanoen.2020.105464,WOS:000620325800004,2021,PBA_only,experimental,identified_record,none,not_addressed,1,human_accepted,yes
run_dfe4e7ab7feb5520,Fe-Co-Ni-Mn-Zn,uor_activity,doi:10.1016/j.nanoen.2020.105464,source_packet_8ae15c692bb17317,10.1016/j.nanoen.2020.105464,WOS:000620325800004,2021,PBA_only,experimental,identified_record,none,not_addressed,1,human_accepted,yes
run_dfe4e7ab7feb5520,Fe-Co-Ni-Mn-Zn,uor_activity,doi:10.1016/j.nanoen.2020.105464,source_packet_8ae15c692bb17317,10.1016/j.nanoen.2020.105464,WOS:000620325800004,2021,PBA_only,experimental,identified_record,none,not_addressed,1,human_accepted,yes
run_dfe4e7ab7feb5520,Fe-Co-Ni-Mn-Zn,substitution_and_synergy,doi:10.1016/j.nanoen.2020.105464,source_packet_8ae15c692bb17317,10.1016/j.nanoen.2020.105464,WOS:000620325800004,2021,PBA_only,experimental,exact_chunk_DOI_UT,contextual,support,1,human_accepted,yes
run_dfe4e7ab7feb5520,Fe-Co-Ni-Mn-Zn,pba_structural_compatibility,doi:10.1016/j.nanoen.2020.105464,source_packet_8ae15c692bb17317,10.1016/j.nanoen.2020.105464,WOS:000620325800004,2021,PBA_only,experimental,exact_chunk_DOI_UT,contextual,support,1,human_accepted,yes
run_dfe4e7ab7feb5520,Fe-Co-Ni-Mn-Zn,alkaline_stability_corrosion,doi:10.1016/j.nanoen.2020.105464,source_packet_8ae15c692bb17317,10.1016/j.nanoen.2020.105464,WOS:000620325800004,2021,PBA_only,experimental,identified_record,none,not_addressed,1,human_accepted,yes
run_dfe4e7ab7feb5520,Fe-Co-Ni-Mn-Zn,uor_activity,doi:10.1016/j.nanoen.2020.105464,source_packet_8ae15c692bb17317,10.1016/j.nanoen.2020.105464,WOS:000620325800004,2021,PBA_only,experimental,identified_record,none,not_addressed,1,human_accepted,yes
run_dfe4e7ab7feb5520,Fe-Co-Ni-Mn-Zn,pba_structural_compatibility,doi:10.1016/j.nanoen.2020.105464,source_packet_8ae15c692bb17317,10.1016/j.nanoen.2020.105464,WOS:000620325800004,2021,PBA_only,experimental,exact_chunk_DOI_UT,contextual,support,1,human_accepted,yes
run_dfe4e7ab7feb5520,Fe-Co-Ni-Mn-Zn,alkaline_stability_corrosion,doi:10.1016/j.nanoen.2020.105464,source_packet_8ae15c692bb17317,10.1016/j.nanoen.2020.105464,WOS:000620325800004,2021,PBA_only,experimental,identified_record,none,not_addressed,1,human_accepted,yes
run_dfe4e7ab7feb5520,Fe-Co-Ni-Mn-Zn,pba_structural_compatibility,doi:10.1016/j.nanoen.2020.105464,source_packet_8ae15c692bb17317,10.1016/j.nanoen.2020.105464,WOS:000620325800004,2021,PBA_only,experimental,exact_chunk_DOI_UT,contextual,support,1,human_accepted,yes
run_dfe4e7ab7feb5520,Fe-Co-Ni-Mn-Zn,uor_activity,doi:10.1016/j.nanoen.2020.105464,source_packet_8ae15c692bb17317,10.1016/j.nanoen.2020.105464,WOS:000620325800004,2021,PBA_only,experimental,identified_record,none,not_addressed,1,human_accepted,yes
run_dfe4e7ab7feb5520,Fe-Co-Ni-Mn-Zn,wet_chemical_synthesis,doi:10.1016/j.nanoen.2020.105464,source_packet_8ae15c692bb17317,10.1016/j.nanoen.2020.105464,WOS:000620325800004,2021,PBA_only,experimental,exact_chunk_DOI_UT,partial,support,1,human_accepted,yes
run_dfe4e7ab7feb5520,Fe-Co-Ni-Mn-Zn,uor_activity,doi:10.1021/acs.inorgchem.3c01701,source_packet_b3ab3ffbb4b4e6d2,10.1021/acs.inorgchem.3c01701,WOS:001016562800001,2023,direct_PBA_UOR,experimental,abstract_DOI_UT,contextual,support,1,human_accepted,yes
run_dfe4e7ab7feb5520,Fe-Co-Ni-Mn-Zn,uor_activity,doi:10.1021/acs.inorgchem.3c01701,source_packet_b3ab3ffbb4b4e6d2,10.1021/acs.inorgchem.3c01701,WOS:001016562800001,2023,direct_PBA_UOR,experimental,exact_chunk_DOI_UT,partial,support,1,human_accepted,yes
run_dfe4e7ab7feb5520,Fe-Co-Ni-Mn-Zn,uor_activity,doi:10.1021/acs.inorgchem.3c01701,source_packet_b3ab3ffbb4b4e6d2,10.1021/acs.inorgchem.3c01701,WOS:001016562800001,2023,direct_PBA_UOR,experimental,exact_chunk_DOI_UT,partial,support,1,human_accepted,yes
run_dfe4e7ab7feb5520,Fe-Co-Ni-Mn-Zn,substitution_and_synergy,doi:10.1021/acs.inorgchem.3c01701,source_packet_b3ab3ffbb4b4e6d2,10.1021/acs.inorgchem.3c01701,WOS:001016562800001,2023,direct_PBA_UOR,experimental,identified_record,none,not_addressed,1,human_accepted,yes
run_dfe4e7ab7feb5520,Fe-Co-Ni-Mn-Zn,pba_structural_compatibility,doi:10.1021/acs.inorgchem.3c01701,source_packet_b3ab3ffbb4b4e6d2,10.1021/acs.inorgchem.3c01701,WOS:001016562800001,2023,direct_PBA_UOR,experimental,abstract_DOI_UT,contextual,support,1,human_accepted,yes
run_dfe4e7ab7feb5520,Fe-Co-Ni-Mn-Zn,alkaline_stability_corrosion,doi:10.1021/acs.inorgchem.3c01701,source_packet_b3ab3ffbb4b4e6d2,10.1021/acs.inorgchem.3c01701,WOS:001016562800001,2023,direct_PBA_UOR,experimental,identified_record,none,not_addressed,1,human_accepted,yes
run_dfe4e7ab7feb5520,Fe-Co-Ni-Mn-Zn,uor_activity,doi:10.1021/acs.inorgchem.3c01701,source_packet_b3ab3ffbb4b4e6d2,10.1021/acs.inorgchem.3c01701,WOS:001016562800001,2023,direct_PBA_UOR,experimental,exact_chunk_DOI_UT,partial,support,1,human_accepted,yes
run_dfe4e7ab7feb5520,Fe-Co-Ni-Mn-Zn,pba_structural_compatibility,doi:10.1021/acs.inorgchem.3c01701,source_packet_b3ab3ffbb4b4e6d2,10.1021/acs.inorgchem.3c01701,WOS:001016562800001,2023,direct_PBA_UOR,experimental,abstract_DOI_UT,contextual,support,1,human_accepted,yes
run_dfe4e7ab7feb5520,Fe-Co-Ni-Mn-Zn,alkaline_stability_corrosion,doi:10.1021/acs.inorgchem.3c01701,source_packet_b3ab3ffbb4b4e6d2,10.1021/acs.inorgchem.3c01701,WOS:001016562800001,2023,direct_PBA_UOR,experimental,identified_record,none,not_addressed,1,human_accepted,yes
run_dfe4e7ab7feb5520,Fe-Co-Ni-Mn-Zn,pba_structural_compatibility,doi:10.1021/acs.inorgchem.3c01701,source_packet_b3ab3ffbb4b4e6d2,10.1021/acs.inorgchem.3c01701,WOS:001016562800001,2023,direct_PBA_UOR,experimental,abstract_DOI_UT,contextual,support,1,human_accepted,yes
run_dfe4e7ab7feb5520,Fe-Co-Ni-Mn-Zn,uor_activity,doi:10.1021/acs.inorgchem.3c01701,source_packet_b3ab3ffbb4b4e6d2,10.1021/acs.inorgchem.3c01701,WOS:001016562800001,2023,direct_PBA_UOR,experimental,abstract_DOI_UT,contextual,support,1,human_accepted,yes
run_dfe4e7ab7feb5520,Fe-Co-Ni-Mn-Zn,wet_chemical_synthesis,doi:10.1021/acs.inorgchem.3c01701,source_packet_b3ab3ffbb4b4e6d2,10.1021/acs.inorgchem.3c01701,WOS:001016562800001,2023,direct_PBA_UOR,experimental,abstract_DOI_UT,contextual,support,1,human_accepted,yes
run_dfe4e7ab7feb5520,Fe-Co-Ni-Mn-Zn,uor_activity,doi:10.1039/d3ta01962d,source_packet_dea72bf44afce778,10.1039/d3ta01962d,WOS:001013098100001,2023,substitution,experimental,exact_chunk_DOI_UT,partial,support,1,human_accepted,yes
run_dfe4e7ab7feb5520,Fe-Co-Ni-Mn-Zn,uor_activity,doi:10.1039/d3ta01962d,source_packet_dea72bf44afce778,10.1039/d3ta01962d,WOS:001013098100001,2023,substitution,experimental,exact_chunk_DOI_UT,partial,support,1,human_accepted,yes
run_dfe4e7ab7feb5520,Fe-Co-Ni-Mn-Zn,uor_activity,doi:10.1039/d3ta01962d,source_packet_dea72bf44afce778,10.1039/d3ta01962d,WOS:001013098100001,2023,substitution,experimental,exact_chunk_DOI_UT,partial,support,1,human_accepted,yes
run_dfe4e7ab7feb5520,Fe-Co-Ni-Mn-Zn,substitution_and_synergy,doi:10.1039/d3ta01962d,source_packet_dea72bf44afce778,10.1039/d3ta01962d,WOS:001013098100001,2023,substitution,experimental,abstract_DOI_UT,contextual,support,1,human_accepted,yes
run_dfe4e7ab7feb5520,Fe-Co-Ni-Mn-Zn,pba_structural_compatibility,doi:10.1039/d3ta01962d,source_packet_dea72bf44afce778,10.1039/d3ta01962d,WOS:001013098100001,2023,substitution,experimental,identified_record,none,not_addressed,1,human_accepted,yes
run_dfe4e7ab7feb5520,Fe-Co-Ni-Mn-Zn,alkaline_stability_corrosion,doi:10.1039/d3ta01962d,source_packet_dea72bf44afce778,10.1039/d3ta01962d,WOS:001013098100001,2023,substitution,experimental,abstract_DOI_UT,contextual,support,1,human_accepted,yes
run_dfe4e7ab7feb5520,Fe-Co-Ni-Mn-Zn,pba_structural_compatibility,doi:10.1039/d3ta01962d,source_packet_dea72bf44afce778,10.1039/d3ta01962d,WOS:001013098100001,2023,substitution,experimental,identified_record,none,not_addressed,1,human_accepted,yes
run_dfe4e7ab7feb5520,Fe-Co-Ni-Mn-Zn,alkaline_stability_corrosion,doi:10.1039/d3ta01962d,source_packet_dea72bf44afce778,10.1039/d3ta01962d,WOS:001013098100001,2023,substitution,experimental,abstract_DOI_UT,contextual,support,1,human_accepted,yes
run_dfe4e7ab7feb5520,Fe-Co-Ni-Mn-Zn,pba_structural_compatibility,doi:10.1039/d3ta01962d,source_packet_dea72bf44afce778,10.1039/d3ta01962d,WOS:001013098100001,2023,substitution,experimental,identified_record,none,not_addressed,1,human_accepted,yes
run_dfe4e7ab7feb5520,Fe-Co-Ni-Mn-Zn,uor_activity,doi:10.1039/d3ta01962d,source_packet_dea72bf44afce778,10.1039/d3ta01962d,WOS:001013098100001,2023,substitution,experimental,exact_chunk_DOI_UT,partial,support,1,human_accepted,yes
run_dfe4e7ab7feb5520,Fe-Co-Ni-Mn-Zn,wet_chemical_synthesis,doi:10.1039/d3ta01962d,source_packet_dea72bf44afce778,10.1039/d3ta01962d,WOS:001013098100001,2023,substitution,experimental,identified_record,none,not_addressed,1,human_accepted,yes
run_ff292d61b6376df8,Fe-Co-Ni-Mn-Zn,uor_activity,doi:10.1039/d2cc06010h,source_packet_6b5e3b0f4732d68b,10.1039/d2cc06010h,WOS:000902087700001,2023,substitution,experimental,abstract_DOI_UT,contextual,support,0.9674014658411585,machine_unreviewed,yes
run_ff292d61b6376df8,Fe-Co-Ni-Mn-Zn,uor_activity,doi:10.1039/d2cc06010h,source_packet_6b5e3b0f4732d68b,10.1039/d2cc06010h,WOS:000902087700001,2023,substitution,experimental,abstract_DOI_UT,contextual,support,0.9674014658411585,machine_unreviewed,yes
run_ff292d61b6376df8,Fe-Co-Ni-Mn-Zn,uor_activity,doi:10.1039/d2cc06010h,source_packet_6b5e3b0f4732d68b,10.1039/d2cc06010h,WOS:000902087700001,2023,substitution,experimental,abstract_DOI_UT,contextual,support,0.9674014658411585,machine_unreviewed,yes
run_ff292d61b6376df8,Fe-Co-Ni-Mn-Zn,substitution_and_synergy,doi:10.1039/d2cc06010h,source_packet_6b5e3b0f4732d68b,10.1039/d2cc06010h,WOS:000902087700001,2023,substitution,experimental,exact_chunk_DOI_UT,partial,support,0.9674014658411585,machine_unreviewed,yes
run_ff292d61b6376df8,Fe-Co-Ni-Mn-Zn,uor_activity,doi:10.1039/d2cc06010h,source_packet_6b5e3b0f4732d68b,10.1039/d2cc06010h,WOS:000902087700001,2023,substitution,experimental,abstract_DOI_UT,contextual,support,0.9674014658411585,machine_unreviewed,yes
run_ff292d61b6376df8,Fe-Co-Ni-Mn-Zn,pba_structural_compatibility,doi:10.1039/d2cc06010h,source_packet_6b5e3b0f4732d68b,10.1039/d2cc06010h,WOS:000902087700001,2023,substitution,experimental,identified_record,none,not_addressed,0.9674014658411585,machine_unreviewed,yes
run_ff292d61b6376df8,Fe-Co-Ni-Mn-Zn,pba_structural_compatibility,doi:10.1039/d2cc06010h,source_packet_6b5e3b0f4732d68b,10.1039/d2cc06010h,WOS:000902087700001,2023,substitution,experimental,identified_record,none,not_addressed,0.9674014658411585,machine_unreviewed,yes
run_ff292d61b6376df8,Fe-Co-Ni-Mn-Zn,uor_activity,doi:10.1039/d2cc06010h,source_packet_6b5e3b0f4732d68b,10.1039/d2cc06010h,WOS:000902087700001,2023,substitution,experimental,abstract_DOI_UT,contextual,support,0.9674014658411585,machine_unreviewed,yes
run_ff292d61b6376df8,Fe-Co-Ni-Mn-Zn,pba_structural_compatibility,doi:10.1039/d2cc06010h,source_packet_6b5e3b0f4732d68b,10.1039/d2cc06010h,WOS:000902087700001,2023,substitution,experimental,identified_record,none,not_addressed,0.9674014658411585,machine_unreviewed,yes
run_ff292d61b6376df8,Fe-Co-Ni-Mn-Zn,alkaline_stability_corrosion,doi:10.1039/d2cc06010h,source_packet_6b5e3b0f4732d68b,10.1039/d2cc06010h,WOS:000902087700001,2023,substitution,experimental,abstract_DOI_UT,contextual,support,0.9674014658411585,machine_unreviewed,yes
run_ff292d61b6376df8,Fe-Co-Ni-Mn-Zn,wet_chemical_synthesis,doi:10.1039/d2cc06010h,source_packet_6b5e3b0f4732d68b,10.1039/d2cc06010h,WOS:000902087700001,2023,substitution,experimental,identified_record,none,not_addressed,0.9674014658411585,machine_unreviewed,yes
run_ff292d61b6376df8,Fe-Co-Ni-Mn-Zn,alkaline_stability_corrosion,doi:10.1039/d2cc06010h,source_packet_6b5e3b0f4732d68b,10.1039/d2cc06010h,WOS:000902087700001,2023,substitution,experimental,abstract_DOI_UT,contextual,support,0.9674014658411585,machine_unreviewed,yes
run_ff292d61b6376df8,Fe-Co-Ni-Mn-Zn,wet_chemical_synthesis,doi:10.1039/d2cc06010h,source_packet_6b5e3b0f4732d68b,10.1039/d2cc06010h,WOS:000902087700001,2023,substitution,experimental,identified_record,none,not_addressed,0.9674014658411585,machine_unreviewed,yes
run_ff292d61b6376df8,Fe-Co-Ni-Mn-Zn,uor_activity,doi:10.1016/j.nanoen.2020.105464,source_packet_7f99f39e383d4698,10.1016/j.nanoen.2020.105464,WOS:000620325800004,2021,PBA_only,experimental,identified_record,none,not_addressed,1,human_accepted,yes
run_ff292d61b6376df8,Fe-Co-Ni-Mn-Zn,uor_activity,doi:10.1016/j.nanoen.2020.105464,source_packet_7f99f39e383d4698,10.1016/j.nanoen.2020.105464,WOS:000620325800004,2021,PBA_only,experimental,identified_record,none,not_addressed,1,human_accepted,yes
run_ff292d61b6376df8,Fe-Co-Ni-Mn-Zn,uor_activity,doi:10.1016/j.nanoen.2020.105464,source_packet_7f99f39e383d4698,10.1016/j.nanoen.2020.105464,WOS:000620325800004,2021,PBA_only,experimental,identified_record,none,not_addressed,1,human_accepted,yes
run_ff292d61b6376df8,Fe-Co-Ni-Mn-Zn,substitution_and_synergy,doi:10.1016/j.nanoen.2020.105464,source_packet_7f99f39e383d4698,10.1016/j.nanoen.2020.105464,WOS:000620325800004,2021,PBA_only,experimental,exact_chunk_DOI_UT,contextual,support,1,human_accepted,yes
run_ff292d61b6376df8,Fe-Co-Ni-Mn-Zn,uor_activity,doi:10.1016/j.nanoen.2020.105464,source_packet_7f99f39e383d4698,10.1016/j.nanoen.2020.105464,WOS:000620325800004,2021,PBA_only,experimental,identified_record,none,not_addressed,1,human_accepted,yes
run_ff292d61b6376df8,Fe-Co-Ni-Mn-Zn,pba_structural_compatibility,doi:10.1016/j.nanoen.2020.105464,source_packet_7f99f39e383d4698,10.1016/j.nanoen.2020.105464,WOS:000620325800004,2021,PBA_only,experimental,exact_chunk_DOI_UT,contextual,support,1,human_accepted,yes
run_ff292d61b6376df8,Fe-Co-Ni-Mn-Zn,pba_structural_compatibility,doi:10.1016/j.nanoen.2020.105464,source_packet_7f99f39e383d4698,10.1016/j.nanoen.2020.105464,WOS:000620325800004,2021,PBA_only,experimental,exact_chunk_DOI_UT,contextual,support,1,human_accepted,yes
run_ff292d61b6376df8,Fe-Co-Ni-Mn-Zn,uor_activity,doi:10.1016/j.nanoen.2020.105464,source_packet_7f99f39e383d4698,10.1016/j.nanoen.2020.105464,WOS:000620325800004,2021,PBA_only,experimental,identified_record,none,not_addressed,1,human_accepted,yes
run_ff292d61b6376df8,Fe-Co-Ni-Mn-Zn,pba_structural_compatibility,doi:10.1016/j.nanoen.2020.105464,source_packet_7f99f39e383d4698,10.1016/j.nanoen.2020.105464,WOS:000620325800004,2021,PBA_only,experimental,exact_chunk_DOI_UT,contextual,support,1,human_accepted,yes
run_ff292d61b6376df8,Fe-Co-Ni-Mn-Zn,alkaline_stability_corrosion,doi:10.1016/j.nanoen.2020.105464,source_packet_7f99f39e383d4698,10.1016/j.nanoen.2020.105464,WOS:000620325800004,2021,PBA_only,experimental,identified_record,none,not_addressed,1,human_accepted,yes
run_ff292d61b6376df8,Fe-Co-Ni-Mn-Zn,wet_chemical_synthesis,doi:10.1016/j.nanoen.2020.105464,source_packet_7f99f39e383d4698,10.1016/j.nanoen.2020.105464,WOS:000620325800004,2021,PBA_only,experimental,exact_chunk_DOI_UT,partial,support,1,human_accepted,yes
run_ff292d61b6376df8,Fe-Co-Ni-Mn-Zn,alkaline_stability_corrosion,doi:10.1016/j.nanoen.2020.105464,source_packet_7f99f39e383d4698,10.1016/j.nanoen.2020.105464,WOS:000620325800004,2021,PBA_only,experimental,identified_record,none,not_addressed,1,human_accepted,yes
run_ff292d61b6376df8,Fe-Co-Ni-Mn-Zn,wet_chemical_synthesis,doi:10.1016/j.nanoen.2020.105464,source_packet_7f99f39e383d4698,10.1016/j.nanoen.2020.105464,WOS:000620325800004,2021,PBA_only,experimental,exact_chunk_DOI_UT,partial,support,1,human_accepted,yes
run_ff292d61b6376df8,Fe-Co-Ni-Mn-Zn,uor_activity,doi:10.1021/acs.inorgchem.2c04465,source_packet_9bb17a912f2335a7,10.1021/acs.inorgchem.2c04465,WOS:000938761100001,2023,direct_PBA_UOR,experimental,exact_chunk_DOI_UT,partial,support,1,human_accepted,yes
run_ff292d61b6376df8,Fe-Co-Ni-Mn-Zn,pba_structural_compatibility,doi:10.1021/acs.inorgchem.2c04465,source_packet_9bb17a912f2335a7,10.1021/acs.inorgchem.2c04465,WOS:000938761100001,2023,direct_PBA_UOR,experimental,abstract_DOI_UT,contextual,support,1,human_accepted,yes
run_ff292d61b6376df8,Fe-Co-Ni-Mn-Zn,pba_structural_compatibility,doi:10.1021/acs.inorgchem.2c04465,source_packet_9bb17a912f2335a7,10.1021/acs.inorgchem.2c04465,WOS:000938761100001,2023,direct_PBA_UOR,experimental,abstract_DOI_UT,contextual,support,1,human_accepted,yes
run_ff292d61b6376df8,Fe-Co-Ni-Mn-Zn,pba_structural_compatibility,doi:10.1021/acs.inorgchem.2c04465,source_packet_9bb17a912f2335a7,10.1021/acs.inorgchem.2c04465,WOS:000938761100001,2023,direct_PBA_UOR,experimental,abstract_DOI_UT,contextual,support,1,human_accepted,yes
run_ff292d61b6376df8,Fe-Co-Ni-Mn-Zn,alkaline_stability_corrosion,doi:10.1021/acs.inorgchem.2c04465,source_packet_9bb17a912f2335a7,10.1021/acs.inorgchem.2c04465,WOS:000938761100001,2023,direct_PBA_UOR,experimental,abstract_DOI_UT,contextual,support,1,human_accepted,yes
run_ff292d61b6376df8,Fe-Co-Ni-Mn-Zn,wet_chemical_synthesis,doi:10.1021/acs.inorgchem.2c04465,source_packet_9bb17a912f2335a7,10.1021/acs.inorgchem.2c04465,WOS:000938761100001,2023,direct_PBA_UOR,experimental,identified_record,none,not_addressed,1,human_accepted,yes
run_ff292d61b6376df8,Fe-Co-Ni-Mn-Zn,alkaline_stability_corrosion,doi:10.1021/acs.inorgchem.2c04465,source_packet_9bb17a912f2335a7,10.1021/acs.inorgchem.2c04465,WOS:000938761100001,2023,direct_PBA_UOR,experimental,abstract_DOI_UT,contextual,support,1,human_accepted,yes
run_ff292d61b6376df8,Fe-Co-Ni-Mn-Zn,wet_chemical_synthesis,doi:10.1021/acs.inorgchem.2c04465,source_packet_9bb17a912f2335a7,10.1021/acs.inorgchem.2c04465,WOS:000938761100001,2023,direct_PBA_UOR,experimental,identified_record,none,not_addressed,1,human_accepted,yes
run_ff292d61b6376df8,Fe-Co-Ni-Mn-Zn,uor_activity,wos:WOS_A7A85EDE9F6153F4,source_packet_a10cdd5f4c35f022,,,,direct_PBA_UOR,experimental,identified_record,contextual,support,1,human_accepted,yes
run_ff292d61b6376df8,Fe-Co-Ni-Mn-Zn,uor_activity,wos:WOS_A7A85EDE9F6153F4,source_packet_a10cdd5f4c35f022,,,,direct_PBA_UOR,experimental,identified_record,none,not_addressed,1,human_accepted,yes
run_ff292d61b6376df8,Fe-Co-Ni-Mn-Zn,uor_activity,wos:WOS_A7A85EDE9F6153F4,source_packet_a10cdd5f4c35f022,,,,direct_PBA_UOR,experimental,identified_record,none,not_addressed,1,human_accepted,yes
run_ff292d61b6376df8,Fe-Co-Ni-Mn-Zn,substitution_and_synergy,wos:WOS_A7A85EDE9F6153F4,source_packet_a10cdd5f4c35f022,,,,direct_PBA_UOR,experimental,identified_record,none,not_addressed,1,human_accepted,yes
run_ff292d61b6376df8,Fe-Co-Ni-Mn-Zn,uor_activity,wos:WOS_A7A85EDE9F6153F4,source_packet_a10cdd5f4c35f022,,,,direct_PBA_UOR,experimental,identified_record,none,not_addressed,1,human_accepted,yes
run_ff292d61b6376df8,Fe-Co-Ni-Mn-Zn,pba_structural_compatibility,wos:WOS_A7A85EDE9F6153F4,source_packet_a10cdd5f4c35f022,,,,direct_PBA_UOR,experimental,identified_record,contextual,support,1,human_accepted,yes
run_ff292d61b6376df8,Fe-Co-Ni-Mn-Zn,pba_structural_compatibility,wos:WOS_A7A85EDE9F6153F4,source_packet_a10cdd5f4c35f022,,,,direct_PBA_UOR,experimental,identified_record,none,not_addressed,1,human_accepted,yes
run_ff292d61b6376df8,Fe-Co-Ni-Mn-Zn,uor_activity,wos:WOS_A7A85EDE9F6153F4,source_packet_a10cdd5f4c35f022,,,,direct_PBA_UOR,experimental,identified_record,none,not_addressed,1,human_accepted,yes
run_ff292d61b6376df8,Fe-Co-Ni-Mn-Zn,pba_structural_compatibility,wos:WOS_A7A85EDE9F6153F4,source_packet_a10cdd5f4c35f022,,,,direct_PBA_UOR,experimental,identified_record,contextual,support,1,human_accepted,yes
run_ff292d61b6376df8,Fe-Co-Ni-Mn-Zn,wet_chemical_synthesis,wos:WOS_A7A85EDE9F6153F4,source_packet_a10cdd5f4c35f022,,,,direct_PBA_UOR,experimental,identified_record,contextual,support,1,human_accepted,yes
run_ff292d61b6376df8,Fe-Co-Ni-Mn-Zn,wet_chemical_synthesis,wos:WOS_A7A85EDE9F6153F4,source_packet_a10cdd5f4c35f022,,,,direct_PBA_UOR,experimental,identified_record,contextual,support,1,human_accepted,yes
run_ff292d61b6376df8,Fe-Co-Ni-Mn-Zn,uor_activity,doi:10.1002/anie.202414479,source_packet_a1f47a87c1ed3481,10.1002/anie.202414479,WOS:001357118400001,2025,PBA_only,experimental,identified_record,none,not_addressed,1,human_accepted,yes
run_ff292d61b6376df8,Fe-Co-Ni-Mn-Zn,uor_activity,doi:10.1002/anie.202414479,source_packet_a1f47a87c1ed3481,10.1002/anie.202414479,WOS:001357118400001,2025,PBA_only,experimental,identified_record,none,not_addressed,1,human_accepted,yes
run_ff292d61b6376df8,Fe-Co-Ni-Mn-Zn,uor_activity,doi:10.1002/anie.202414479,source_packet_a1f47a87c1ed3481,10.1002/anie.202414479,WOS:001357118400001,2025,PBA_only,experimental,identified_record,none,not_addressed,1,human_accepted,yes
run_ff292d61b6376df8,Fe-Co-Ni-Mn-Zn,substitution_and_synergy,doi:10.1002/anie.202414479,source_packet_a1f47a87c1ed3481,10.1002/anie.202414479,WOS:001357118400001,2025,PBA_only,experimental,abstract_DOI_UT,contextual,support,1,human_accepted,yes
run_ff292d61b6376df8,Fe-Co-Ni-Mn-Zn,uor_activity,doi:10.1002/anie.202414479,source_packet_a1f47a87c1ed3481,10.1002/anie.202414479,WOS:001357118400001,2025,PBA_only,experimental,identified_record,none,not_addressed,1,human_accepted,yes
run_ff292d61b6376df8,Fe-Co-Ni-Mn-Zn,uor_activity,doi:10.1002/anie.202414479,source_packet_a1f47a87c1ed3481,10.1002/anie.202414479,WOS:001357118400001,2025,PBA_only,experimental,identified_record,none,not_addressed,1,human_accepted,yes
run_ff292d61b6376df8,Fe-Co-Ni-Mn-Zn,pba_structural_compatibility,doi:10.1002/anie.202414479,source_packet_a1f47a87c1ed3481,10.1002/anie.202414479,WOS:001357118400001,2025,PBA_only,experimental,exact_chunk_DOI_UT,partial,support,1,human_accepted,yes
run_ff292d61b6376df8,Fe-Co-Ni-Mn-Zn,alkaline_stability_corrosion,doi:10.1002/anie.202414479,source_packet_a1f47a87c1ed3481,10.1002/anie.202414479,WOS:001357118400001,2025,PBA_only,experimental,exact_chunk_DOI_UT,partial,support,1,human_accepted,yes
run_ff292d61b6376df8,Fe-Co-Ni-Mn-Zn,wet_chemical_synthesis,doi:10.1002/anie.202414479,source_packet_a1f47a87c1ed3481,10.1002/anie.202414479,WOS:001357118400001,2025,PBA_only,experimental,identified_record,none,not_addressed,1,human_accepted,yes
run_ff292d61b6376df8,Fe-Co-Ni-Mn-Zn,alkaline_stability_corrosion,doi:10.1002/anie.202414479,source_packet_a1f47a87c1ed3481,10.1002/anie.202414479,WOS:001357118400001,2025,PBA_only,experimental,exact_chunk_DOI_UT,partial,support,1,human_accepted,yes
run_ff292d61b6376df8,Fe-Co-Ni-Mn-Zn,wet_chemical_synthesis,doi:10.1002/anie.202414479,source_packet_a1f47a87c1ed3481,10.1002/anie.202414479,WOS:001357118400001,2025,PBA_only,experimental,identified_record,none,not_addressed,1,human_accepted,yes
run_ff292d61b6376df8,Fe-Co-Ni-Mn-Zn,uor_activity,doi:10.1016/j.jmst.2024.01.096,source_packet_b2943d2022ba74e0,10.1016/j.jmst.2024.01.096,WOS:001241490300001,2024,substitution,experimental,exact_chunk_DOI_UT,partial,support,0.9674014658411585,machine_unreviewed,yes
run_ff292d61b6376df8,Fe-Co-Ni-Mn-Zn,uor_activity,doi:10.1016/j.jmst.2024.01.096,source_packet_b2943d2022ba74e0,10.1016/j.jmst.2024.01.096,WOS:001241490300001,2024,substitution,experimental,exact_chunk_DOI_UT,partial,support,0.9674014658411585,machine_unreviewed,yes
run_ff292d61b6376df8,Fe-Co-Ni-Mn-Zn,uor_activity,doi:10.1016/j.jmst.2024.01.096,source_packet_b2943d2022ba74e0,10.1016/j.jmst.2024.01.096,WOS:001241490300001,2024,substitution,experimental,exact_chunk_DOI_UT,partial,support,0.9674014658411585,machine_unreviewed,yes
run_ff292d61b6376df8,Fe-Co-Ni-Mn-Zn,substitution_and_synergy,doi:10.1016/j.jmst.2024.01.096,source_packet_b2943d2022ba74e0,10.1016/j.jmst.2024.01.096,WOS:001241490300001,2024,substitution,experimental,abstract_DOI_UT,contextual,support,0.9674014658411585,machine_unreviewed,yes
run_ff292d61b6376df8,Fe-Co-Ni-Mn-Zn,uor_activity,doi:10.1016/j.jmst.2024.01.096,source_packet_b2943d2022ba74e0,10.1016/j.jmst.2024.01.096,WOS:001241490300001,2024,substitution,experimental,exact_chunk_DOI_UT,partial,support,0.9674014658411585,machine_unreviewed,yes
run_ff292d61b6376df8,Fe-Co-Ni-Mn-Zn,pba_structural_compatibility,doi:10.1016/j.jmst.2024.01.096,source_packet_b2943d2022ba74e0,10.1016/j.jmst.2024.01.096,WOS:001241490300001,2024,substitution,experimental,identified_record,none,not_addressed,0.9674014658411585,machine_unreviewed,yes
run_ff292d61b6376df8,Fe-Co-Ni-Mn-Zn,pba_structural_compatibility,doi:10.1016/j.jmst.2024.01.096,source_packet_b2943d2022ba74e0,10.1016/j.jmst.2024.01.096,WOS:001241490300001,2024,substitution,experimental,identified_record,none,not_addressed,0.9674014658411585,machine_unreviewed,yes
run_ff292d61b6376df8,Fe-Co-Ni-Mn-Zn,pba_structural_compatibility,doi:10.1016/j.jmst.2024.01.096,source_packet_b2943d2022ba74e0,10.1016/j.jmst.2024.01.096,WOS:001241490300001,2024,substitution,experimental,identified_record,none,not_addressed,0.9674014658411585,machine_unreviewed,yes
run_ff292d61b6376df8,Fe-Co-Ni-Mn-Zn,alkaline_stability_corrosion,doi:10.1016/j.jmst.2024.01.096,source_packet_b2943d2022ba74e0,10.1016/j.jmst.2024.01.096,WOS:001241490300001,2024,substitution,experimental,abstract_DOI_UT,contextual,support,0.9674014658411585,machine_unreviewed,yes
run_ff292d61b6376df8,Fe-Co-Ni-Mn-Zn,wet_chemical_synthesis,doi:10.1016/j.jmst.2024.01.096,source_packet_b2943d2022ba74e0,10.1016/j.jmst.2024.01.096,WOS:001241490300001,2024,substitution,experimental,identified_record,none,not_addressed,0.9674014658411585,machine_unreviewed,yes
run_ff292d61b6376df8,Fe-Co-Ni-Mn-Zn,alkaline_stability_corrosion,doi:10.1016/j.jmst.2024.01.096,source_packet_b2943d2022ba74e0,10.1016/j.jmst.2024.01.096,WOS:001241490300001,2024,substitution,experimental,abstract_DOI_UT,contextual,support,0.9674014658411585,machine_unreviewed,yes
run_ff292d61b6376df8,Fe-Co-Ni-Mn-Zn,wet_chemical_synthesis,doi:10.1016/j.jmst.2024.01.096,source_packet_b2943d2022ba74e0,10.1016/j.jmst.2024.01.096,WOS:001241490300001,2024,substitution,experimental,identified_record,none,not_addressed,0.9674014658411585,machine_unreviewed,yes
run_ff292d61b6376df8,Fe-Co-Ni-Mn-Zn,uor_activity,doi:10.1016/j.jallcom.2024.176183,source_packet_ed4a52da2110557e,10.1016/j.jallcom.2024.176183,WOS:001304563600001,2024,substitution,experimental,abstract_DOI_UT,contextual,support,0.9674014658411585,machine_unreviewed,yes
run_ff292d61b6376df8,Fe-Co-Ni-Mn-Zn,uor_activity,doi:10.1016/j.jallcom.2024.176183,source_packet_ed4a52da2110557e,10.1016/j.jallcom.2024.176183,WOS:001304563600001,2024,substitution,experimental,abstract_DOI_UT,contextual,support,0.9674014658411585,machine_unreviewed,yes
run_ff292d61b6376df8,Fe-Co-Ni-Mn-Zn,uor_activity,doi:10.1016/j.jallcom.2024.176183,source_packet_ed4a52da2110557e,10.1016/j.jallcom.2024.176183,WOS:001304563600001,2024,substitution,experimental,exact_chunk_DOI_UT,partial,support,0.9674014658411585,machine_unreviewed,yes
run_ff292d61b6376df8,Fe-Co-Ni-Mn-Zn,substitution_and_synergy,doi:10.1016/j.jallcom.2024.176183,source_packet_ed4a52da2110557e,10.1016/j.jallcom.2024.176183,WOS:001304563600001,2024,substitution,experimental,abstract_DOI_UT,contextual,support,0.9674014658411585,machine_unreviewed,yes
run_ff292d61b6376df8,Fe-Co-Ni-Mn-Zn,uor_activity,doi:10.1016/j.jallcom.2024.176183,source_packet_ed4a52da2110557e,10.1016/j.jallcom.2024.176183,WOS:001304563600001,2024,substitution,experimental,exact_chunk_DOI_UT,partial,support,0.9674014658411585,machine_unreviewed,yes
run_ff292d61b6376df8,Fe-Co-Ni-Mn-Zn,pba_structural_compatibility,doi:10.1016/j.jallcom.2024.176183,source_packet_ed4a52da2110557e,10.1016/j.jallcom.2024.176183,WOS:001304563600001,2024,substitution,experimental,identified_record,none,not_addressed,0.9674014658411585,machine_unreviewed,yes
run_ff292d61b6376df8,Fe-Co-Ni-Mn-Zn,pba_structural_compatibility,doi:10.1016/j.jallcom.2024.176183,source_packet_ed4a52da2110557e,10.1016/j.jallcom.2024.176183,WOS:001304563600001,2024,substitution,experimental,identified_record,none,not_addressed,0.9674014658411585,machine_unreviewed,yes
run_ff292d61b6376df8,Fe-Co-Ni-Mn-Zn,uor_activity,doi:10.1016/j.jallcom.2024.176183,source_packet_ed4a52da2110557e,10.1016/j.jallcom.2024.176183,WOS:001304563600001,2024,substitution,experimental,exact_chunk_DOI_UT,partial,support,0.9674014658411585,machine_unreviewed,yes
run_ff292d61b6376df8,Fe-Co-Ni-Mn-Zn,pba_structural_compatibility,doi:10.1016/j.jallcom.2024.176183,source_packet_ed4a52da2110557e,10.1016/j.jallcom.2024.176183,WOS:001304563600001,2024,substitution,experimental,identified_record,none,not_addressed,0.9674014658411585,machine_unreviewed,yes
run_ff292d61b6376df8,Fe-Co-Ni-Mn-Zn,alkaline_stability_corrosion,doi:10.1016/j.jallcom.2024.176183,source_packet_ed4a52da2110557e,10.1016/j.jallcom.2024.176183,WOS:001304563600001,2024,substitution,experimental,abstract_DOI_UT,contextual,support,0.9674014658411585,machine_unreviewed,yes
run_ff292d61b6376df8,Fe-Co-Ni-Mn-Zn,wet_chemical_synthesis,doi:10.1016/j.jallcom.2024.176183,source_packet_ed4a52da2110557e,10.1016/j.jallcom.2024.176183,WOS:001304563600001,2024,substitution,experimental,identified_record,none,not_addressed,0.9674014658411585,machine_unreviewed,yes
run_ff292d61b6376df8,Fe-Co-Ni-Mn-Zn,alkaline_stability_corrosion,doi:10.1016/j.jallcom.2024.176183,source_packet_ed4a52da2110557e,10.1016/j.jallcom.2024.176183,WOS:001304563600001,2024,substitution,experimental,abstract_DOI_UT,contextual,support,0.9674014658411585,machine_unreviewed,yes
run_ff292d61b6376df8,Fe-Co-Ni-Mn-Zn,wet_chemical_synthesis,doi:10.1016/j.jallcom.2024.176183,source_packet_ed4a52da2110557e,10.1016/j.jallcom.2024.176183,WOS:001304563600001,2024,substitution,experimental,identified_record,none,not_addressed,0.9674014658411585,machine_unreviewed,yes
run_9750be7218796f0e,Fe-Co-Ni-Mn-Zn,uor_activity,wos:WOS_A7A85EDE9F6153F4,source_packet_40c158b636a7073c,,,,direct_PBA_UOR,experimental,identified_record,contextual,support,1,human_accepted,yes
run_9750be7218796f0e,Fe-Co-Ni-Mn-Zn,uor_activity,wos:WOS_A7A85EDE9F6153F4,source_packet_40c158b636a7073c,,,,direct_PBA_UOR,experimental,identified_record,none,not_addressed,1,human_accepted,yes
run_9750be7218796f0e,Fe-Co-Ni-Mn-Zn,uor_activity,wos:WOS_A7A85EDE9F6153F4,source_packet_40c158b636a7073c,,,,direct_PBA_UOR,experimental,identified_record,contextual,support,1,human_accepted,yes
run_9750be7218796f0e,Fe-Co-Ni-Mn-Zn,uor_activity,wos:WOS_A7A85EDE9F6153F4,source_packet_40c158b636a7073c,,,,direct_PBA_UOR,experimental,identified_record,none,not_addressed,1,human_accepted,yes
run_9750be7218796f0e,Fe-Co-Ni-Mn-Zn,pba_structural_compatibility,wos:WOS_A7A85EDE9F6153F4,source_packet_40c158b636a7073c,,,,direct_PBA_UOR,experimental,identified_record,contextual,support,1,human_accepted,yes
run_9750be7218796f0e,Fe-Co-Ni-Mn-Zn,uor_activity,wos:WOS_A7A85EDE9F6153F4,source_packet_40c158b636a7073c,,,,direct_PBA_UOR,experimental,identified_record,none,not_addressed,1,human_accepted,yes
run_9750be7218796f0e,Fe-Co-Ni-Mn-Zn,uor_activity,wos:WOS_A7A85EDE9F6153F4,source_packet_40c158b636a7073c,,,,direct_PBA_UOR,experimental,identified_record,contextual,support,1,human_accepted,yes
run_9750be7218796f0e,Fe-Co-Ni-Mn-Zn,pba_structural_compatibility,wos:WOS_A7A85EDE9F6153F4,source_packet_40c158b636a7073c,,,,direct_PBA_UOR,experimental,identified_record,none,not_addressed,1,human_accepted,yes
run_9750be7218796f0e,Fe-Co-Ni-Mn-Zn,pba_structural_compatibility,wos:WOS_A7A85EDE9F6153F4,source_packet_40c158b636a7073c,,,,direct_PBA_UOR,experimental,identified_record,contextual,support,1,human_accepted,yes
run_9750be7218796f0e,Fe-Co-Ni-Mn-Zn,pba_structural_compatibility,wos:WOS_A7A85EDE9F6153F4,source_packet_40c158b636a7073c,,,,direct_PBA_UOR,experimental,identified_record,none,not_addressed,1,human_accepted,yes
run_9750be7218796f0e,Fe-Co-Ni-Mn-Zn,wet_chemical_synthesis,wos:WOS_A7A85EDE9F6153F4,source_packet_40c158b636a7073c,,,,direct_PBA_UOR,experimental,identified_record,partial,support,1,human_accepted,yes
run_9750be7218796f0e,Fe-Co-Ni-Mn-Zn,uor_activity,doi:10.1039/d3ta01967e,source_packet_464a452ec73b2db8,10.1039/d3ta01967e,WOS:001063921500001,2023,PBA_only,experimental,identified_record,none,not_addressed,1,human_accepted,yes
run_9750be7218796f0e,Fe-Co-Ni-Mn-Zn,uor_activity,doi:10.1039/d3ta01967e,source_packet_464a452ec73b2db8,10.1039/d3ta01967e,WOS:001063921500001,2023,PBA_only,experimental,identified_record,none,not_addressed,1,human_accepted,yes
run_9750be7218796f0e,Fe-Co-Ni-Mn-Zn,uor_activity,doi:10.1039/d3ta01967e,source_packet_464a452ec73b2db8,10.1039/d3ta01967e,WOS:001063921500001,2023,PBA_only,experimental,identified_record,none,not_addressed,1,human_accepted,yes
run_9750be7218796f0e,Fe-Co-Ni-Mn-Zn,uor_activity,doi:10.1039/d3ta01967e,source_packet_464a452ec73b2db8,10.1039/d3ta01967e,WOS:001063921500001,2023,PBA_only,experimental,identified_record,none,not_addressed,1,human_accepted,yes
run_9750be7218796f0e,Fe-Co-Ni-Mn-Zn,pba_structural_compatibility,doi:10.1039/d3ta01967e,source_packet_464a452ec73b2db8,10.1039/d3ta01967e,WOS:001063921500001,2023,PBA_only,experimental,abstract_DOI_UT,contextual,support,1,human_accepted,yes
run_9750be7218796f0e,Fe-Co-Ni-Mn-Zn,uor_activity,doi:10.1039/d3ta01967e,source_packet_464a452ec73b2db8,10.1039/d3ta01967e,WOS:001063921500001,2023,PBA_only,experimental,identified_record,none,not_addressed,1,human_accepted,yes
run_9750be7218796f0e,Fe-Co-Ni-Mn-Zn,uor_activity,doi:10.1039/d3ta01967e,source_packet_464a452ec73b2db8,10.1039/d3ta01967e,WOS:001063921500001,2023,PBA_only,experimental,identified_record,none,not_addressed,1,human_accepted,yes
run_9750be7218796f0e,Fe-Co-Ni-Mn-Zn,pba_structural_compatibility,doi:10.1039/d3ta01967e,source_packet_464a452ec73b2db8,10.1039/d3ta01967e,WOS:001063921500001,2023,PBA_only,experimental,abstract_DOI_UT,contextual,support,1,human_accepted,yes
run_9750be7218796f0e,Fe-Co-Ni-Mn-Zn,alkaline_stability_corrosion,doi:10.1039/d3ta01967e,source_packet_464a452ec73b2db8,10.1039/d3ta01967e,WOS:001063921500001,2023,PBA_only,experimental,abstract_DOI_UT,contextual,support,1,human_accepted,yes
run_9750be7218796f0e,Fe-Co-Ni-Mn-Zn,pba_structural_compatibility,doi:10.1039/d3ta01967e,source_packet_464a452ec73b2db8,10.1039/d3ta01967e,WOS:001063921500001,2023,PBA_only,experimental,abstract_DOI_UT,contextual,support,1,human_accepted,yes
run_9750be7218796f0e,Fe-Co-Ni-Mn-Zn,pba_structural_compatibility,doi:10.1039/d3ta01967e,source_packet_464a452ec73b2db8,10.1039/d3ta01967e,WOS:001063921500001,2023,PBA_only,experimental,exact_chunk_DOI_UT,full,support,1,human_accepted,yes
run_9750be7218796f0e,Fe-Co-Ni-Mn-Zn,wet_chemical_synthesis,doi:10.1039/d3ta01967e,source_packet_464a452ec73b2db8,10.1039/d3ta01967e,WOS:001063921500001,2023,PBA_only,experimental,exact_chunk_DOI_UT,overreach,support,1,human_accepted,yes
run_9750be7218796f0e,Fe-Co-Ni-Mn-Zn,uor_activity,doi:10.1016/j.cej.2024.156767,source_packet_93e5e71fb1255083,10.1016/j.cej.2024.156767,WOS:001341552700001,2024,PBA_only,experimental,identified_record,none,not_addressed,1,human_accepted,yes
run_9750be7218796f0e,Fe-Co-Ni-Mn-Zn,uor_activity,doi:10.1016/j.cej.2024.156767,source_packet_93e5e71fb1255083,10.1016/j.cej.2024.156767,WOS:001341552700001,2024,PBA_only,experimental,identified_record,none,not_addressed,1,human_accepted,yes
run_9750be7218796f0e,Fe-Co-Ni-Mn-Zn,uor_activity,doi:10.1016/j.cej.2024.156767,source_packet_93e5e71fb1255083,10.1016/j.cej.2024.156767,WOS:001341552700001,2024,PBA_only,experimental,exact_chunk_DOI_UT,overreach,support,1,human_accepted,yes
run_9750be7218796f0e,Fe-Co-Ni-Mn-Zn,uor_activity,doi:10.1016/j.cej.2024.156767,source_packet_93e5e71fb1255083,10.1016/j.cej.2024.156767,WOS:001341552700001,2024,PBA_only,experimental,exact_chunk_DOI_UT,overreach,support,1,human_accepted,yes
run_9750be7218796f0e,Fe-Co-Ni-Mn-Zn,pba_structural_compatibility,doi:10.1016/j.cej.2024.156767,source_packet_93e5e71fb1255083,10.1016/j.cej.2024.156767,WOS:001341552700001,2024,PBA_only,experimental,abstract_DOI_UT,contextual,support,1,human_accepted,yes
run_9750be7218796f0e,Fe-Co-Ni-Mn-Zn,uor_activity,doi:10.1016/j.cej.2024.156767,source_packet_93e5e71fb1255083,10.1016/j.cej.2024.156767,WOS:001341552700001,2024,PBA_only,experimental,exact_chunk_DOI_UT,overreach,support,1,human_accepted,yes
run_9750be7218796f0e,Fe-Co-Ni-Mn-Zn,uor_activity,doi:10.1016/j.cej.2024.156767,source_packet_93e5e71fb1255083,10.1016/j.cej.2024.156767,WOS:001341552700001,2024,PBA_only,experimental,exact_chunk_DOI_UT,overreach,support,1,human_accepted,yes
run_9750be7218796f0e,Fe-Co-Ni-Mn-Zn,pba_structural_compatibility,doi:10.1016/j.cej.2024.156767,source_packet_93e5e71fb1255083,10.1016/j.cej.2024.156767,WOS:001341552700001,2024,PBA_only,experimental,abstract_DOI_UT,contextual,support,1,human_accepted,yes
run_9750be7218796f0e,Fe-Co-Ni-Mn-Zn,alkaline_stability_corrosion,doi:10.1016/j.cej.2024.156767,source_packet_93e5e71fb1255083,10.1016/j.cej.2024.156767,WOS:001341552700001,2024,PBA_only,experimental,exact_chunk_DOI_UT,partial,support,1,human_accepted,yes
run_9750be7218796f0e,Fe-Co-Ni-Mn-Zn,pba_structural_compatibility,doi:10.1016/j.cej.2024.156767,source_packet_93e5e71fb1255083,10.1016/j.cej.2024.156767,WOS:001341552700001,2024,PBA_only,experimental,exact_chunk_DOI_UT,partial,support,1,human_accepted,yes
run_9750be7218796f0e,Fe-Co-Ni-Mn-Zn,pba_structural_compatibility,doi:10.1016/j.cej.2024.156767,source_packet_93e5e71fb1255083,10.1016/j.cej.2024.156767,WOS:001341552700001,2024,PBA_only,experimental,exact_chunk_DOI_UT,partial,support,1,human_accepted,yes
run_9750be7218796f0e,Fe-Co-Ni-Mn-Zn,wet_chemical_synthesis,doi:10.1016/j.cej.2024.156767,source_packet_93e5e71fb1255083,10.1016/j.cej.2024.156767,WOS:001341552700001,2024,PBA_only,experimental,identified_record,none,not_addressed,1,human_accepted,yes
run_9750be7218796f0e,Fe-Co-Ni-Mn-Zn,uor_activity,doi:10.1021/acs.inorgchem.3c01701,source_packet_eced62f22c6e5251,10.1021/acs.inorgchem.3c01701,WOS:001016562800001,2023,direct_PBA_UOR,experimental,abstract_DOI_UT,contextual,support,1,human_accepted,yes
run_9750be7218796f0e,Fe-Co-Ni-Mn-Zn,uor_activity,doi:10.1021/acs.inorgchem.3c01701,source_packet_eced62f22c6e5251,10.1021/acs.inorgchem.3c01701,WOS:001016562800001,2023,direct_PBA_UOR,experimental,exact_chunk_DOI_UT,partial,support,1,human_accepted,yes
run_9750be7218796f0e,Fe-Co-Ni-Mn-Zn,uor_activity,doi:10.1021/acs.inorgchem.3c01701,source_packet_eced62f22c6e5251,10.1021/acs.inorgchem.3c01701,WOS:001016562800001,2023,direct_PBA_UOR,experimental,exact_chunk_DOI_UT,partial,support,1,human_accepted,yes
run_9750be7218796f0e,Fe-Co-Ni-Mn-Zn,uor_activity,doi:10.1021/acs.inorgchem.3c01701,source_packet_eced62f22c6e5251,10.1021/acs.inorgchem.3c01701,WOS:001016562800001,2023,direct_PBA_UOR,experimental,abstract_DOI_UT,contextual,support,1,human_accepted,yes
run_9750be7218796f0e,Fe-Co-Ni-Mn-Zn,pba_structural_compatibility,doi:10.1021/acs.inorgchem.3c01701,source_packet_eced62f22c6e5251,10.1021/acs.inorgchem.3c01701,WOS:001016562800001,2023,direct_PBA_UOR,experimental,abstract_DOI_UT,contextual,support,1,human_accepted,yes
run_9750be7218796f0e,Fe-Co-Ni-Mn-Zn,uor_activity,doi:10.1021/acs.inorgchem.3c01701,source_packet_eced62f22c6e5251,10.1021/acs.inorgchem.3c01701,WOS:001016562800001,2023,direct_PBA_UOR,experimental,abstract_DOI_UT,contextual,support,1,human_accepted,yes
run_9750be7218796f0e,Fe-Co-Ni-Mn-Zn,uor_activity,doi:10.1021/acs.inorgchem.3c01701,source_packet_eced62f22c6e5251,10.1021/acs.inorgchem.3c01701,WOS:001016562800001,2023,direct_PBA_UOR,experimental,exact_chunk_DOI_UT,partial,support,1,human_accepted,yes
run_9750be7218796f0e,Fe-Co-Ni-Mn-Zn,pba_structural_compatibility,doi:10.1021/acs.inorgchem.3c01701,source_packet_eced62f22c6e5251,10.1021/acs.inorgchem.3c01701,WOS:001016562800001,2023,direct_PBA_UOR,experimental,abstract_DOI_UT,contextual,support,1,human_accepted,yes
run_9750be7218796f0e,Fe-Co-Ni-Mn-Zn,alkaline_stability_corrosion,doi:10.1021/acs.inorgchem.3c01701,source_packet_eced62f22c6e5251,10.1021/acs.inorgchem.3c01701,WOS:001016562800001,2023,direct_PBA_UOR,experimental,identified_record,none,not_addressed,1,human_accepted,yes
run_9750be7218796f0e,Fe-Co-Ni-Mn-Zn,pba_structural_compatibility,doi:10.1021/acs.inorgchem.3c01701,source_packet_eced62f22c6e5251,10.1021/acs.inorgchem.3c01701,WOS:001016562800001,2023,direct_PBA_UOR,experimental,abstract_DOI_UT,contextual,support,1,human_accepted,yes
run_9750be7218796f0e,Fe-Co-Ni-Mn-Zn,pba_structural_compatibility,doi:10.1021/acs.inorgchem.3c01701,source_packet_eced62f22c6e5251,10.1021/acs.inorgchem.3c01701,WOS:001016562800001,2023,direct_PBA_UOR,experimental,abstract_DOI_UT,contextual,support,1,human_accepted,yes
run_9750be7218796f0e,Fe-Co-Ni-Mn-Zn,wet_chemical_synthesis,doi:10.1021/acs.inorgchem.3c01701,source_packet_eced62f22c6e5251,10.1021/acs.inorgchem.3c01701,WOS:001016562800001,2023,direct_PBA_UOR,experimental,exact_chunk_DOI_UT,partial,support,1,human_accepted,yes
run_7fd29e5e06251830,Fe-Co-Ni-Mn-Zn,uor_activity,wos:WOS_A7A85EDE9F6153F4,source_packet_58c32f55238590d9,,,,direct_PBA_UOR,experimental,identified_record,contextual,support,0.9674014658411585,machine_unreviewed,yes
run_7fd29e5e06251830,Fe-Co-Ni-Mn-Zn,uor_activity,wos:WOS_A7A85EDE9F6153F4,source_packet_58c32f55238590d9,,,,direct_PBA_UOR,experimental,identified_record,none,not_addressed,0.9674014658411585,machine_unreviewed,yes
run_7fd29e5e06251830,Fe-Co-Ni-Mn-Zn,substitution_and_synergy,wos:WOS_A7A85EDE9F6153F4,source_packet_58c32f55238590d9,,,,direct_PBA_UOR,experimental,identified_record,none,not_addressed,0.9674014658411585,machine_unreviewed,yes
run_7fd29e5e06251830,Fe-Co-Ni-Mn-Zn,uor_activity,wos:WOS_A7A85EDE9F6153F4,source_packet_58c32f55238590d9,,,,direct_PBA_UOR,experimental,identified_record,none,not_addressed,0.9674014658411585,machine_unreviewed,yes
run_7fd29e5e06251830,Fe-Co-Ni-Mn-Zn,pba_structural_compatibility,wos:WOS_A7A85EDE9F6153F4,source_packet_58c32f55238590d9,,,,direct_PBA_UOR,experimental,identified_record,contextual,support,0.9674014658411585,machine_unreviewed,yes
run_7fd29e5e06251830,Fe-Co-Ni-Mn-Zn,uor_activity,wos:WOS_A7A85EDE9F6153F4,source_packet_58c32f55238590d9,,,,direct_PBA_UOR,experimental,identified_record,contextual,support,0.9674014658411585,machine_unreviewed,yes
run_7fd29e5e06251830,Fe-Co-Ni-Mn-Zn,pba_structural_compatibility,wos:WOS_A7A85EDE9F6153F4,source_packet_58c32f55238590d9,,,,direct_PBA_UOR,experimental,identified_record,contextual,support,0.9674014658411585,machine_unreviewed,yes
run_7fd29e5e06251830,Fe-Co-Ni-Mn-Zn,uor_activity,wos:WOS_A7A85EDE9F6153F4,source_packet_58c32f55238590d9,,,,direct_PBA_UOR,experimental,identified_record,none,not_addressed,0.9674014658411585,machine_unreviewed,yes
run_7fd29e5e06251830,Fe-Co-Ni-Mn-Zn,wet_chemical_synthesis,wos:WOS_A7A85EDE9F6153F4,source_packet_58c32f55238590d9,,,,direct_PBA_UOR,experimental,identified_record,partial,support,0.9674014658411585,machine_unreviewed,yes
run_af7ea8733bc97d35,Fe-Co-Ni-Mn-Zn,uor_activity,wos:WOS_CE5D1F8BDACCED0E,source_packet_2a099b27f60706d7,,,2021,UOR_only,experimental,identified_record,partial,support,0.9674014658411585,machine_unreviewed,yes
run_af7ea8733bc97d35,Fe-Co-Ni-Mn-Zn,uor_activity,wos:WOS_CE5D1F8BDACCED0E,source_packet_2a099b27f60706d7,,,2021,UOR_only,experimental,identified_record,partial,support,0.9674014658411585,machine_unreviewed,yes
run_af7ea8733bc97d35,Fe-Co-Ni-Mn-Zn,substitution_and_synergy,wos:WOS_CE5D1F8BDACCED0E,source_packet_2a099b27f60706d7,,,2021,UOR_only,experimental,identified_record,contextual,support,0.9674014658411585,machine_unreviewed,yes
run_af7ea8733bc97d35,Fe-Co-Ni-Mn-Zn,uor_activity,wos:WOS_CE5D1F8BDACCED0E,source_packet_2a099b27f60706d7,,,2021,UOR_only,experimental,identified_record,partial,support,0.9674014658411585,machine_unreviewed,yes
run_af7ea8733bc97d35,Fe-Co-Ni-Mn-Zn,pba_structural_compatibility,wos:WOS_CE5D1F8BDACCED0E,source_packet_2a099b27f60706d7,,,2021,UOR_only,experimental,identified_record,none,not_addressed,0.9674014658411585,machine_unreviewed,yes
run_af7ea8733bc97d35,Fe-Co-Ni-Mn-Zn,alkaline_stability_corrosion,wos:WOS_CE5D1F8BDACCED0E,source_packet_2a099b27f60706d7,,,2021,UOR_only,experimental,identified_record,none,not_addressed,0.9674014658411585,machine_unreviewed,yes
run_af7ea8733bc97d35,Fe-Co-Ni-Mn-Zn,pba_structural_compatibility,wos:WOS_CE5D1F8BDACCED0E,source_packet_2a099b27f60706d7,,,2021,UOR_only,experimental,identified_record,none,not_addressed,0.9674014658411585,machine_unreviewed,yes
run_af7ea8733bc97d35,Fe-Co-Ni-Mn-Zn,uor_activity,wos:WOS_CE5D1F8BDACCED0E,source_packet_2a099b27f60706d7,,,2021,UOR_only,experimental,identified_record,partial,support,0.9674014658411585,machine_unreviewed,yes
run_af7ea8733bc97d35,Fe-Co-Ni-Mn-Zn,alkaline_stability_corrosion,wos:WOS_CE5D1F8BDACCED0E,source_packet_2a099b27f60706d7,,,2021,UOR_only,experimental,identified_record,none,not_addressed,0.9674014658411585,machine_unreviewed,yes
run_af7ea8733bc97d35,Fe-Co-Ni-Mn-Zn,uor_activity,doi:10.1021/acs.inorgchem.3c01701,source_packet_3885fa6391a32fb2,10.1021/acs.inorgchem.3c01701,WOS:001016562800001,2023,direct_PBA_UOR,experimental,abstract_DOI_UT,contextual,support,1,human_accepted,yes
run_af7ea8733bc97d35,Fe-Co-Ni-Mn-Zn,uor_activity,doi:10.1021/acs.inorgchem.3c01701,source_packet_3885fa6391a32fb2,10.1021/acs.inorgchem.3c01701,WOS:001016562800001,2023,direct_PBA_UOR,experimental,exact_chunk_DOI_UT,partial,support,1,human_accepted,yes
run_af7ea8733bc97d35,Fe-Co-Ni-Mn-Zn,substitution_and_synergy,doi:10.1021/acs.inorgchem.3c01701,source_packet_3885fa6391a32fb2,10.1021/acs.inorgchem.3c01701,WOS:001016562800001,2023,direct_PBA_UOR,experimental,identified_record,none,not_addressed,1,human_accepted,yes
run_af7ea8733bc97d35,Fe-Co-Ni-Mn-Zn,uor_activity,doi:10.1021/acs.inorgchem.3c01701,source_packet_3885fa6391a32fb2,10.1021/acs.inorgchem.3c01701,WOS:001016562800001,2023,direct_PBA_UOR,experimental,exact_chunk_DOI_UT,partial,support,1,human_accepted,yes
run_af7ea8733bc97d35,Fe-Co-Ni-Mn-Zn,pba_structural_compatibility,doi:10.1021/acs.inorgchem.3c01701,source_packet_3885fa6391a32fb2,10.1021/acs.inorgchem.3c01701,WOS:001016562800001,2023,direct_PBA_UOR,experimental,abstract_DOI_UT,contextual,support,1,human_accepted,yes
run_af7ea8733bc97d35,Fe-Co-Ni-Mn-Zn,alkaline_stability_corrosion,doi:10.1021/acs.inorgchem.3c01701,source_packet_3885fa6391a32fb2,10.1021/acs.inorgchem.3c01701,WOS:001016562800001,2023,direct_PBA_UOR,experimental,identified_record,none,not_addressed,1,human_accepted,yes
run_af7ea8733bc97d35,Fe-Co-Ni-Mn-Zn,pba_structural_compatibility,doi:10.1021/acs.inorgchem.3c01701,source_packet_3885fa6391a32fb2,10.1021/acs.inorgchem.3c01701,WOS:001016562800001,2023,direct_PBA_UOR,experimental,abstract_DOI_UT,contextual,support,1,human_accepted,yes
run_af7ea8733bc97d35,Fe-Co-Ni-Mn-Zn,wet_chemical_synthesis,doi:10.1021/acs.inorgchem.3c01701,source_packet_3885fa6391a32fb2,10.1021/acs.inorgchem.3c01701,WOS:001016562800001,2023,direct_PBA_UOR,experimental,exact_chunk_DOI_UT,partial,support,1,human_accepted,yes
run_af7ea8733bc97d35,Fe-Co-Ni-Mn-Zn,uor_activity,doi:10.1021/acs.inorgchem.3c01701,source_packet_3885fa6391a32fb2,10.1021/acs.inorgchem.3c01701,WOS:001016562800001,2023,direct_PBA_UOR,experimental,abstract_DOI_UT,contextual,support,1,human_accepted,yes
run_af7ea8733bc97d35,Fe-Co-Ni-Mn-Zn,alkaline_stability_corrosion,doi:10.1021/acs.inorgchem.3c01701,source_packet_3885fa6391a32fb2,10.1021/acs.inorgchem.3c01701,WOS:001016562800001,2023,direct_PBA_UOR,experimental,identified_record,none,not_addressed,1,human_accepted,yes
run_af7ea8733bc97d35,Fe-Co-Ni-Mn-Zn,wet_chemical_synthesis,doi:10.1021/acs.inorgchem.3c01701,source_packet_3885fa6391a32fb2,10.1021/acs.inorgchem.3c01701,WOS:001016562800001,2023,direct_PBA_UOR,experimental,exact_chunk_DOI_UT,partial,support,1,human_accepted,yes
run_af7ea8733bc97d35,Fe-Co-Ni-Mn-Zn,uor_activity,wos:WOS_A7A85EDE9F6153F4,source_packet_7bd2b913fe2c2be5,,,,direct_PBA_UOR,experimental,identified_record,contextual,support,1,human_accepted,yes
run_af7ea8733bc97d35,Fe-Co-Ni-Mn-Zn,uor_activity,wos:WOS_A7A85EDE9F6153F4,source_packet_7bd2b913fe2c2be5,,,,direct_PBA_UOR,experimental,identified_record,none,not_addressed,1,human_accepted,yes
run_af7ea8733bc97d35,Fe-Co-Ni-Mn-Zn,substitution_and_synergy,wos:WOS_A7A85EDE9F6153F4,source_packet_7bd2b913fe2c2be5,,,,direct_PBA_UOR,experimental,identified_record,none,not_addressed,1,human_accepted,yes
run_af7ea8733bc97d35,Fe-Co-Ni-Mn-Zn,uor_activity,wos:WOS_A7A85EDE9F6153F4,source_packet_7bd2b913fe2c2be5,,,,direct_PBA_UOR,experimental,identified_record,none,not_addressed,1,human_accepted,yes
run_af7ea8733bc97d35,Fe-Co-Ni-Mn-Zn,pba_structural_compatibility,wos:WOS_A7A85EDE9F6153F4,source_packet_7bd2b913fe2c2be5,,,,direct_PBA_UOR,experimental,identified_record,contextual,support,1,human_accepted,yes
run_af7ea8733bc97d35,Fe-Co-Ni-Mn-Zn,pba_structural_compatibility,wos:WOS_A7A85EDE9F6153F4,source_packet_7bd2b913fe2c2be5,,,,direct_PBA_UOR,experimental,identified_record,none,not_addressed,1,human_accepted,yes
run_af7ea8733bc97d35,Fe-Co-Ni-Mn-Zn,wet_chemical_synthesis,wos:WOS_A7A85EDE9F6153F4,source_packet_7bd2b913fe2c2be5,,,,direct_PBA_UOR,experimental,identified_record,partial,support,1,human_accepted,yes
run_af7ea8733bc97d35,Fe-Co-Ni-Mn-Zn,uor_activity,wos:WOS_A7A85EDE9F6153F4,source_packet_7bd2b913fe2c2be5,,,,direct_PBA_UOR,experimental,identified_record,none,not_addressed,1,human_accepted,yes
run_af7ea8733bc97d35,Fe-Co-Ni-Mn-Zn,wet_chemical_synthesis,wos:WOS_A7A85EDE9F6153F4,source_packet_7bd2b913fe2c2be5,,,,direct_PBA_UOR,experimental,identified_record,partial,support,1,human_accepted,yes
run_af7ea8733bc97d35,Fe-Co-Ni-Mn-Zn,uor_activity,doi:10.1016/j.electacta.2023.143055,source_packet_abf891d4f6084866,10.1016/j.electacta.2023.143055,WOS:001066374100001,2023,UOR_only,experimental,exact_chunk_DOI_UT,partial,support,0.9674014658411585,machine_unreviewed,yes
run_af7ea8733bc97d35,Fe-Co-Ni-Mn-Zn,uor_activity,doi:10.1016/j.electacta.2023.143055,source_packet_abf891d4f6084866,10.1016/j.electacta.2023.143055,WOS:001066374100001,2023,UOR_only,experimental,exact_chunk_DOI_UT,partial,support,0.9674014658411585,machine_unreviewed,yes
run_af7ea8733bc97d35,Fe-Co-Ni-Mn-Zn,substitution_and_synergy,doi:10.1016/j.electacta.2023.143055,source_packet_abf891d4f6084866,10.1016/j.electacta.2023.143055,WOS:001066374100001,2023,UOR_only,experimental,exact_chunk_DOI_UT,partial,support,0.9674014658411585,machine_unreviewed,yes
run_af7ea8733bc97d35,Fe-Co-Ni-Mn-Zn,uor_activity,doi:10.1016/j.electacta.2023.143055,source_packet_abf891d4f6084866,10.1016/j.electacta.2023.143055,WOS:001066374100001,2023,UOR_only,experimental,exact_chunk_DOI_UT,partial,support,0.9674014658411585,machine_unreviewed,yes
run_af7ea8733bc97d35,Fe-Co-Ni-Mn-Zn,pba_structural_compatibility,doi:10.1016/j.electacta.2023.143055,source_packet_abf891d4f6084866,10.1016/j.electacta.2023.143055,WOS:001066374100001,2023,UOR_only,experimental,identified_record,none,not_addressed,0.9674014658411585,machine_unreviewed,yes
run_af7ea8733bc97d35,Fe-Co-Ni-Mn-Zn,alkaline_stability_corrosion,doi:10.1016/j.electacta.2023.143055,source_packet_abf891d4f6084866,10.1016/j.electacta.2023.143055,WOS:001066374100001,2023,UOR_only,experimental,identified_record,none,not_addressed,0.9674014658411585,machine_unreviewed,yes
run_af7ea8733bc97d35,Fe-Co-Ni-Mn-Zn,pba_structural_compatibility,doi:10.1016/j.electacta.2023.143055,source_packet_abf891d4f6084866,10.1016/j.electacta.2023.143055,WOS:001066374100001,2023,UOR_only,experimental,identified_record,none,not_addressed,0.9674014658411585,machine_unreviewed,yes
run_af7ea8733bc97d35,Fe-Co-Ni-Mn-Zn,wet_chemical_synthesis,doi:10.1016/j.electacta.2023.143055,source_packet_abf891d4f6084866,10.1016/j.electacta.2023.143055,WOS:001066374100001,2023,UOR_only,experimental,identified_record,none,not_addressed,0.9674014658411585,machine_unreviewed,yes
run_af7ea8733bc97d35,Fe-Co-Ni-Mn-Zn,alkaline_stability_corrosion,doi:10.1016/j.electacta.2023.143055,source_packet_abf891d4f6084866,10.1016/j.electacta.2023.143055,WOS:001066374100001,2023,UOR_only,experimental,identified_record,none,not_addressed,0.9674014658411585,machine_unreviewed,yes
run_af7ea8733bc97d35,Fe-Co-Ni-Mn-Zn,wet_chemical_synthesis,doi:10.1016/j.electacta.2023.143055,source_packet_abf891d4f6084866,10.1016/j.electacta.2023.143055,WOS:001066374100001,2023,UOR_only,experimental,identified_record,none,not_addressed,0.9674014658411585,machine_unreviewed,yes
run_af7ea8733bc97d35,Fe-Co-Ni-Mn-Zn,alkaline_stability_corrosion,doi:10.1080/24701556.2018.1504071,source_packet_b488ae7008b22053,10.1080/24701556.2018.1504071,WOS:000461980400002,2018,foundational,experimental,exact_chunk_DOI_UT,contextual,support,0.9674014658411585,machine_unreviewed,yes
run_af7ea8733bc97d35,Fe-Co-Ni-Mn-Zn,alkaline_stability_corrosion,doi:10.1080/24701556.2018.1504071,source_packet_b488ae7008b22053,10.1080/24701556.2018.1504071,WOS:000461980400002,2018,foundational,experimental,exact_chunk_DOI_UT,contextual,support,0.9674014658411585,machine_unreviewed,yes
run_af7ea8733bc97d35,Fe-Co-Ni-Mn-Zn,uor_activity,doi:10.1039/d4ee01618a,source_packet_c45c2d8f6940d4aa,10.1039/d4ee01618a,WOS:001346655000001,2024,PBA_only,experimental,identified_record,none,not_addressed,0.9674014658411585,machine_unreviewed,yes
run_af7ea8733bc97d35,Fe-Co-Ni-Mn-Zn,uor_activity,doi:10.1039/d4ee01618a,source_packet_c45c2d8f6940d4aa,10.1039/d4ee01618a,WOS:001346655000001,2024,PBA_only,experimental,identified_record,none,not_addressed,0.9674014658411585,machine_unreviewed,yes
run_af7ea8733bc97d35,Fe-Co-Ni-Mn-Zn,substitution_and_synergy,doi:10.1039/d4ee01618a,source_packet_c45c2d8f6940d4aa,10.1039/d4ee01618a,WOS:001346655000001,2024,PBA_only,experimental,identified_record,none,not_addressed,0.9674014658411585,machine_unreviewed,yes
run_af7ea8733bc97d35,Fe-Co-Ni-Mn-Zn,uor_activity,doi:10.1039/d4ee01618a,source_packet_c45c2d8f6940d4aa,10.1039/d4ee01618a,WOS:001346655000001,2024,PBA_only,experimental,identified_record,none,not_addressed,0.9674014658411585,machine_unreviewed,yes
run_af7ea8733bc97d35,Fe-Co-Ni-Mn-Zn,alkaline_stability_corrosion,doi:10.1039/d4ee01618a,source_packet_c45c2d8f6940d4aa,10.1039/d4ee01618a,WOS:001346655000001,2024,PBA_only,experimental,exact_chunk_DOI_UT,partial,support,0.9674014658411585,machine_unreviewed,yes
run_af7ea8733bc97d35,Fe-Co-Ni-Mn-Zn,pba_structural_compatibility,doi:10.1039/d4ee01618a,source_packet_c45c2d8f6940d4aa,10.1039/d4ee01618a,WOS:001346655000001,2024,PBA_only,experimental,exact_chunk_DOI_UT,partial,support,0.9674014658411585,machine_unreviewed,yes
run_af7ea8733bc97d35,Fe-Co-Ni-Mn-Zn,wet_chemical_synthesis,doi:10.1039/d4ee01618a,source_packet_c45c2d8f6940d4aa,10.1039/d4ee01618a,WOS:001346655000001,2024,PBA_only,experimental,identified_record,none,not_addressed,0.9674014658411585,machine_unreviewed,yes
run_af7ea8733bc97d35,Fe-Co-Ni-Mn-Zn,uor_activity,doi:10.1039/d4ee01618a,source_packet_c45c2d8f6940d4aa,10.1039/d4ee01618a,WOS:001346655000001,2024,PBA_only,experimental,identified_record,none,not_addressed,0.9674014658411585,machine_unreviewed,yes
run_af7ea8733bc97d35,Fe-Co-Ni-Mn-Zn,wet_chemical_synthesis,doi:10.1039/d4ee01618a,source_packet_c45c2d8f6940d4aa,10.1039/d4ee01618a,WOS:001346655000001,2024,PBA_only,experimental,identified_record,none,not_addressed,0.9674014658411585,machine_unreviewed,yes
run_af7ea8733bc97d35,Fe-Co-Ni-Mn-Zn,uor_activity,doi:10.3390/catal12030337,source_packet_c7ef13ee60bb402b,10.3390/catal12030337,WOS:000775757200001,2022,UOR_only,review,exact_chunk_DOI_UT,partial,support,0.9674014658411585,machine_unreviewed,yes
run_af7ea8733bc97d35,Fe-Co-Ni-Mn-Zn,uor_activity,doi:10.3390/catal12030337,source_packet_c7ef13ee60bb402b,10.3390/catal12030337,WOS:000775757200001,2022,UOR_only,review,exact_chunk_DOI_UT,partial,support,0.9674014658411585,machine_unreviewed,yes
run_af7ea8733bc97d35,Fe-Co-Ni-Mn-Zn,substitution_and_synergy,doi:10.3390/catal12030337,source_packet_c7ef13ee60bb402b,10.3390/catal12030337,WOS:000775757200001,2022,UOR_only,review,exact_chunk_DOI_UT,contextual,support,0.9674014658411585,machine_unreviewed,yes
run_af7ea8733bc97d35,Fe-Co-Ni-Mn-Zn,uor_activity,doi:10.3390/catal12030337,source_packet_c7ef13ee60bb402b,10.3390/catal12030337,WOS:000775757200001,2022,UOR_only,review,exact_chunk_DOI_UT,contextual,support,0.9674014658411585,machine_unreviewed,yes
run_af7ea8733bc97d35,Fe-Co-Ni-Mn-Zn,pba_structural_compatibility,doi:10.3390/catal12030337,source_packet_c7ef13ee60bb402b,10.3390/catal12030337,WOS:000775757200001,2022,UOR_only,review,identified_record,none,not_addressed,0.9674014658411585,machine_unreviewed,yes
run_af7ea8733bc97d35,Fe-Co-Ni-Mn-Zn,alkaline_stability_corrosion,doi:10.3390/catal12030337,source_packet_c7ef13ee60bb402b,10.3390/catal12030337,WOS:000775757200001,2022,UOR_only,review,identified_record,none,not_addressed,0.9674014658411585,machine_unreviewed,yes
run_af7ea8733bc97d35,Fe-Co-Ni-Mn-Zn,pba_structural_compatibility,doi:10.3390/catal12030337,source_packet_c7ef13ee60bb402b,10.3390/catal12030337,WOS:000775757200001,2022,UOR_only,review,identified_record,none,not_addressed,0.9674014658411585,machine_unreviewed,yes
run_af7ea8733bc97d35,Fe-Co-Ni-Mn-Zn,uor_activity,doi:10.3390/catal12030337,source_packet_c7ef13ee60bb402b,10.3390/catal12030337,WOS:000775757200001,2022,UOR_only,review,exact_chunk_DOI_UT,contextual,support,0.9674014658411585,machine_unreviewed,yes
run_af7ea8733bc97d35,Fe-Co-Ni-Mn-Zn,alkaline_stability_corrosion,doi:10.3390/catal12030337,source_packet_c7ef13ee60bb402b,10.3390/catal12030337,WOS:000775757200001,2022,UOR_only,review,identified_record,none,not_addressed,0.9674014658411585,machine_unreviewed,yes
run_af7ea8733bc97d35,Fe-Co-Ni-Mn-Zn,substitution_and_synergy,doi:10.1002/aenm.201700020,source_packet_f5be3e5b45e54359,10.1002/aenm.201700020,WOS:000407275300014,2017,substitution,experimental,abstract_DOI_UT,contextual,support,0.9674014658411585,machine_unreviewed,yes
run_af7ea8733bc97d35,Fe-Co-Ni-Mn-Zn,uor_activity,doi:10.1002/aenm.201700020,source_packet_f5be3e5b45e54359,10.1002/aenm.201700020,WOS:000407275300014,2017,substitution,experimental,exact_chunk_DOI_UT,partial,support,0.9674014658411585,machine_unreviewed,yes
run_af7ea8733bc97d35,Fe-Co-Ni-Mn-Zn,pba_structural_compatibility,doi:10.1002/aenm.201700020,source_packet_f5be3e5b45e54359,10.1002/aenm.201700020,WOS:000407275300014,2017,substitution,experimental,identified_record,none,not_addressed,0.9674014658411585,machine_unreviewed,yes
run_af7ea8733bc97d35,Fe-Co-Ni-Mn-Zn,alkaline_stability_corrosion,doi:10.1002/aenm.201700020,source_packet_f5be3e5b45e54359,10.1002/aenm.201700020,WOS:000407275300014,2017,substitution,experimental,abstract_DOI_UT,contextual,support,0.9674014658411585,machine_unreviewed,yes
run_af7ea8733bc97d35,Fe-Co-Ni-Mn-Zn,pba_structural_compatibility,doi:10.1002/aenm.201700020,source_packet_f5be3e5b45e54359,10.1002/aenm.201700020,WOS:000407275300014,2017,substitution,experimental,identified_record,none,not_addressed,0.9674014658411585,machine_unreviewed,yes
run_af7ea8733bc97d35,Fe-Co-Ni-Mn-Zn,wet_chemical_synthesis,doi:10.1002/aenm.201700020,source_packet_f5be3e5b45e54359,10.1002/aenm.201700020,WOS:000407275300014,2017,substitution,experimental,identified_record,none,not_addressed,0.9674014658411585,machine_unreviewed,yes
run_af7ea8733bc97d35,Fe-Co-Ni-Mn-Zn,uor_activity,doi:10.1002/aenm.201700020,source_packet_f5be3e5b45e54359,10.1002/aenm.201700020,WOS:000407275300014,2017,substitution,experimental,exact_chunk_DOI_UT,partial,support,0.9674014658411585,machine_unreviewed,yes
run_af7ea8733bc97d35,Fe-Co-Ni-Mn-Zn,alkaline_stability_corrosion,doi:10.1002/aenm.201700020,source_packet_f5be3e5b45e54359,10.1002/aenm.201700020,WOS:000407275300014,2017,substitution,experimental,abstract_DOI_UT,contextual,support,0.9674014658411585,machine_unreviewed,yes
run_af7ea8733bc97d35,Fe-Co-Ni-Mn-Zn,wet_chemical_synthesis,doi:10.1002/aenm.201700020,source_packet_f5be3e5b45e54359,10.1002/aenm.201700020,WOS:000407275300014,2017,substitution,experimental,identified_record,none,not_addressed,0.9674014658411585,machine_unreviewed,yes
run_af7ea8733bc97d35,Fe-Co-Ni-Mn-Zn,uor_activity,wos:WOS_0A02A34B044DC650,source_packet_fb31020a936b08bb,,,,foundational,review,identified_record,none,not_addressed,0.9674014658411585,machine_unreviewed,yes
run_af7ea8733bc97d35,Fe-Co-Ni-Mn-Zn,uor_activity,wos:WOS_0A02A34B044DC650,source_packet_fb31020a936b08bb,,,,foundational,review,identified_record,none,not_addressed,0.9674014658411585,machine_unreviewed,yes
run_af7ea8733bc97d35,Fe-Co-Ni-Mn-Zn,uor_activity,wos:WOS_0A02A34B044DC650,source_packet_fb31020a936b08bb,,,,foundational,review,identified_record,none,not_addressed,0.9674014658411585,machine_unreviewed,yes
run_af7ea8733bc97d35,Fe-Co-Ni-Mn-Zn,pba_structural_compatibility,wos:WOS_0A02A34B044DC650,source_packet_fb31020a936b08bb,,,,foundational,review,identified_record,none,not_addressed,0.9674014658411585,machine_unreviewed,yes
run_af7ea8733bc97d35,Fe-Co-Ni-Mn-Zn,pba_structural_compatibility,wos:WOS_0A02A34B044DC650,source_packet_fb31020a936b08bb,,,,foundational,review,identified_record,none,not_addressed,0.9674014658411585,machine_unreviewed,yes
run_af7ea8733bc97d35,Fe-Co-Ni-Mn-Zn,uor_activity,wos:WOS_0A02A34B044DC650,source_packet_fb31020a936b08bb,,,,foundational,review,identified_record,none,not_addressed,0.9674014658411585,machine_unreviewed,yes
run_09cb718c41fd3a33,Fe-Co-Ni-Mn-Zn,uor_activity,wos:WOS_A7A85EDE9F6153F4,source_packet_2856a7732e71f6b8,,,,direct_PBA_UOR,experimental,identified_record,contextual,support,1,human_accepted,yes
run_09cb718c41fd3a33,Fe-Co-Ni-Mn-Zn,uor_activity,wos:WOS_A7A85EDE9F6153F4,source_packet_2856a7732e71f6b8,,,,direct_PBA_UOR,experimental,identified_record,none,not_addressed,1,human_accepted,yes
run_09cb718c41fd3a33,Fe-Co-Ni-Mn-Zn,substitution_and_synergy,wos:WOS_A7A85EDE9F6153F4,source_packet_2856a7732e71f6b8,,,,direct_PBA_UOR,experimental,identified_record,none,not_addressed,1,human_accepted,yes
run_09cb718c41fd3a33,Fe-Co-Ni-Mn-Zn,uor_activity,wos:WOS_A7A85EDE9F6153F4,source_packet_2856a7732e71f6b8,,,,direct_PBA_UOR,experimental,identified_record,contextual,support,1,human_accepted,yes
run_09cb718c41fd3a33,Fe-Co-Ni-Mn-Zn,pba_structural_compatibility,wos:WOS_A7A85EDE9F6153F4,source_packet_2856a7732e71f6b8,,,,direct_PBA_UOR,experimental,identified_record,contextual,support,1,human_accepted,yes
run_09cb718c41fd3a33,Fe-Co-Ni-Mn-Zn,uor_activity,wos:WOS_A7A85EDE9F6153F4,source_packet_2856a7732e71f6b8,,,,direct_PBA_UOR,experimental,identified_record,contextual,support,1,human_accepted,yes
run_09cb718c41fd3a33,Fe-Co-Ni-Mn-Zn,pba_structural_compatibility,wos:WOS_A7A85EDE9F6153F4,source_packet_2856a7732e71f6b8,,,,direct_PBA_UOR,experimental,identified_record,none,not_addressed,1,human_accepted,yes
run_09cb718c41fd3a33,Fe-Co-Ni-Mn-Zn,pba_structural_compatibility,wos:WOS_A7A85EDE9F6153F4,source_packet_2856a7732e71f6b8,,,,direct_PBA_UOR,experimental,identified_record,none,not_addressed,1,human_accepted,yes
run_09cb718c41fd3a33,Fe-Co-Ni-Mn-Zn,wet_chemical_synthesis,wos:WOS_A7A85EDE9F6153F4,source_packet_2856a7732e71f6b8,,,,direct_PBA_UOR,experimental,identified_record,partial,support,1,human_accepted,yes
run_09cb718c41fd3a33,Fe-Co-Ni-Mn-Zn,uor_activity,doi:10.1039/d3ta01967e,source_packet_3d0a3e3d7e45c84c,10.1039/d3ta01967e,WOS:001063921500001,2023,PBA_only,experimental,identified_record,none,not_addressed,0.9674014658411585,machine_unreviewed,yes
run_09cb718c41fd3a33,Fe-Co-Ni-Mn-Zn,uor_activity,doi:10.1039/d3ta01967e,source_packet_3d0a3e3d7e45c84c,10.1039/d3ta01967e,WOS:001063921500001,2023,PBA_only,experimental,identified_record,none,not_addressed,0.9674014658411585,machine_unreviewed,yes
run_09cb718c41fd3a33,Fe-Co-Ni-Mn-Zn,substitution_and_synergy,doi:10.1039/d3ta01967e,source_packet_3d0a3e3d7e45c84c,10.1039/d3ta01967e,WOS:001063921500001,2023,PBA_only,experimental,abstract_DOI_UT,contextual,support,0.9674014658411585,machine_unreviewed,yes
run_09cb718c41fd3a33,Fe-Co-Ni-Mn-Zn,uor_activity,doi:10.1039/d3ta01967e,source_packet_3d0a3e3d7e45c84c,10.1039/d3ta01967e,WOS:001063921500001,2023,PBA_only,experimental,identified_record,none,not_addressed,0.9674014658411585,machine_unreviewed,yes
run_09cb718c41fd3a33,Fe-Co-Ni-Mn-Zn,pba_structural_compatibility,doi:10.1039/d3ta01967e,source_packet_3d0a3e3d7e45c84c,10.1039/d3ta01967e,WOS:001063921500001,2023,PBA_only,experimental,abstract_DOI_UT,contextual,support,0.9674014658411585,machine_unreviewed,yes
run_09cb718c41fd3a33,Fe-Co-Ni-Mn-Zn,alkaline_stability_corrosion,doi:10.1039/d3ta01967e,source_packet_3d0a3e3d7e45c84c,10.1039/d3ta01967e,WOS:001063921500001,2023,PBA_only,experimental,abstract_DOI_UT,contextual,support,0.9674014658411585,machine_unreviewed,yes
run_09cb718c41fd3a33,Fe-Co-Ni-Mn-Zn,uor_activity,doi:10.1039/d3ta01967e,source_packet_3d0a3e3d7e45c84c,10.1039/d3ta01967e,WOS:001063921500001,2023,PBA_only,experimental,identified_record,none,not_addressed,0.9674014658411585,machine_unreviewed,yes
run_09cb718c41fd3a33,Fe-Co-Ni-Mn-Zn,pba_structural_compatibility,doi:10.1039/d3ta01967e,source_packet_3d0a3e3d7e45c84c,10.1039/d3ta01967e,WOS:001063921500001,2023,PBA_only,experimental,abstract_DOI_UT,contextual,support,0.9674014658411585,machine_unreviewed,yes
run_09cb718c41fd3a33,Fe-Co-Ni-Mn-Zn,alkaline_stability_corrosion,doi:10.1039/d3ta01967e,source_packet_3d0a3e3d7e45c84c,10.1039/d3ta01967e,WOS:001063921500001,2023,PBA_only,experimental,abstract_DOI_UT,contextual,support,0.9674014658411585,machine_unreviewed,yes
run_09cb718c41fd3a33,Fe-Co-Ni-Mn-Zn,pba_structural_compatibility,doi:10.1039/d3ta01967e,source_packet_3d0a3e3d7e45c84c,10.1039/d3ta01967e,WOS:001063921500001,2023,PBA_only,experimental,exact_chunk_DOI_UT,full,support,0.9674014658411585,machine_unreviewed,yes
run_09cb718c41fd3a33,Fe-Co-Ni-Mn-Zn,alkaline_stability_corrosion,doi:10.1039/d3ta01967e,source_packet_3d0a3e3d7e45c84c,10.1039/d3ta01967e,WOS:001063921500001,2023,PBA_only,experimental,abstract_DOI_UT,contextual,support,0.9674014658411585,machine_unreviewed,yes
run_09cb718c41fd3a33,Fe-Co-Ni-Mn-Zn,uor_activity,doi:10.1021/acs.inorgchem.3c01701,source_packet_ae5ae672668ede74,10.1021/acs.inorgchem.3c01701,WOS:001016562800001,2023,direct_PBA_UOR,experimental,abstract_DOI_UT,contextual,support,1,human_accepted,yes
run_09cb718c41fd3a33,Fe-Co-Ni-Mn-Zn,uor_activity,doi:10.1021/acs.inorgchem.3c01701,source_packet_ae5ae672668ede74,10.1021/acs.inorgchem.3c01701,WOS:001016562800001,2023,direct_PBA_UOR,experimental,exact_chunk_DOI_UT,partial,support,1,human_accepted,yes
run_09cb718c41fd3a33,Fe-Co-Ni-Mn-Zn,substitution_and_synergy,doi:10.1021/acs.inorgchem.3c01701,source_packet_ae5ae672668ede74,10.1021/acs.inorgchem.3c01701,WOS:001016562800001,2023,direct_PBA_UOR,experimental,identified_record,none,not_addressed,1,human_accepted,yes
run_09cb718c41fd3a33,Fe-Co-Ni-Mn-Zn,uor_activity,doi:10.1021/acs.inorgchem.3c01701,source_packet_ae5ae672668ede74,10.1021/acs.inorgchem.3c01701,WOS:001016562800001,2023,direct_PBA_UOR,experimental,exact_chunk_DOI_UT,partial,support,1,human_accepted,yes
run_09cb718c41fd3a33,Fe-Co-Ni-Mn-Zn,pba_structural_compatibility,doi:10.1021/acs.inorgchem.3c01701,source_packet_ae5ae672668ede74,10.1021/acs.inorgchem.3c01701,WOS:001016562800001,2023,direct_PBA_UOR,experimental,abstract_DOI_UT,contextual,support,1,human_accepted,yes
run_09cb718c41fd3a33,Fe-Co-Ni-Mn-Zn,alkaline_stability_corrosion,doi:10.1021/acs.inorgchem.3c01701,source_packet_ae5ae672668ede74,10.1021/acs.inorgchem.3c01701,WOS:001016562800001,2023,direct_PBA_UOR,experimental,identified_record,none,not_addressed,1,human_accepted,yes
run_09cb718c41fd3a33,Fe-Co-Ni-Mn-Zn,uor_activity,doi:10.1021/acs.inorgchem.3c01701,source_packet_ae5ae672668ede74,10.1021/acs.inorgchem.3c01701,WOS:001016562800001,2023,direct_PBA_UOR,experimental,exact_chunk_DOI_UT,partial,support,1,human_accepted,yes
run_09cb718c41fd3a33,Fe-Co-Ni-Mn-Zn,pba_structural_compatibility,doi:10.1021/acs.inorgchem.3c01701,source_packet_ae5ae672668ede74,10.1021/acs.inorgchem.3c01701,WOS:001016562800001,2023,direct_PBA_UOR,experimental,abstract_DOI_UT,contextual,support,1,human_accepted,yes
run_09cb718c41fd3a33,Fe-Co-Ni-Mn-Zn,alkaline_stability_corrosion,doi:10.1021/acs.inorgchem.3c01701,source_packet_ae5ae672668ede74,10.1021/acs.inorgchem.3c01701,WOS:001016562800001,2023,direct_PBA_UOR,experimental,identified_record,none,not_addressed,1,human_accepted,yes
run_09cb718c41fd3a33,Fe-Co-Ni-Mn-Zn,pba_structural_compatibility,doi:10.1021/acs.inorgchem.3c01701,source_packet_ae5ae672668ede74,10.1021/acs.inorgchem.3c01701,WOS:001016562800001,2023,direct_PBA_UOR,experimental,abstract_DOI_UT,contextual,support,1,human_accepted,yes
run_09cb718c41fd3a33,Fe-Co-Ni-Mn-Zn,alkaline_stability_corrosion,doi:10.1021/acs.inorgchem.3c01701,source_packet_ae5ae672668ede74,10.1021/acs.inorgchem.3c01701,WOS:001016562800001,2023,direct_PBA_UOR,experimental,identified_record,none,not_addressed,1,human_accepted,yes
run_09cb718c41fd3a33,Fe-Co-Ni-Mn-Zn,wet_chemical_synthesis,doi:10.1021/acs.inorgchem.3c01701,source_packet_ae5ae672668ede74,10.1021/acs.inorgchem.3c01701,WOS:001016562800001,2023,direct_PBA_UOR,experimental,exact_chunk_DOI_UT,partial,support,1,human_accepted,yes
run_09cb718c41fd3a33,Fe-Co-Ni-Mn-Zn,uor_activity,doi:10.1016/j.cej.2024.156767,source_packet_d7e8de999f09f5cc,10.1016/j.cej.2024.156767,WOS:001341552700001,2024,PBA_only,experimental,identified_record,none,not_addressed,1,human_accepted,yes
run_09cb718c41fd3a33,Fe-Co-Ni-Mn-Zn,uor_activity,doi:10.1016/j.cej.2024.156767,source_packet_d7e8de999f09f5cc,10.1016/j.cej.2024.156767,WOS:001341552700001,2024,PBA_only,experimental,identified_record,none,not_addressed,1,human_accepted,yes
run_09cb718c41fd3a33,Fe-Co-Ni-Mn-Zn,substitution_and_synergy,doi:10.1016/j.cej.2024.156767,source_packet_d7e8de999f09f5cc,10.1016/j.cej.2024.156767,WOS:001341552700001,2024,PBA_only,experimental,abstract_DOI_UT,contextual,support,1,human_accepted,yes
run_09cb718c41fd3a33,Fe-Co-Ni-Mn-Zn,uor_activity,doi:10.1016/j.cej.2024.156767,source_packet_d7e8de999f09f5cc,10.1016/j.cej.2024.156767,WOS:001341552700001,2024,PBA_only,experimental,exact_chunk_DOI_UT,overreach,support,1,human_accepted,yes
run_09cb718c41fd3a33,Fe-Co-Ni-Mn-Zn,pba_structural_compatibility,doi:10.1016/j.cej.2024.156767,source_packet_d7e8de999f09f5cc,10.1016/j.cej.2024.156767,WOS:001341552700001,2024,PBA_only,experimental,abstract_DOI_UT,contextual,support,1,human_accepted,yes
run_09cb718c41fd3a33,Fe-Co-Ni-Mn-Zn,alkaline_stability_corrosion,doi:10.1016/j.cej.2024.156767,source_packet_d7e8de999f09f5cc,10.1016/j.cej.2024.156767,WOS:001341552700001,2024,PBA_only,experimental,exact_chunk_DOI_UT,partial,support,1,human_accepted,yes
run_09cb718c41fd3a33,Fe-Co-Ni-Mn-Zn,uor_activity,doi:10.1016/j.cej.2024.156767,source_packet_d7e8de999f09f5cc,10.1016/j.cej.2024.156767,WOS:001341552700001,2024,PBA_only,experimental,exact_chunk_DOI_UT,overreach,support,1,human_accepted,yes
run_09cb718c41fd3a33,Fe-Co-Ni-Mn-Zn,pba_structural_compatibility,doi:10.1016/j.cej.2024.156767,source_packet_d7e8de999f09f5cc,10.1016/j.cej.2024.156767,WOS:001341552700001,2024,PBA_only,experimental,abstract_DOI_UT,contextual,support,1,human_accepted,yes
run_09cb718c41fd3a33,Fe-Co-Ni-Mn-Zn,alkaline_stability_corrosion,doi:10.1016/j.cej.2024.156767,source_packet_d7e8de999f09f5cc,10.1016/j.cej.2024.156767,WOS:001341552700001,2024,PBA_only,experimental,exact_chunk_DOI_UT,partial,support,1,human_accepted,yes
run_09cb718c41fd3a33,Fe-Co-Ni-Mn-Zn,pba_structural_compatibility,doi:10.1016/j.cej.2024.156767,source_packet_d7e8de999f09f5cc,10.1016/j.cej.2024.156767,WOS:001341552700001,2024,PBA_only,experimental,exact_chunk_DOI_UT,partial,support,1,human_accepted,yes
run_09cb718c41fd3a33,Fe-Co-Ni-Mn-Zn,alkaline_stability_corrosion,doi:10.1016/j.cej.2024.156767,source_packet_d7e8de999f09f5cc,10.1016/j.cej.2024.156767,WOS:001341552700001,2024,PBA_only,experimental,exact_chunk_DOI_UT,partial,support,1,human_accepted,yes
run_09cb718c41fd3a33,Fe-Co-Ni-Mn-Zn,wet_chemical_synthesis,doi:10.1016/j.cej.2024.156767,source_packet_d7e8de999f09f5cc,10.1016/j.cej.2024.156767,WOS:001341552700001,2024,PBA_only,experimental,identified_record,none,not_addressed,1,human_accepted,yes
run_09cb718c41fd3a33,Fe-Co-Ni-Mn-Zn,uor_activity,wos:WOS_BC7A3E899D5FCB65,source_packet_e4db72a978c39233,,,,PBA_only,experimental,identified_record,none,not_addressed,0.9674014658411585,machine_unreviewed,yes
run_09cb718c41fd3a33,Fe-Co-Ni-Mn-Zn,uor_activity,wos:WOS_BC7A3E899D5FCB65,source_packet_e4db72a978c39233,,,,PBA_only,experimental,identified_record,none,not_addressed,0.9674014658411585,machine_unreviewed,yes
run_09cb718c41fd3a33,Fe-Co-Ni-Mn-Zn,substitution_and_synergy,wos:WOS_BC7A3E899D5FCB65,source_packet_e4db72a978c39233,,,,PBA_only,experimental,identified_record,contextual,support,0.9674014658411585,machine_unreviewed,yes
run_09cb718c41fd3a33,Fe-Co-Ni-Mn-Zn,uor_activity,wos:WOS_BC7A3E899D5FCB65,source_packet_e4db72a978c39233,,,,PBA_only,experimental,identified_record,none,not_addressed,0.9674014658411585,machine_unreviewed,yes
run_09cb718c41fd3a33,Fe-Co-Ni-Mn-Zn,pba_structural_compatibility,wos:WOS_BC7A3E899D5FCB65,source_packet_e4db72a978c39233,,,,PBA_only,experimental,identified_record,contextual,support,0.9674014658411585,machine_unreviewed,yes
run_09cb718c41fd3a33,Fe-Co-Ni-Mn-Zn,alkaline_stability_corrosion,wos:WOS_BC7A3E899D5FCB65,source_packet_e4db72a978c39233,,,,PBA_only,experimental,identified_record,partial,support,0.9674014658411585,machine_unreviewed,yes
run_09cb718c41fd3a33,Fe-Co-Ni-Mn-Zn,uor_activity,wos:WOS_BC7A3E899D5FCB65,source_packet_e4db72a978c39233,,,,PBA_only,experimental,identified_record,none,not_addressed,0.9674014658411585,machine_unreviewed,yes
run_09cb718c41fd3a33,Fe-Co-Ni-Mn-Zn,pba_structural_compatibility,wos:WOS_BC7A3E899D5FCB65,source_packet_e4db72a978c39233,,,,PBA_only,experimental,identified_record,contextual,support,0.9674014658411585,machine_unreviewed,yes
run_09cb718c41fd3a33,Fe-Co-Ni-Mn-Zn,pba_structural_compatibility,wos:WOS_BC7A3E899D5FCB65,source_packet_e4db72a978c39233,,,,PBA_only,experimental,identified_record,contextual,support,0.9674014658411585,machine_unreviewed,yes
run_09cb718c41fd3a33,Fe-Co-Ni-Mn-Zn,alkaline_stability_corrosion,wos:WOS_BC7A3E899D5FCB65,source_packet_e4db72a978c39233,,,,PBA_only,experimental,identified_record,partial,support,0.9674014658411585,machine_unreviewed,yes
run_09cb718c41fd3a33,Fe-Co-Ni-Mn-Zn,wet_chemical_synthesis,wos:WOS_BC7A3E899D5FCB65,source_packet_e4db72a978c39233,,,,PBA_only,experimental,identified_record,none,not_addressed,0.9674014658411585,machine_unreviewed,yes
run_09cb718c41fd3a33,Fe-Co-Ni-Mn-Zn,uor_activity,doi:10.1016/j.nanoen.2020.105464,source_packet_fe0adf10952f5994,10.1016/j.nanoen.2020.105464,WOS:000620325800004,2021,PBA_only,experimental,identified_record,none,not_addressed,0.9674014658411585,machine_unreviewed,yes
run_09cb718c41fd3a33,Fe-Co-Ni-Mn-Zn,uor_activity,doi:10.1016/j.nanoen.2020.105464,source_packet_fe0adf10952f5994,10.1016/j.nanoen.2020.105464,WOS:000620325800004,2021,PBA_only,experimental,identified_record,none,not_addressed,0.9674014658411585,machine_unreviewed,yes
run_09cb718c41fd3a33,Fe-Co-Ni-Mn-Zn,substitution_and_synergy,doi:10.1016/j.nanoen.2020.105464,source_packet_fe0adf10952f5994,10.1016/j.nanoen.2020.105464,WOS:000620325800004,2021,PBA_only,experimental,exact_chunk_DOI_UT,contextual,support,0.9674014658411585,machine_unreviewed,yes
run_09cb718c41fd3a33,Fe-Co-Ni-Mn-Zn,uor_activity,doi:10.1016/j.nanoen.2020.105464,source_packet_fe0adf10952f5994,10.1016/j.nanoen.2020.105464,WOS:000620325800004,2021,PBA_only,experimental,identified_record,none,not_addressed,0.9674014658411585,machine_unreviewed,yes
run_09cb718c41fd3a33,Fe-Co-Ni-Mn-Zn,pba_structural_compatibility,doi:10.1016/j.nanoen.2020.105464,source_packet_fe0adf10952f5994,10.1016/j.nanoen.2020.105464,WOS:000620325800004,2021,PBA_only,experimental,exact_chunk_DOI_UT,contextual,support,0.9674014658411585,machine_unreviewed,yes
run_09cb718c41fd3a33,Fe-Co-Ni-Mn-Zn,alkaline_stability_corrosion,doi:10.1016/j.nanoen.2020.105464,source_packet_fe0adf10952f5994,10.1016/j.nanoen.2020.105464,WOS:000620325800004,2021,PBA_only,experimental,identified_record,none,not_addressed,0.9674014658411585,machine_unreviewed,yes
run_09cb718c41fd3a33,Fe-Co-Ni-Mn-Zn,uor_activity,doi:10.1016/j.nanoen.2020.105464,source_packet_fe0adf10952f5994,10.1016/j.nanoen.2020.105464,WOS:000620325800004,2021,PBA_only,experimental,identified_record,none,not_addressed,0.9674014658411585,machine_unreviewed,yes
run_09cb718c41fd3a33,Fe-Co-Ni-Mn-Zn,pba_structural_compatibility,doi:10.1016/j.nanoen.2020.105464,source_packet_fe0adf10952f5994,10.1016/j.nanoen.2020.105464,WOS:000620325800004,2021,PBA_only,experimental,exact_chunk_DOI_UT,contextual,support,0.9674014658411585,machine_unreviewed,yes
run_09cb718c41fd3a33,Fe-Co-Ni-Mn-Zn,alkaline_stability_corrosion,doi:10.1016/j.nanoen.2020.105464,source_packet_fe0adf10952f5994,10.1016/j.nanoen.2020.105464,WOS:000620325800004,2021,PBA_only,experimental,identified_record,none,not_addressed,0.9674014658411585,machine_unreviewed,yes
run_09cb718c41fd3a33,Fe-Co-Ni-Mn-Zn,pba_structural_compatibility,doi:10.1016/j.nanoen.2020.105464,source_packet_fe0adf10952f5994,10.1016/j.nanoen.2020.105464,WOS:000620325800004,2021,PBA_only,experimental,exact_chunk_DOI_UT,contextual,support,0.9674014658411585,machine_unreviewed,yes
run_09cb718c41fd3a33,Fe-Co-Ni-Mn-Zn,alkaline_stability_corrosion,doi:10.1016/j.nanoen.2020.105464,source_packet_fe0adf10952f5994,10.1016/j.nanoen.2020.105464,WOS:000620325800004,2021,PBA_only,experimental,identified_record,none,not_addressed,0.9674014658411585,machine_unreviewed,yes
run_09cb718c41fd3a33,Fe-Co-Ni-Mn-Zn,wet_chemical_synthesis,doi:10.1016/j.nanoen.2020.105464,source_packet_fe0adf10952f5994,10.1016/j.nanoen.2020.105464,WOS:000620325800004,2021,PBA_only,experimental,exact_chunk_DOI_UT,partial,support,0.9674014658411585,machine_unreviewed,yes
run_020148402fc4a275,Fe-Co-Ni-Mn-Zn,alkaline_stability_corrosion,doi:10.1080/24701556.2018.1504071,source_packet_7a3883b3e3cca0d2,10.1080/24701556.2018.1504071,WOS:000461980400002,2018,foundational,experimental,exact_chunk_DOI_UT,contextual,support,0.9674014658411585,machine_unreviewed,yes
run_5bd3e94ad1b2be23,Fe-Co-Ni-Mn-Zn,uor_activity,wos:WOS_A7A85EDE9F6153F4,source_packet_8a0d8e3e2a0e6d86,,,,direct_PBA_UOR,experimental,identified_record,contextual,support,1,human_accepted,yes
run_5bd3e94ad1b2be23,Fe-Co-Ni-Mn-Zn,uor_activity,wos:WOS_A7A85EDE9F6153F4,source_packet_8a0d8e3e2a0e6d86,,,,direct_PBA_UOR,experimental,identified_record,contextual,support,1,human_accepted,yes
run_5bd3e94ad1b2be23,Fe-Co-Ni-Mn-Zn,uor_activity,wos:WOS_A7A85EDE9F6153F4,source_packet_8a0d8e3e2a0e6d86,,,,direct_PBA_UOR,experimental,identified_record,none,not_addressed,1,human_accepted,yes
run_5bd3e94ad1b2be23,Fe-Co-Ni-Mn-Zn,pba_structural_compatibility,wos:WOS_A7A85EDE9F6153F4,source_packet_8a0d8e3e2a0e6d86,,,,direct_PBA_UOR,experimental,identified_record,none,not_addressed,1,human_accepted,yes
run_5bd3e94ad1b2be23,Fe-Co-Ni-Mn-Zn,wet_chemical_synthesis,wos:WOS_A7A85EDE9F6153F4,source_packet_8a0d8e3e2a0e6d86,,,,direct_PBA_UOR,experimental,identified_record,contextual,support,1,human_accepted,yes
run_5bd3e94ad1b2be23,Fe-Co-Ni-Mn-Zn,wet_chemical_synthesis,wos:WOS_A7A85EDE9F6153F4,source_packet_8a0d8e3e2a0e6d86,,,,direct_PBA_UOR,experimental,identified_record,partial,support,1,human_accepted,yes
run_5bd3e94ad1b2be23,Fe-Co-Ni-Mn-Zn,uor_activity,doi:10.1021/acs.inorgchem.3c01701,source_packet_920f05b27b5f1c36,10.1021/acs.inorgchem.3c01701,WOS:001016562800001,2023,direct_PBA_UOR,experimental,abstract_DOI_UT,contextual,support,1,human_accepted,yes
run_5bd3e94ad1b2be23,Fe-Co-Ni-Mn-Zn,uor_activity,doi:10.1021/acs.inorgchem.3c01701,source_packet_920f05b27b5f1c36,10.1021/acs.inorgchem.3c01701,WOS:001016562800001,2023,direct_PBA_UOR,experimental,abstract_DOI_UT,contextual,support,1,human_accepted,yes
run_5bd3e94ad1b2be23,Fe-Co-Ni-Mn-Zn,uor_activity,doi:10.1021/acs.inorgchem.3c01701,source_packet_920f05b27b5f1c36,10.1021/acs.inorgchem.3c01701,WOS:001016562800001,2023,direct_PBA_UOR,experimental,exact_chunk_DOI_UT,partial,support,1,human_accepted,yes
run_5bd3e94ad1b2be23,Fe-Co-Ni-Mn-Zn,alkaline_stability_corrosion,doi:10.1021/acs.inorgchem.3c01701,source_packet_920f05b27b5f1c36,10.1021/acs.inorgchem.3c01701,WOS:001016562800001,2023,direct_PBA_UOR,experimental,identified_record,none,not_addressed,1,human_accepted,yes
run_5bd3e94ad1b2be23,Fe-Co-Ni-Mn-Zn,alkaline_stability_corrosion,doi:10.1021/acs.inorgchem.3c01701,source_packet_920f05b27b5f1c36,10.1021/acs.inorgchem.3c01701,WOS:001016562800001,2023,direct_PBA_UOR,experimental,identified_record,none,not_addressed,1,human_accepted,yes
run_5bd3e94ad1b2be23,Fe-Co-Ni-Mn-Zn,alkaline_stability_corrosion,doi:10.1021/acs.inorgchem.3c01701,source_packet_920f05b27b5f1c36,10.1021/acs.inorgchem.3c01701,WOS:001016562800001,2023,direct_PBA_UOR,experimental,identified_record,none,not_addressed,1,human_accepted,yes
run_5bd3e94ad1b2be23,Fe-Co-Ni-Mn-Zn,pba_structural_compatibility,doi:10.1021/acs.inorgchem.3c01701,source_packet_920f05b27b5f1c36,10.1021/acs.inorgchem.3c01701,WOS:001016562800001,2023,direct_PBA_UOR,experimental,abstract_DOI_UT,contextual,support,1,human_accepted,yes
run_5bd3e94ad1b2be23,Fe-Co-Ni-Mn-Zn,wet_chemical_synthesis,doi:10.1021/acs.inorgchem.3c01701,source_packet_920f05b27b5f1c36,10.1021/acs.inorgchem.3c01701,WOS:001016562800001,2023,direct_PBA_UOR,experimental,abstract_DOI_UT,contextual,support,1,human_accepted,yes
run_5bd3e94ad1b2be23,Fe-Co-Ni-Mn-Zn,wet_chemical_synthesis,doi:10.1021/acs.inorgchem.3c01701,source_packet_920f05b27b5f1c36,10.1021/acs.inorgchem.3c01701,WOS:001016562800001,2023,direct_PBA_UOR,experimental,exact_chunk_DOI_UT,partial,support,1,human_accepted,yes
run_5bd3e94ad1b2be23,Fe-Co-Ni-Mn-Zn,alkaline_stability_corrosion,doi:10.1021/acs.inorgchem.3c01701,source_packet_920f05b27b5f1c36,10.1021/acs.inorgchem.3c01701,WOS:001016562800001,2023,direct_PBA_UOR,experimental,identified_record,none,not_addressed,1,human_accepted,yes
run_5bd3e94ad1b2be23,Fe-Co-Ni-Mn-Zn,uor_activity,doi:10.1007/s12274-022-5020-0,source_packet_9e936cd158c82843,10.1007/s12274-022-5020-0,WOS:000870961100003,2023,PBA_only,experimental,abstract_DOI_UT,contextual,support,0.9674014658411585,machine_unreviewed,yes
run_5bd3e94ad1b2be23,Fe-Co-Ni-Mn-Zn,uor_activity,doi:10.1007/s12274-022-5020-0,source_packet_9e936cd158c82843,10.1007/s12274-022-5020-0,WOS:000870961100003,2023,PBA_only,experimental,abstract_DOI_UT,contextual,support,0.9674014658411585,machine_unreviewed,yes
run_5bd3e94ad1b2be23,Fe-Co-Ni-Mn-Zn,uor_activity,doi:10.1007/s12274-022-5020-0,source_packet_9e936cd158c82843,10.1007/s12274-022-5020-0,WOS:000870961100003,2023,PBA_only,experimental,abstract_DOI_UT,contextual,support,0.9674014658411585,machine_unreviewed,yes
run_5bd3e94ad1b2be23,Fe-Co-Ni-Mn-Zn,wet_chemical_synthesis,doi:10.1007/s12274-022-5020-0,source_packet_9e936cd158c82843,10.1007/s12274-022-5020-0,WOS:000870961100003,2023,PBA_only,experimental,identified_record,none,not_addressed,0.9674014658411585,machine_unreviewed,yes
run_5bd3e94ad1b2be23,Fe-Co-Ni-Mn-Zn,wet_chemical_synthesis,doi:10.1007/s12274-022-5020-0,source_packet_9e936cd158c82843,10.1007/s12274-022-5020-0,WOS:000870961100003,2023,PBA_only,experimental,identified_record,none,not_addressed,0.9674014658411585,machine_unreviewed,yes
run_94b6811a613c1128,Fe-Co-Ni-Mn-Zn,uor_activity,doi:10.1002/ente.202401733,source_packet_43773f2ef74b5a8f,10.1002/ente.202401733,WOS:001384319600001,2024,PBA_only,experimental,identified_record,none,not_addressed,0.9674014658411585,machine_unreviewed,yes
run_94b6811a613c1128,Fe-Co-Ni-Mn-Zn,uor_activity,doi:10.1002/ente.202401733,source_packet_43773f2ef74b5a8f,10.1002/ente.202401733,WOS:001384319600001,2024,PBA_only,experimental,identified_record,none,not_addressed,0.9674014658411585,machine_unreviewed,yes
run_94b6811a613c1128,Fe-Co-Ni-Mn-Zn,uor_activity,doi:10.1002/ente.202401733,source_packet_43773f2ef74b5a8f,10.1002/ente.202401733,WOS:001384319600001,2024,PBA_only,experimental,identified_record,none,not_addressed,0.9674014658411585,machine_unreviewed,yes
run_94b6811a613c1128,Fe-Co-Ni-Mn-Zn,uor_activity,doi:10.1002/ente.202401733,source_packet_43773f2ef74b5a8f,10.1002/ente.202401733,WOS:001384319600001,2024,PBA_only,experimental,identified_record,none,not_addressed,0.9674014658411585,machine_unreviewed,yes
run_94b6811a613c1128,Fe-Co-Ni-Mn-Zn,uor_activity,doi:10.1002/ente.202401733,source_packet_43773f2ef74b5a8f,10.1002/ente.202401733,WOS:001384319600001,2024,PBA_only,experimental,identified_record,none,not_addressed,0.9674014658411585,machine_unreviewed,yes
run_94b6811a613c1128,Fe-Co-Ni-Mn-Zn,alkaline_stability_corrosion,doi:10.1002/ente.202401733,source_packet_43773f2ef74b5a8f,10.1002/ente.202401733,WOS:001384319600001,2024,PBA_only,experimental,abstract_DOI_UT,contextual,support,0.9674014658411585,machine_unreviewed,yes
run_94b6811a613c1128,Fe-Co-Ni-Mn-Zn,alkaline_stability_corrosion,doi:10.1002/ente.202401733,source_packet_43773f2ef74b5a8f,10.1002/ente.202401733,WOS:001384319600001,2024,PBA_only,experimental,abstract_DOI_UT,contextual,support,0.9674014658411585,machine_unreviewed,yes
run_94b6811a613c1128,Fe-Co-Ni-Mn-Zn,pba_structural_compatibility,doi:10.1002/ente.202401733,source_packet_43773f2ef74b5a8f,10.1002/ente.202401733,WOS:001384319600001,2024,PBA_only,experimental,abstract_DOI_UT,partial,support,0.9674014658411585,machine_unreviewed,yes
run_94b6811a613c1128,Fe-Co-Ni-Mn-Zn,alkaline_stability_corrosion,doi:10.1002/ente.202401733,source_packet_43773f2ef74b5a8f,10.1002/ente.202401733,WOS:001384319600001,2024,PBA_only,experimental,abstract_DOI_UT,contextual,support,0.9674014658411585,machine_unreviewed,yes
run_94b6811a613c1128,Fe-Co-Ni-Mn-Zn,wet_chemical_synthesis,doi:10.1002/ente.202401733,source_packet_43773f2ef74b5a8f,10.1002/ente.202401733,WOS:001384319600001,2024,PBA_only,experimental,identified_record,none,not_addressed,0.9674014658411585,machine_unreviewed,yes
run_94b6811a613c1128,Fe-Co-Ni-Mn-Zn,uor_activity,doi:10.1021/acs.inorgchem.3c01701,source_packet_7276963f8bcd44bc,10.1021/acs.inorgchem.3c01701,WOS:001016562800001,2023,direct_PBA_UOR,experimental,abstract_DOI_UT,contextual,support,1,human_accepted,yes
run_94b6811a613c1128,Fe-Co-Ni-Mn-Zn,uor_activity,doi:10.1021/acs.inorgchem.3c01701,source_packet_7276963f8bcd44bc,10.1021/acs.inorgchem.3c01701,WOS:001016562800001,2023,direct_PBA_UOR,experimental,exact_chunk_DOI_UT,partial,support,1,human_accepted,yes
run_94b6811a613c1128,Fe-Co-Ni-Mn-Zn,uor_activity,doi:10.1021/acs.inorgchem.3c01701,source_packet_7276963f8bcd44bc,10.1021/acs.inorgchem.3c01701,WOS:001016562800001,2023,direct_PBA_UOR,experimental,exact_chunk_DOI_UT,partial,support,1,human_accepted,yes
run_94b6811a613c1128,Fe-Co-Ni-Mn-Zn,substitution_and_synergy,doi:10.1021/acs.inorgchem.3c01701,source_packet_7276963f8bcd44bc,10.1021/acs.inorgchem.3c01701,WOS:001016562800001,2023,direct_PBA_UOR,experimental,identified_record,none,not_addressed,1,human_accepted,yes
run_94b6811a613c1128,Fe-Co-Ni-Mn-Zn,uor_activity,doi:10.1021/acs.inorgchem.3c01701,source_packet_7276963f8bcd44bc,10.1021/acs.inorgchem.3c01701,WOS:001016562800001,2023,direct_PBA_UOR,experimental,exact_chunk_DOI_UT,partial,support,1,human_accepted,yes
run_94b6811a613c1128,Fe-Co-Ni-Mn-Zn,uor_activity,doi:10.1021/acs.inorgchem.3c01701,source_packet_7276963f8bcd44bc,10.1021/acs.inorgchem.3c01701,WOS:001016562800001,2023,direct_PBA_UOR,experimental,abstract_DOI_UT,contextual,support,1,human_accepted,yes
run_94b6811a613c1128,Fe-Co-Ni-Mn-Zn,pba_structural_compatibility,doi:10.1021/acs.inorgchem.3c01701,source_packet_7276963f8bcd44bc,10.1021/acs.inorgchem.3c01701,WOS:001016562800001,2023,direct_PBA_UOR,experimental,abstract_DOI_UT,contextual,support,1,human_accepted,yes
run_94b6811a613c1128,Fe-Co-Ni-Mn-Zn,alkaline_stability_corrosion,doi:10.1021/acs.inorgchem.3c01701,source_packet_7276963f8bcd44bc,10.1021/acs.inorgchem.3c01701,WOS:001016562800001,2023,direct_PBA_UOR,experimental,identified_record,none,not_addressed,1,human_accepted,yes
run_94b6811a613c1128,Fe-Co-Ni-Mn-Zn,alkaline_stability_corrosion,doi:10.1021/acs.inorgchem.3c01701,source_packet_7276963f8bcd44bc,10.1021/acs.inorgchem.3c01701,WOS:001016562800001,2023,direct_PBA_UOR,experimental,identified_record,none,not_addressed,1,human_accepted,yes
run_94b6811a613c1128,Fe-Co-Ni-Mn-Zn,pba_structural_compatibility,doi:10.1021/acs.inorgchem.3c01701,source_packet_7276963f8bcd44bc,10.1021/acs.inorgchem.3c01701,WOS:001016562800001,2023,direct_PBA_UOR,experimental,abstract_DOI_UT,contextual,support,1,human_accepted,yes
run_94b6811a613c1128,Fe-Co-Ni-Mn-Zn,alkaline_stability_corrosion,doi:10.1021/acs.inorgchem.3c01701,source_packet_7276963f8bcd44bc,10.1021/acs.inorgchem.3c01701,WOS:001016562800001,2023,direct_PBA_UOR,experimental,identified_record,none,not_addressed,1,human_accepted,yes
run_94b6811a613c1128,Fe-Co-Ni-Mn-Zn,wet_chemical_synthesis,doi:10.1021/acs.inorgchem.3c01701,source_packet_7276963f8bcd44bc,10.1021/acs.inorgchem.3c01701,WOS:001016562800001,2023,direct_PBA_UOR,experimental,abstract_DOI_UT,contextual,support,1,human_accepted,yes
run_94b6811a613c1128,Fe-Co-Ni-Mn-Zn,uor_activity,doi:10.1039/d3ta01967e,source_packet_746a0c81bcc3c857,10.1039/d3ta01967e,WOS:001063921500001,2023,PBA_only,experimental,identified_record,none,not_addressed,0.9674014658411585,machine_unreviewed,yes
run_94b6811a613c1128,Fe-Co-Ni-Mn-Zn,uor_activity,doi:10.1039/d3ta01967e,source_packet_746a0c81bcc3c857,10.1039/d3ta01967e,WOS:001063921500001,2023,PBA_only,experimental,identified_record,none,not_addressed,0.9674014658411585,machine_unreviewed,yes
run_94b6811a613c1128,Fe-Co-Ni-Mn-Zn,uor_activity,doi:10.1039/d3ta01967e,source_packet_746a0c81bcc3c857,10.1039/d3ta01967e,WOS:001063921500001,2023,PBA_only,experimental,identified_record,none,not_addressed,0.9674014658411585,machine_unreviewed,yes
run_94b6811a613c1128,Fe-Co-Ni-Mn-Zn,substitution_and_synergy,doi:10.1039/d3ta01967e,source_packet_746a0c81bcc3c857,10.1039/d3ta01967e,WOS:001063921500001,2023,PBA_only,experimental,abstract_DOI_UT,contextual,support,0.9674014658411585,machine_unreviewed,yes
run_94b6811a613c1128,Fe-Co-Ni-Mn-Zn,uor_activity,doi:10.1039/d3ta01967e,source_packet_746a0c81bcc3c857,10.1039/d3ta01967e,WOS:001063921500001,2023,PBA_only,experimental,identified_record,none,not_addressed,0.9674014658411585,machine_unreviewed,yes
run_94b6811a613c1128,Fe-Co-Ni-Mn-Zn,uor_activity,doi:10.1039/d3ta01967e,source_packet_746a0c81bcc3c857,10.1039/d3ta01967e,WOS:001063921500001,2023,PBA_only,experimental,identified_record,none,not_addressed,0.9674014658411585,machine_unreviewed,yes
run_94b6811a613c1128,Fe-Co-Ni-Mn-Zn,pba_structural_compatibility,doi:10.1039/d3ta01967e,source_packet_746a0c81bcc3c857,10.1039/d3ta01967e,WOS:001063921500001,2023,PBA_only,experimental,abstract_DOI_UT,contextual,support,0.9674014658411585,machine_unreviewed,yes
run_94b6811a613c1128,Fe-Co-Ni-Mn-Zn,alkaline_stability_corrosion,doi:10.1039/d3ta01967e,source_packet_746a0c81bcc3c857,10.1039/d3ta01967e,WOS:001063921500001,2023,PBA_only,experimental,abstract_DOI_UT,contextual,support,0.9674014658411585,machine_unreviewed,yes
run_94b6811a613c1128,Fe-Co-Ni-Mn-Zn,alkaline_stability_corrosion,doi:10.1039/d3ta01967e,source_packet_746a0c81bcc3c857,10.1039/d3ta01967e,WOS:001063921500001,2023,PBA_only,experimental,abstract_DOI_UT,contextual,support,0.9674014658411585,machine_unreviewed,yes
run_94b6811a613c1128,Fe-Co-Ni-Mn-Zn,pba_structural_compatibility,doi:10.1039/d3ta01967e,source_packet_746a0c81bcc3c857,10.1039/d3ta01967e,WOS:001063921500001,2023,PBA_only,experimental,exact_chunk_DOI_UT,full,support,0.9674014658411585,machine_unreviewed,yes
run_94b6811a613c1128,Fe-Co-Ni-Mn-Zn,alkaline_stability_corrosion,doi:10.1039/d3ta01967e,source_packet_746a0c81bcc3c857,10.1039/d3ta01967e,WOS:001063921500001,2023,PBA_only,experimental,abstract_DOI_UT,contextual,support,0.9674014658411585,machine_unreviewed,yes
run_94b6811a613c1128,Fe-Co-Ni-Mn-Zn,uor_activity,wos:WOS_A7A85EDE9F6153F4,source_packet_7768fcb48812358e,,,,direct_PBA_UOR,experimental,identified_record,contextual,support,1,human_accepted,yes
run_94b6811a613c1128,Fe-Co-Ni-Mn-Zn,uor_activity,wos:WOS_A7A85EDE9F6153F4,source_packet_7768fcb48812358e,,,,direct_PBA_UOR,experimental,identified_record,none,not_addressed,1,human_accepted,yes
run_94b6811a613c1128,Fe-Co-Ni-Mn-Zn,uor_activity,wos:WOS_A7A85EDE9F6153F4,source_packet_7768fcb48812358e,,,,direct_PBA_UOR,experimental,identified_record,contextual,support,1,human_accepted,yes
run_94b6811a613c1128,Fe-Co-Ni-Mn-Zn,substitution_and_synergy,wos:WOS_A7A85EDE9F6153F4,source_packet_7768fcb48812358e,,,,direct_PBA_UOR,experimental,identified_record,none,not_addressed,1,human_accepted,yes
run_94b6811a613c1128,Fe-Co-Ni-Mn-Zn,uor_activity,wos:WOS_A7A85EDE9F6153F4,source_packet_7768fcb48812358e,,,,direct_PBA_UOR,experimental,identified_record,contextual,support,1,human_accepted,yes
run_94b6811a613c1128,Fe-Co-Ni-Mn-Zn,uor_activity,wos:WOS_A7A85EDE9F6153F4,source_packet_7768fcb48812358e,,,,direct_PBA_UOR,experimental,identified_record,none,not_addressed,1,human_accepted,yes
run_94b6811a613c1128,Fe-Co-Ni-Mn-Zn,pba_structural_compatibility,wos:WOS_A7A85EDE9F6153F4,source_packet_7768fcb48812358e,,,,direct_PBA_UOR,experimental,identified_record,contextual,support,1,human_accepted,yes
run_94b6811a613c1128,Fe-Co-Ni-Mn-Zn,pba_structural_compatibility,wos:WOS_A7A85EDE9F6153F4,source_packet_7768fcb48812358e,,,,direct_PBA_UOR,experimental,identified_record,none,not_addressed,1,human_accepted,yes
run_94b6811a613c1128,Fe-Co-Ni-Mn-Zn,wet_chemical_synthesis,wos:WOS_A7A85EDE9F6153F4,source_packet_7768fcb48812358e,,,,direct_PBA_UOR,experimental,identified_record,contextual,support,1,human_accepted,yes
run_94b6811a613c1128,Fe-Co-Ni-Mn-Zn,uor_activity,doi:10.1016/j.cej.2024.156767,source_packet_aacdaf4f60e8e035,10.1016/j.cej.2024.156767,WOS:001341552700001,2024,PBA_only,experimental,identified_record,none,not_addressed,1,human_accepted,yes
run_94b6811a613c1128,Fe-Co-Ni-Mn-Zn,uor_activity,doi:10.1016/j.cej.2024.156767,source_packet_aacdaf4f60e8e035,10.1016/j.cej.2024.156767,WOS:001341552700001,2024,PBA_only,experimental,identified_record,none,not_addressed,1,human_accepted,yes
run_94b6811a613c1128,Fe-Co-Ni-Mn-Zn,uor_activity,doi:10.1016/j.cej.2024.156767,source_packet_aacdaf4f60e8e035,10.1016/j.cej.2024.156767,WOS:001341552700001,2024,PBA_only,experimental,exact_chunk_DOI_UT,overreach,support,1,human_accepted,yes
run_94b6811a613c1128,Fe-Co-Ni-Mn-Zn,substitution_and_synergy,doi:10.1016/j.cej.2024.156767,source_packet_aacdaf4f60e8e035,10.1016/j.cej.2024.156767,WOS:001341552700001,2024,PBA_only,experimental,abstract_DOI_UT,contextual,support,1,human_accepted,yes
run_94b6811a613c1128,Fe-Co-Ni-Mn-Zn,uor_activity,doi:10.1016/j.cej.2024.156767,source_packet_aacdaf4f60e8e035,10.1016/j.cej.2024.156767,WOS:001341552700001,2024,PBA_only,experimental,exact_chunk_DOI_UT,overreach,support,1,human_accepted,yes
run_94b6811a613c1128,Fe-Co-Ni-Mn-Zn,uor_activity,doi:10.1016/j.cej.2024.156767,source_packet_aacdaf4f60e8e035,10.1016/j.cej.2024.156767,WOS:001341552700001,2024,PBA_only,experimental,exact_chunk_DOI_UT,overreach,support,1,human_accepted,yes
run_94b6811a613c1128,Fe-Co-Ni-Mn-Zn,pba_structural_compatibility,doi:10.1016/j.cej.2024.156767,source_packet_aacdaf4f60e8e035,10.1016/j.cej.2024.156767,WOS:001341552700001,2024,PBA_only,experimental,abstract_DOI_UT,contextual,support,1,human_accepted,yes
run_94b6811a613c1128,Fe-Co-Ni-Mn-Zn,alkaline_stability_corrosion,doi:10.1016/j.cej.2024.156767,source_packet_aacdaf4f60e8e035,10.1016/j.cej.2024.156767,WOS:001341552700001,2024,PBA_only,experimental,exact_chunk_DOI_UT,partial,support,1,human_accepted,yes
run_94b6811a613c1128,Fe-Co-Ni-Mn-Zn,pba_structural_compatibility,doi:10.1016/j.cej.2024.156767,source_packet_aacdaf4f60e8e035,10.1016/j.cej.2024.156767,WOS:001341552700001,2024,PBA_only,experimental,exact_chunk_DOI_UT,partial,support,1,human_accepted,yes
run_94b6811a613c1128,Fe-Co-Ni-Mn-Zn,wet_chemical_synthesis,doi:10.1016/j.cej.2024.156767,source_packet_aacdaf4f60e8e035,10.1016/j.cej.2024.156767,WOS:001341552700001,2024,PBA_only,experimental,identified_record,none,not_addressed,1,human_accepted,yes
run_9a1f52cb9067d9cb,Fe-Co-Ni-Mn-Zn,uor_activity,doi:10.1007/s12274-022-5020-0,source_packet_210161aa678093e9,10.1007/s12274-022-5020-0,WOS:000870961100003,2023,PBA_only,experimental,abstract_DOI_UT,contextual,support,1,human_accepted,yes
run_9a1f52cb9067d9cb,Fe-Co-Ni-Mn-Zn,uor_activity,doi:10.1007/s12274-022-5020-0,source_packet_210161aa678093e9,10.1007/s12274-022-5020-0,WOS:000870961100003,2023,PBA_only,experimental,abstract_DOI_UT,contextual,support,1,human_accepted,yes
run_9a1f52cb9067d9cb,Fe-Co-Ni-Mn-Zn,uor_activity,doi:10.1007/s12274-022-5020-0,source_packet_210161aa678093e9,10.1007/s12274-022-5020-0,WOS:000870961100003,2023,PBA_only,experimental,abstract_DOI_UT,contextual,support,1,human_accepted,yes
run_9a1f52cb9067d9cb,Fe-Co-Ni-Mn-Zn,alkaline_stability_corrosion,doi:10.1007/s12274-022-5020-0,source_packet_210161aa678093e9,10.1007/s12274-022-5020-0,WOS:000870961100003,2023,PBA_only,experimental,exact_chunk_DOI_UT,partial,support,1,human_accepted,yes
run_9a1f52cb9067d9cb,Fe-Co-Ni-Mn-Zn,pba_structural_compatibility,doi:10.1007/s12274-022-5020-0,source_packet_210161aa678093e9,10.1007/s12274-022-5020-0,WOS:000870961100003,2023,PBA_only,experimental,exact_chunk_DOI_UT,partial,support,1,human_accepted,yes
run_9a1f52cb9067d9cb,Fe-Co-Ni-Mn-Zn,pba_structural_compatibility,doi:10.1007/s12274-022-5020-0,source_packet_210161aa678093e9,10.1007/s12274-022-5020-0,WOS:000870961100003,2023,PBA_only,experimental,exact_chunk_DOI_UT,partial,support,1,human_accepted,yes
run_9a1f52cb9067d9cb,Fe-Co-Ni-Mn-Zn,uor_activity,doi:10.1007/s12274-022-5020-0,source_packet_210161aa678093e9,10.1007/s12274-022-5020-0,WOS:000870961100003,2023,PBA_only,experimental,abstract_DOI_UT,contextual,support,1,human_accepted,yes
run_9a1f52cb9067d9cb,Fe-Co-Ni-Mn-Zn,wet_chemical_synthesis,doi:10.1007/s12274-022-5020-0,source_packet_210161aa678093e9,10.1007/s12274-022-5020-0,WOS:000870961100003,2023,PBA_only,experimental,identified_record,none,not_addressed,1,human_accepted,yes
run_9a1f52cb9067d9cb,Fe-Co-Ni-Mn-Zn,uor_activity,doi:10.1021/acs.inorgchem.2c04465,source_packet_5c2ca03428fb00a1,10.1021/acs.inorgchem.2c04465,WOS:000938761100001,2023,direct_PBA_UOR,experimental,exact_chunk_DOI_UT,partial,support,1,human_accepted,yes
run_9a1f52cb9067d9cb,Fe-Co-Ni-Mn-Zn,uor_activity,doi:10.1021/acs.inorgchem.2c04465,source_packet_5c2ca03428fb00a1,10.1021/acs.inorgchem.2c04465,WOS:000938761100001,2023,direct_PBA_UOR,experimental,exact_chunk_DOI_UT,partial,support,1,human_accepted,yes
run_9a1f52cb9067d9cb,Fe-Co-Ni-Mn-Zn,alkaline_stability_corrosion,doi:10.1021/acs.inorgchem.2c04465,source_packet_5c2ca03428fb00a1,10.1021/acs.inorgchem.2c04465,WOS:000938761100001,2023,direct_PBA_UOR,experimental,abstract_DOI_UT,contextual,support,1,human_accepted,yes
run_9a1f52cb9067d9cb,Fe-Co-Ni-Mn-Zn,pba_structural_compatibility,doi:10.1021/acs.inorgchem.2c04465,source_packet_5c2ca03428fb00a1,10.1021/acs.inorgchem.2c04465,WOS:000938761100001,2023,direct_PBA_UOR,experimental,abstract_DOI_UT,contextual,support,1,human_accepted,yes
run_9a1f52cb9067d9cb,Fe-Co-Ni-Mn-Zn,substitution_and_synergy,doi:10.1021/acs.inorgchem.2c04465,source_packet_5c2ca03428fb00a1,10.1021/acs.inorgchem.2c04465,WOS:000938761100001,2023,direct_PBA_UOR,experimental,exact_chunk_DOI_UT,partial,support,1,human_accepted,yes
run_9a1f52cb9067d9cb,Fe-Co-Ni-Mn-Zn,pba_structural_compatibility,doi:10.1021/acs.inorgchem.2c04465,source_packet_5c2ca03428fb00a1,10.1021/acs.inorgchem.2c04465,WOS:000938761100001,2023,direct_PBA_UOR,experimental,abstract_DOI_UT,contextual,support,1,human_accepted,yes
run_9a1f52cb9067d9cb,Fe-Co-Ni-Mn-Zn,alkaline_stability_corrosion,doi:10.1021/acs.inorgchem.2c04465,source_packet_5c2ca03428fb00a1,10.1021/acs.inorgchem.2c04465,WOS:000938761100001,2023,direct_PBA_UOR,experimental,abstract_DOI_UT,contextual,support,1,human_accepted,yes
run_9a1f52cb9067d9cb,Fe-Co-Ni-Mn-Zn,pba_structural_compatibility,doi:10.1021/acs.inorgchem.2c04465,source_packet_5c2ca03428fb00a1,10.1021/acs.inorgchem.2c04465,WOS:000938761100001,2023,direct_PBA_UOR,experimental,abstract_DOI_UT,contextual,support,1,human_accepted,yes
run_9a1f52cb9067d9cb,Fe-Co-Ni-Mn-Zn,wet_chemical_synthesis,doi:10.1021/acs.inorgchem.2c04465,source_packet_5c2ca03428fb00a1,10.1021/acs.inorgchem.2c04465,WOS:000938761100001,2023,direct_PBA_UOR,experimental,identified_record,none,not_addressed,1,human_accepted,yes
run_9a1f52cb9067d9cb,Fe-Co-Ni-Mn-Zn,alkaline_stability_corrosion,doi:10.1021/acs.inorgchem.2c04465,source_packet_5c2ca03428fb00a1,10.1021/acs.inorgchem.2c04465,WOS:000938761100001,2023,direct_PBA_UOR,experimental,abstract_DOI_UT,contextual,support,1,human_accepted,yes
run_9a1f52cb9067d9cb,Fe-Co-Ni-Mn-Zn,uor_activity,wos:WOS_A7A85EDE9F6153F4,source_packet_79e7a748fa6d3ee4,,,,direct_PBA_UOR,experimental,identified_record,contextual,support,1,human_accepted,yes
run_9a1f52cb9067d9cb,Fe-Co-Ni-Mn-Zn,uor_activity,wos:WOS_A7A85EDE9F6153F4,source_packet_79e7a748fa6d3ee4,,,,direct_PBA_UOR,experimental,identified_record,none,not_addressed,1,human_accepted,yes
run_9a1f52cb9067d9cb,Fe-Co-Ni-Mn-Zn,substitution_and_synergy,wos:WOS_A7A85EDE9F6153F4,source_packet_79e7a748fa6d3ee4,,,,direct_PBA_UOR,experimental,identified_record,none,not_addressed,1,human_accepted,yes
run_9a1f52cb9067d9cb,Fe-Co-Ni-Mn-Zn,uor_activity,wos:WOS_A7A85EDE9F6153F4,source_packet_79e7a748fa6d3ee4,,,,direct_PBA_UOR,experimental,identified_record,contextual,support,1,human_accepted,yes
run_9a1f52cb9067d9cb,Fe-Co-Ni-Mn-Zn,pba_structural_compatibility,wos:WOS_A7A85EDE9F6153F4,source_packet_79e7a748fa6d3ee4,,,,direct_PBA_UOR,experimental,identified_record,contextual,support,1,human_accepted,yes
run_9a1f52cb9067d9cb,Fe-Co-Ni-Mn-Zn,substitution_and_synergy,wos:WOS_A7A85EDE9F6153F4,source_packet_79e7a748fa6d3ee4,,,,direct_PBA_UOR,experimental,identified_record,none,not_addressed,1,human_accepted,yes
run_9a1f52cb9067d9cb,Fe-Co-Ni-Mn-Zn,pba_structural_compatibility,wos:WOS_A7A85EDE9F6153F4,source_packet_79e7a748fa6d3ee4,,,,direct_PBA_UOR,experimental,identified_record,contextual,support,1,human_accepted,yes
run_9a1f52cb9067d9cb,Fe-Co-Ni-Mn-Zn,uor_activity,wos:WOS_A7A85EDE9F6153F4,source_packet_79e7a748fa6d3ee4,,,,direct_PBA_UOR,experimental,identified_record,none,not_addressed,1,human_accepted,yes
run_9a1f52cb9067d9cb,Fe-Co-Ni-Mn-Zn,pba_structural_compatibility,wos:WOS_A7A85EDE9F6153F4,source_packet_79e7a748fa6d3ee4,,,,direct_PBA_UOR,experimental,identified_record,none,not_addressed,1,human_accepted,yes
run_9a1f52cb9067d9cb,Fe-Co-Ni-Mn-Zn,wet_chemical_synthesis,wos:WOS_A7A85EDE9F6153F4,source_packet_79e7a748fa6d3ee4,,,,direct_PBA_UOR,experimental,identified_record,partial,support,1,human_accepted,yes
run_9a1f52cb9067d9cb,Fe-Co-Ni-Mn-Zn,uor_activity,doi:10.1021/acs.inorgchem.3c01701,source_packet_b4474f9cb62873c5,10.1021/acs.inorgchem.3c01701,WOS:001016562800001,2023,direct_PBA_UOR,experimental,abstract_DOI_UT,contextual,support,1,human_accepted,yes
run_9a1f52cb9067d9cb,Fe-Co-Ni-Mn-Zn,uor_activity,doi:10.1021/acs.inorgchem.3c01701,source_packet_b4474f9cb62873c5,10.1021/acs.inorgchem.3c01701,WOS:001016562800001,2023,direct_PBA_UOR,experimental,exact_chunk_DOI_UT,partial,support,1,human_accepted,yes
run_9a1f52cb9067d9cb,Fe-Co-Ni-Mn-Zn,substitution_and_synergy,doi:10.1021/acs.inorgchem.3c01701,source_packet_b4474f9cb62873c5,10.1021/acs.inorgchem.3c01701,WOS:001016562800001,2023,direct_PBA_UOR,experimental,identified_record,none,not_addressed,1,human_accepted,yes
run_9a1f52cb9067d9cb,Fe-Co-Ni-Mn-Zn,uor_activity,doi:10.1021/acs.inorgchem.3c01701,source_packet_b4474f9cb62873c5,10.1021/acs.inorgchem.3c01701,WOS:001016562800001,2023,direct_PBA_UOR,experimental,exact_chunk_DOI_UT,partial,support,1,human_accepted,yes
run_9a1f52cb9067d9cb,Fe-Co-Ni-Mn-Zn,alkaline_stability_corrosion,doi:10.1021/acs.inorgchem.3c01701,source_packet_b4474f9cb62873c5,10.1021/acs.inorgchem.3c01701,WOS:001016562800001,2023,direct_PBA_UOR,experimental,identified_record,none,not_addressed,1,human_accepted,yes
run_9a1f52cb9067d9cb,Fe-Co-Ni-Mn-Zn,pba_structural_compatibility,doi:10.1021/acs.inorgchem.3c01701,source_packet_b4474f9cb62873c5,10.1021/acs.inorgchem.3c01701,WOS:001016562800001,2023,direct_PBA_UOR,experimental,abstract_DOI_UT,contextual,support,1,human_accepted,yes
run_9a1f52cb9067d9cb,Fe-Co-Ni-Mn-Zn,substitution_and_synergy,doi:10.1021/acs.inorgchem.3c01701,source_packet_b4474f9cb62873c5,10.1021/acs.inorgchem.3c01701,WOS:001016562800001,2023,direct_PBA_UOR,experimental,identified_record,none,not_addressed,1,human_accepted,yes
run_9a1f52cb9067d9cb,Fe-Co-Ni-Mn-Zn,pba_structural_compatibility,doi:10.1021/acs.inorgchem.3c01701,source_packet_b4474f9cb62873c5,10.1021/acs.inorgchem.3c01701,WOS:001016562800001,2023,direct_PBA_UOR,experimental,abstract_DOI_UT,contextual,support,1,human_accepted,yes
run_9a1f52cb9067d9cb,Fe-Co-Ni-Mn-Zn,uor_activity,doi:10.1021/acs.inorgchem.3c01701,source_packet_b4474f9cb62873c5,10.1021/acs.inorgchem.3c01701,WOS:001016562800001,2023,direct_PBA_UOR,experimental,abstract_DOI_UT,contextual,support,1,human_accepted,yes
run_9a1f52cb9067d9cb,Fe-Co-Ni-Mn-Zn,alkaline_stability_corrosion,doi:10.1021/acs.inorgchem.3c01701,source_packet_b4474f9cb62873c5,10.1021/acs.inorgchem.3c01701,WOS:001016562800001,2023,direct_PBA_UOR,experimental,identified_record,none,not_addressed,1,human_accepted,yes
run_9a1f52cb9067d9cb,Fe-Co-Ni-Mn-Zn,pba_structural_compatibility,doi:10.1021/acs.inorgchem.3c01701,source_packet_b4474f9cb62873c5,10.1021/acs.inorgchem.3c01701,WOS:001016562800001,2023,direct_PBA_UOR,experimental,abstract_DOI_UT,contextual,support,1,human_accepted,yes
run_9a1f52cb9067d9cb,Fe-Co-Ni-Mn-Zn,wet_chemical_synthesis,doi:10.1021/acs.inorgchem.3c01701,source_packet_b4474f9cb62873c5,10.1021/acs.inorgchem.3c01701,WOS:001016562800001,2023,direct_PBA_UOR,experimental,exact_chunk_DOI_UT,partial,support,1,human_accepted,yes
run_9a1f52cb9067d9cb,Fe-Co-Ni-Mn-Zn,alkaline_stability_corrosion,doi:10.1021/acs.inorgchem.3c01701,source_packet_b4474f9cb62873c5,10.1021/acs.inorgchem.3c01701,WOS:001016562800001,2023,direct_PBA_UOR,experimental,identified_record,none,not_addressed,1,human_accepted,yes
run_9a1f52cb9067d9cb,Fe-Co-Ni-Mn-Zn,uor_activity,doi:10.1039/d3ta01967e,source_packet_b9cf7ca85913fbe3,10.1039/d3ta01967e,WOS:001063921500001,2023,PBA_only,experimental,identified_record,none,not_addressed,1,human_accepted,yes
run_9a1f52cb9067d9cb,Fe-Co-Ni-Mn-Zn,uor_activity,doi:10.1039/d3ta01967e,source_packet_b9cf7ca85913fbe3,10.1039/d3ta01967e,WOS:001063921500001,2023,PBA_only,experimental,identified_record,none,not_addressed,1,human_accepted,yes
run_9a1f52cb9067d9cb,Fe-Co-Ni-Mn-Zn,substitution_and_synergy,doi:10.1039/d3ta01967e,source_packet_b9cf7ca85913fbe3,10.1039/d3ta01967e,WOS:001063921500001,2023,PBA_only,experimental,abstract_DOI_UT,contextual,support,1,human_accepted,yes
run_9a1f52cb9067d9cb,Fe-Co-Ni-Mn-Zn,uor_activity,doi:10.1039/d3ta01967e,source_packet_b9cf7ca85913fbe3,10.1039/d3ta01967e,WOS:001063921500001,2023,PBA_only,experimental,identified_record,none,not_addressed,1,human_accepted,yes
run_9a1f52cb9067d9cb,Fe-Co-Ni-Mn-Zn,alkaline_stability_corrosion,doi:10.1039/d3ta01967e,source_packet_b9cf7ca85913fbe3,10.1039/d3ta01967e,WOS:001063921500001,2023,PBA_only,experimental,abstract_DOI_UT,contextual,support,1,human_accepted,yes
run_9a1f52cb9067d9cb,Fe-Co-Ni-Mn-Zn,pba_structural_compatibility,doi:10.1039/d3ta01967e,source_packet_b9cf7ca85913fbe3,10.1039/d3ta01967e,WOS:001063921500001,2023,PBA_only,experimental,abstract_DOI_UT,contextual,support,1,human_accepted,yes
run_9a1f52cb9067d9cb,Fe-Co-Ni-Mn-Zn,substitution_and_synergy,doi:10.1039/d3ta01967e,source_packet_b9cf7ca85913fbe3,10.1039/d3ta01967e,WOS:001063921500001,2023,PBA_only,experimental,abstract_DOI_UT,contextual,support,1,human_accepted,yes
run_9a1f52cb9067d9cb,Fe-Co-Ni-Mn-Zn,pba_structural_compatibility,doi:10.1039/d3ta01967e,source_packet_b9cf7ca85913fbe3,10.1039/d3ta01967e,WOS:001063921500001,2023,PBA_only,experimental,abstract_DOI_UT,contextual,support,1,human_accepted,yes
run_9a1f52cb9067d9cb,Fe-Co-Ni-Mn-Zn,uor_activity,doi:10.1039/d3ta01967e,source_packet_b9cf7ca85913fbe3,10.1039/d3ta01967e,WOS:001063921500001,2023,PBA_only,experimental,identified_record,none,not_addressed,1,human_accepted,yes
run_9a1f52cb9067d9cb,Fe-Co-Ni-Mn-Zn,alkaline_stability_corrosion,doi:10.1039/d3ta01967e,source_packet_b9cf7ca85913fbe3,10.1039/d3ta01967e,WOS:001063921500001,2023,PBA_only,experimental,abstract_DOI_UT,contextual,support,1,human_accepted,yes
run_9a1f52cb9067d9cb,Fe-Co-Ni-Mn-Zn,pba_structural_compatibility,doi:10.1039/d3ta01967e,source_packet_b9cf7ca85913fbe3,10.1039/d3ta01967e,WOS:001063921500001,2023,PBA_only,experimental,exact_chunk_DOI_UT,full,support,1,human_accepted,yes
run_9a1f52cb9067d9cb,Fe-Co-Ni-Mn-Zn,alkaline_stability_corrosion,doi:10.1039/d3ta01967e,source_packet_b9cf7ca85913fbe3,10.1039/d3ta01967e,WOS:001063921500001,2023,PBA_only,experimental,abstract_DOI_UT,contextual,support,1,human_accepted,yes
run_cb003639c449e5af,Fe-Co-Ni-Cu-Zn,uor_activity,doi:10.103,source_packet_01873f783b90c2bd,10.103,,2020,PBA_only,experimental,partition_only,none,not_addressed,1,human_accepted,yes
run_cb003639c449e5af,Fe-Co-Ni-Cu-Zn,uor_activity,doi:10.103,source_packet_01873f783b90c2bd,10.103,,2020,PBA_only,experimental,partition_only,none,not_addressed,1,human_accepted,yes
run_cb003639c449e5af,Fe-Co-Ni-Cu-Zn,uor_activity,doi:10.103,source_packet_01873f783b90c2bd,10.103,,2020,PBA_only,experimental,partition_only,none,not_addressed,1,human_accepted,yes
run_cb003639c449e5af,Fe-Co-Ni-Cu-Zn,alkaline_stability_corrosion,doi:10.103,source_packet_01873f783b90c2bd,10.103,,2020,PBA_only,experimental,partition_only,none,not_addressed,1,human_accepted,yes
run_cb003639c449e5af,Fe-Co-Ni-Cu-Zn,alkaline_stability_corrosion,doi:10.103,source_packet_01873f783b90c2bd,10.103,,2020,PBA_only,experimental,partition_only,none,not_addressed,1,human_accepted,yes
run_cb003639c449e5af,Fe-Co-Ni-Cu-Zn,pba_structural_compatibility,doi:10.103,source_packet_01873f783b90c2bd,10.103,,2020,PBA_only,experimental,partition_only,contextual,support,1,human_accepted,yes
run_cb003639c449e5af,Fe-Co-Ni-Cu-Zn,pba_structural_compatibility,doi:10.103,source_packet_01873f783b90c2bd,10.103,,2020,PBA_only,experimental,partition_only,contextual,support,1,human_accepted,yes
run_cb003639c449e5af,Fe-Co-Ni-Cu-Zn,uor_activity,chunk:9bfbd1440ce58d8fb1a2e825daa65a5e13585e1356d331281d6e55641e1c0381,source_packet_05a6fd5a44333089,,,,PBA_only,experimental,partition_only,contextual,support,1,human_accepted,yes
run_cb003639c449e5af,Fe-Co-Ni-Cu-Zn,substitution_and_synergy,chunk:9bfbd1440ce58d8fb1a2e825daa65a5e13585e1356d331281d6e55641e1c0381,source_packet_05a6fd5a44333089,,,,PBA_only,experimental,partition_only,contextual,support,1,human_accepted,yes
run_cb003639c449e5af,Fe-Co-Ni-Cu-Zn,pba_structural_compatibility,chunk:9bfbd1440ce58d8fb1a2e825daa65a5e13585e1356d331281d6e55641e1c0381,source_packet_05a6fd5a44333089,,,,PBA_only,experimental,partition_only,partial,support,1,human_accepted,yes
run_cb003639c449e5af,Fe-Co-Ni-Cu-Zn,uor_activity,chunk:9bfbd1440ce58d8fb1a2e825daa65a5e13585e1356d331281d6e55641e1c0381,source_packet_05a6fd5a44333089,,,,PBA_only,experimental,partition_only,contextual,support,1,human_accepted,yes
run_cb003639c449e5af,Fe-Co-Ni-Cu-Zn,substitution_and_synergy,chunk:9bfbd1440ce58d8fb1a2e825daa65a5e13585e1356d331281d6e55641e1c0381,source_packet_05a6fd5a44333089,,,,PBA_only,experimental,partition_only,contextual,support,1,human_accepted,yes
run_cb003639c449e5af,Fe-Co-Ni-Cu-Zn,uor_activity,chunk:9bfbd1440ce58d8fb1a2e825daa65a5e13585e1356d331281d6e55641e1c0381,source_packet_05a6fd5a44333089,,,,PBA_only,experimental,partition_only,contextual,support,1,human_accepted,yes
run_cb003639c449e5af,Fe-Co-Ni-Cu-Zn,wet_chemical_synthesis,chunk:9bfbd1440ce58d8fb1a2e825daa65a5e13585e1356d331281d6e55641e1c0381,source_packet_05a6fd5a44333089,,,,PBA_only,experimental,partition_only,none,not_addressed,1,human_accepted,yes
run_cb003639c449e5af,Fe-Co-Ni-Cu-Zn,wet_chemical_synthesis,chunk:9bfbd1440ce58d8fb1a2e825daa65a5e13585e1356d331281d6e55641e1c0381,source_packet_05a6fd5a44333089,,,,PBA_only,experimental,partition_only,none,not_addressed,1,human_accepted,yes
run_cb003639c449e5af,Fe-Co-Ni-Cu-Zn,uor_activity,wos:WOS_87129753907F2C93,source_packet_15e672e4e796387a,,,,PBA_only,review,identified_record,contextual,support,1,human_accepted,yes
run_cb003639c449e5af,Fe-Co-Ni-Cu-Zn,substitution_and_synergy,wos:WOS_87129753907F2C93,source_packet_15e672e4e796387a,,,,PBA_only,review,identified_record,contextual,support,1,human_accepted,yes
run_cb003639c449e5af,Fe-Co-Ni-Cu-Zn,pba_structural_compatibility,wos:WOS_87129753907F2C93,source_packet_15e672e4e796387a,,,,PBA_only,review,identified_record,partial,mixed,1,human_accepted,yes
run_cb003639c449e5af,Fe-Co-Ni-Cu-Zn,pba_structural_compatibility,wos:WOS_87129753907F2C93,source_packet_15e672e4e796387a,,,,PBA_only,review,identified_record,partial,mixed,1,human_accepted,yes
run_cb003639c449e5af,Fe-Co-Ni-Cu-Zn,uor_activity,wos:WOS_87129753907F2C93,source_packet_15e672e4e796387a,,,,PBA_only,review,identified_record,contextual,support,1,human_accepted,yes
run_cb003639c449e5af,Fe-Co-Ni-Cu-Zn,substitution_and_synergy,wos:WOS_87129753907F2C93,source_packet_15e672e4e796387a,,,,PBA_only,review,identified_record,contextual,support,1,human_accepted,yes
run_cb003639c449e5af,Fe-Co-Ni-Cu-Zn,uor_activity,wos:WOS_87129753907F2C93,source_packet_15e672e4e796387a,,,,PBA_only,review,identified_record,contextual,support,1,human_accepted,yes
run_cb003639c449e5af,Fe-Co-Ni-Cu-Zn,alkaline_stability_corrosion,wos:WOS_87129753907F2C93,source_packet_15e672e4e796387a,,,,PBA_only,review,identified_record,partial,mixed,1,human_accepted,yes
run_cb003639c449e5af,Fe-Co-Ni-Cu-Zn,alkaline_stability_corrosion,wos:WOS_87129753907F2C93,source_packet_15e672e4e796387a,,,,PBA_only,review,identified_record,partial,mixed,1,human_accepted,yes
run_cb003639c449e5af,Fe-Co-Ni-Cu-Zn,pba_structural_compatibility,wos:WOS_87129753907F2C93,source_packet_15e672e4e796387a,,,,PBA_only,review,identified_record,partial,mixed,1,human_accepted,yes
run_cb003639c449e5af,Fe-Co-Ni-Cu-Zn,pba_structural_compatibility,wos:WOS_87129753907F2C93,source_packet_15e672e4e796387a,,,,PBA_only,review,identified_record,partial,mixed,1,human_accepted,yes
run_cb003639c449e5af,Fe-Co-Ni-Cu-Zn,pba_structural_compatibility,wos:WOS_87129753907F2C93,source_packet_15e672e4e796387a,,,,PBA_only,review,identified_record,partial,mixed,1,human_accepted,yes
run_cb003639c449e5af,Fe-Co-Ni-Cu-Zn,wet_chemical_synthesis,wos:WOS_87129753907F2C93,source_packet_15e672e4e796387a,,,,PBA_only,review,identified_record,partial,support,1,human_accepted,yes
run_cb003639c449e5af,Fe-Co-Ni-Cu-Zn,wet_chemical_synthesis,wos:WOS_87129753907F2C93,source_packet_15e672e4e796387a,,,,PBA_only,review,identified_record,partial,support,1,human_accepted,yes
run_cb003639c449e5af,Fe-Co-Ni-Cu-Zn,uor_activity,wos:WOS_1ADC2FB558D8F030,source_packet_226bee87c9e8b8c8,,,,direct_PBA_UOR,experimental,identified_record,contextual,support,1,human_accepted,yes
run_cb003639c449e5af,Fe-Co-Ni-Cu-Zn,substitution_and_synergy,wos:WOS_1ADC2FB558D8F030,source_packet_226bee87c9e8b8c8,,,,direct_PBA_UOR,experimental,identified_record,none,not_addressed,1,human_accepted,yes
run_cb003639c449e5af,Fe-Co-Ni-Cu-Zn,pba_structural_compatibility,wos:WOS_1ADC2FB558D8F030,source_packet_226bee87c9e8b8c8,,,,direct_PBA_UOR,experimental,identified_record,contextual,support,1,human_accepted,yes
run_cb003639c449e5af,Fe-Co-Ni-Cu-Zn,pba_structural_compatibility,wos:WOS_1ADC2FB558D8F030,source_packet_226bee87c9e8b8c8,,,,direct_PBA_UOR,experimental,identified_record,contextual,support,1,human_accepted,yes
run_cb003639c449e5af,Fe-Co-Ni-Cu-Zn,uor_activity,wos:WOS_1ADC2FB558D8F030,source_packet_226bee87c9e8b8c8,,,,direct_PBA_UOR,experimental,identified_record,contextual,support,1,human_accepted,yes
run_cb003639c449e5af,Fe-Co-Ni-Cu-Zn,substitution_and_synergy,wos:WOS_1ADC2FB558D8F030,source_packet_226bee87c9e8b8c8,,,,direct_PBA_UOR,experimental,identified_record,none,not_addressed,1,human_accepted,yes
run_cb003639c449e5af,Fe-Co-Ni-Cu-Zn,uor_activity,wos:WOS_1ADC2FB558D8F030,source_packet_226bee87c9e8b8c8,,,,direct_PBA_UOR,experimental,identified_record,contextual,support,1,human_accepted,yes
run_cb003639c449e5af,Fe-Co-Ni-Cu-Zn,alkaline_stability_corrosion,wos:WOS_1ADC2FB558D8F030,source_packet_226bee87c9e8b8c8,,,,direct_PBA_UOR,experimental,identified_record,none,not_addressed,1,human_accepted,yes
run_cb003639c449e5af,Fe-Co-Ni-Cu-Zn,alkaline_stability_corrosion,wos:WOS_1ADC2FB558D8F030,source_packet_226bee87c9e8b8c8,,,,direct_PBA_UOR,experimental,identified_record,none,not_addressed,1,human_accepted,yes
run_cb003639c449e5af,Fe-Co-Ni-Cu-Zn,pba_structural_compatibility,wos:WOS_1ADC2FB558D8F030,source_packet_226bee87c9e8b8c8,,,,direct_PBA_UOR,experimental,identified_record,contextual,support,1,human_accepted,yes
run_cb003639c449e5af,Fe-Co-Ni-Cu-Zn,pba_structural_compatibility,wos:WOS_1ADC2FB558D8F030,source_packet_226bee87c9e8b8c8,,,,direct_PBA_UOR,experimental,identified_record,contextual,support,1,human_accepted,yes
run_cb003639c449e5af,Fe-Co-Ni-Cu-Zn,pba_structural_compatibility,wos:WOS_1ADC2FB558D8F030,source_packet_226bee87c9e8b8c8,,,,direct_PBA_UOR,experimental,identified_record,contextual,support,1,human_accepted,yes
run_cb003639c449e5af,Fe-Co-Ni-Cu-Zn,wet_chemical_synthesis,wos:WOS_1ADC2FB558D8F030,source_packet_226bee87c9e8b8c8,,,,direct_PBA_UOR,experimental,identified_record,contextual,support,1,human_accepted,yes
run_cb003639c449e5af,Fe-Co-Ni-Cu-Zn,wet_chemical_synthesis,wos:WOS_1ADC2FB558D8F030,source_packet_226bee87c9e8b8c8,,,,direct_PBA_UOR,experimental,identified_record,contextual,support,1,human_accepted,yes
run_cb003639c449e5af,Fe-Co-Ni-Cu-Zn,uor_activity,doi:10.1016/j.micromeso.2022.111755,source_packet_2eba8614fa29fa60,10.1016/j.micromeso.2022.111755,WOS:000761690700004,2022,PBA_only,review,identified_record,none,not_addressed,0.9674014658411585,machine_unreviewed,yes
run_cb003639c449e5af,Fe-Co-Ni-Cu-Zn,substitution_and_synergy,doi:10.1016/j.micromeso.2022.111755,source_packet_2eba8614fa29fa60,10.1016/j.micromeso.2022.111755,WOS:000761690700004,2022,PBA_only,review,exact_chunk_DOI_UT,contextual,support,0.9674014658411585,machine_unreviewed,yes
run_cb003639c449e5af,Fe-Co-Ni-Cu-Zn,pba_structural_compatibility,doi:10.1016/j.micromeso.2022.111755,source_packet_2eba8614fa29fa60,10.1016/j.micromeso.2022.111755,WOS:000761690700004,2022,PBA_only,review,exact_chunk_DOI_UT,contextual,support,0.9674014658411585,machine_unreviewed,yes
run_cb003639c449e5af,Fe-Co-Ni-Cu-Zn,pba_structural_compatibility,doi:10.1016/j.micromeso.2022.111755,source_packet_2eba8614fa29fa60,10.1016/j.micromeso.2022.111755,WOS:000761690700004,2022,PBA_only,review,exact_chunk_DOI_UT,contextual,support,0.9674014658411585,machine_unreviewed,yes
run_cb003639c449e5af,Fe-Co-Ni-Cu-Zn,uor_activity,doi:10.1016/j.micromeso.2022.111755,source_packet_2eba8614fa29fa60,10.1016/j.micromeso.2022.111755,WOS:000761690700004,2022,PBA_only,review,identified_record,none,not_addressed,0.9674014658411585,machine_unreviewed,yes
run_cb003639c449e5af,Fe-Co-Ni-Cu-Zn,substitution_and_synergy,doi:10.1016/j.micromeso.2022.111755,source_packet_2eba8614fa29fa60,10.1016/j.micromeso.2022.111755,WOS:000761690700004,2022,PBA_only,review,exact_chunk_DOI_UT,contextual,support,0.9674014658411585,machine_unreviewed,yes
run_cb003639c449e5af,Fe-Co-Ni-Cu-Zn,uor_activity,doi:10.1016/j.micromeso.2022.111755,source_packet_2eba8614fa29fa60,10.1016/j.micromeso.2022.111755,WOS:000761690700004,2022,PBA_only,review,identified_record,none,not_addressed,0.9674014658411585,machine_unreviewed,yes
run_cb003639c449e5af,Fe-Co-Ni-Cu-Zn,alkaline_stability_corrosion,doi:10.1016/j.micromeso.2022.111755,source_packet_2eba8614fa29fa60,10.1016/j.micromeso.2022.111755,WOS:000761690700004,2022,PBA_only,review,identified_record,none,not_addressed,0.9674014658411585,machine_unreviewed,yes
run_cb003639c449e5af,Fe-Co-Ni-Cu-Zn,alkaline_stability_corrosion,doi:10.1016/j.micromeso.2022.111755,source_packet_2eba8614fa29fa60,10.1016/j.micromeso.2022.111755,WOS:000761690700004,2022,PBA_only,review,identified_record,none,not_addressed,0.9674014658411585,machine_unreviewed,yes
run_cb003639c449e5af,Fe-Co-Ni-Cu-Zn,pba_structural_compatibility,doi:10.1016/j.micromeso.2022.111755,source_packet_2eba8614fa29fa60,10.1016/j.micromeso.2022.111755,WOS:000761690700004,2022,PBA_only,review,exact_chunk_DOI_UT,contextual,support,0.9674014658411585,machine_unreviewed,yes
run_cb003639c449e5af,Fe-Co-Ni-Cu-Zn,pba_structural_compatibility,doi:10.1016/j.micromeso.2022.111755,source_packet_2eba8614fa29fa60,10.1016/j.micromeso.2022.111755,WOS:000761690700004,2022,PBA_only,review,exact_chunk_DOI_UT,contextual,support,0.9674014658411585,machine_unreviewed,yes
run_cb003639c449e5af,Fe-Co-Ni-Cu-Zn,pba_structural_compatibility,doi:10.1016/j.micromeso.2022.111755,source_packet_2eba8614fa29fa60,10.1016/j.micromeso.2022.111755,WOS:000761690700004,2022,PBA_only,review,exact_chunk_DOI_UT,contextual,support,0.9674014658411585,machine_unreviewed,yes
run_cb003639c449e5af,Fe-Co-Ni-Cu-Zn,wet_chemical_synthesis,doi:10.1016/j.micromeso.2022.111755,source_packet_2eba8614fa29fa60,10.1016/j.micromeso.2022.111755,WOS:000761690700004,2022,PBA_only,review,identified_record,none,not_addressed,0.9674014658411585,machine_unreviewed,yes
run_cb003639c449e5af,Fe-Co-Ni-Cu-Zn,wet_chemical_synthesis,doi:10.1016/j.micromeso.2022.111755,source_packet_2eba8614fa29fa60,10.1016/j.micromeso.2022.111755,WOS:000761690700004,2022,PBA_only,review,identified_record,none,not_addressed,0.9674014658411585,machine_unreviewed,yes
run_cb003639c449e5af,Fe-Co-Ni-Cu-Zn,uor_activity,wos:WOS_862A15276CA78181,source_packet_4124e7776542334e,,,,substitution,experimental,identified_record,partial,support,0.9674014658411585,machine_unreviewed,yes
run_cb003639c449e5af,Fe-Co-Ni-Cu-Zn,substitution_and_synergy,wos:WOS_862A15276CA78181,source_packet_4124e7776542334e,,,,substitution,experimental,identified_record,partial,support,0.9674014658411585,machine_unreviewed,yes
run_cb003639c449e5af,Fe-Co-Ni-Cu-Zn,pba_structural_compatibility,wos:WOS_862A15276CA78181,source_packet_4124e7776542334e,,,,substitution,experimental,identified_record,contextual,support,0.9674014658411585,machine_unreviewed,yes
run_cb003639c449e5af,Fe-Co-Ni-Cu-Zn,pba_structural_compatibility,wos:WOS_862A15276CA78181,source_packet_4124e7776542334e,,,,substitution,experimental,identified_record,contextual,support,0.9674014658411585,machine_unreviewed,yes
run_cb003639c449e5af,Fe-Co-Ni-Cu-Zn,uor_activity,wos:WOS_862A15276CA78181,source_packet_4124e7776542334e,,,,substitution,experimental,identified_record,partial,support,0.9674014658411585,machine_unreviewed,yes
run_cb003639c449e5af,Fe-Co-Ni-Cu-Zn,substitution_and_synergy,wos:WOS_862A15276CA78181,source_packet_4124e7776542334e,,,,substitution,experimental,identified_record,partial,support,0.9674014658411585,machine_unreviewed,yes
run_cb003639c449e5af,Fe-Co-Ni-Cu-Zn,alkaline_stability_corrosion,wos:WOS_862A15276CA78181,source_packet_4124e7776542334e,,,,substitution,experimental,identified_record,none,not_addressed,0.9674014658411585,machine_unreviewed,yes
run_cb003639c449e5af,Fe-Co-Ni-Cu-Zn,alkaline_stability_corrosion,wos:WOS_862A15276CA78181,source_packet_4124e7776542334e,,,,substitution,experimental,identified_record,none,not_addressed,0.9674014658411585,machine_unreviewed,yes
run_cb003639c449e5af,Fe-Co-Ni-Cu-Zn,pba_structural_compatibility,wos:WOS_862A15276CA78181,source_packet_4124e7776542334e,,,,substitution,experimental,identified_record,contextual,support,0.9674014658411585,machine_unreviewed,yes
run_cb003639c449e5af,Fe-Co-Ni-Cu-Zn,pba_structural_compatibility,wos:WOS_862A15276CA78181,source_packet_4124e7776542334e,,,,substitution,experimental,identified_record,contextual,support,0.9674014658411585,machine_unreviewed,yes
run_cb003639c449e5af,Fe-Co-Ni-Cu-Zn,pba_structural_compatibility,wos:WOS_862A15276CA78181,source_packet_4124e7776542334e,,,,substitution,experimental,identified_record,contextual,support,0.9674014658411585,machine_unreviewed,yes
run_cb003639c449e5af,Fe-Co-Ni-Cu-Zn,uor_activity,doi:10.1021/acsami.2c03635,source_packet_428a1b63fcc2f244,10.1021/acsami.2c03635,WOS:000812778600001,2022,PBA_only,experimental,identified_record,none,not_addressed,0.9674014658411585,machine_unreviewed,yes
run_cb003639c449e5af,Fe-Co-Ni-Cu-Zn,substitution_and_synergy,doi:10.1021/acsami.2c03635,source_packet_428a1b63fcc2f244,10.1021/acsami.2c03635,WOS:000812778600001,2022,PBA_only,experimental,identified_record,none,not_addressed,0.9674014658411585,machine_unreviewed,yes
run_cb003639c449e5af,Fe-Co-Ni-Cu-Zn,uor_activity,doi:10.1021/acsami.2c03635,source_packet_428a1b63fcc2f244,10.1021/acsami.2c03635,WOS:000812778600001,2022,PBA_only,experimental,identified_record,none,not_addressed,0.9674014658411585,machine_unreviewed,yes
run_cb003639c449e5af,Fe-Co-Ni-Cu-Zn,substitution_and_synergy,doi:10.1021/acsami.2c03635,source_packet_428a1b63fcc2f244,10.1021/acsami.2c03635,WOS:000812778600001,2022,PBA_only,experimental,identified_record,none,not_addressed,0.9674014658411585,machine_unreviewed,yes
run_cb003639c449e5af,Fe-Co-Ni-Cu-Zn,uor_activity,doi:10.1021/acsami.2c03635,source_packet_428a1b63fcc2f244,10.1021/acsami.2c03635,WOS:000812778600001,2022,PBA_only,experimental,identified_record,none,not_addressed,0.9674014658411585,machine_unreviewed,yes
run_cb003639c449e5af,Fe-Co-Ni-Cu-Zn,wet_chemical_synthesis,doi:10.1021/acsami.2c03635,source_packet_428a1b63fcc2f244,10.1021/acsami.2c03635,WOS:000812778600001,2022,PBA_only,experimental,identified_record,none,not_addressed,0.9674014658411585,machine_unreviewed,yes
run_cb003639c449e5af,Fe-Co-Ni-Cu-Zn,wet_chemical_synthesis,doi:10.1021/acsami.2c03635,source_packet_428a1b63fcc2f244,10.1021/acsami.2c03635,WOS:000812778600001,2022,PBA_only,experimental,identified_record,none,not_addressed,0.9674014658411585,machine_unreviewed,yes
run_cb003639c449e5af,Fe-Co-Ni-Cu-Zn,uor_activity,doi:10.1007/s12274-022-5020-0,source_packet_544ec46647100ae9,10.1007/s12274-022-5020-0,WOS:000870961100003,2023,PBA_only,experimental,abstract_DOI_UT,contextual,support,0.9674014658411585,machine_unreviewed,yes
run_cb003639c449e5af,Fe-Co-Ni-Cu-Zn,pba_structural_compatibility,doi:10.1007/s12274-022-5020-0,source_packet_544ec46647100ae9,10.1007/s12274-022-5020-0,WOS:000870961100003,2023,PBA_only,experimental,exact_chunk_DOI_UT,partial,support,0.9674014658411585,machine_unreviewed,yes
run_cb003639c449e5af,Fe-Co-Ni-Cu-Zn,pba_structural_compatibility,doi:10.1007/s12274-022-5020-0,source_packet_544ec46647100ae9,10.1007/s12274-022-5020-0,WOS:000870961100003,2023,PBA_only,experimental,exact_chunk_DOI_UT,partial,support,0.9674014658411585,machine_unreviewed,yes
run_cb003639c449e5af,Fe-Co-Ni-Cu-Zn,uor_activity,doi:10.1007/s12274-022-5020-0,source_packet_544ec46647100ae9,10.1007/s12274-022-5020-0,WOS:000870961100003,2023,PBA_only,experimental,abstract_DOI_UT,contextual,support,0.9674014658411585,machine_unreviewed,yes
run_cb003639c449e5af,Fe-Co-Ni-Cu-Zn,substitution_and_synergy,doi:10.1007/s12274-022-5020-0,source_packet_544ec46647100ae9,10.1007/s12274-022-5020-0,WOS:000870961100003,2023,PBA_only,experimental,exact_chunk_DOI_UT,partial,support,0.9674014658411585,machine_unreviewed,yes
run_cb003639c449e5af,Fe-Co-Ni-Cu-Zn,uor_activity,doi:10.1007/s12274-022-5020-0,source_packet_544ec46647100ae9,10.1007/s12274-022-5020-0,WOS:000870961100003,2023,PBA_only,experimental,abstract_DOI_UT,contextual,support,0.9674014658411585,machine_unreviewed,yes
run_cb003639c449e5af,Fe-Co-Ni-Cu-Zn,alkaline_stability_corrosion,doi:10.1007/s12274-022-5020-0,source_packet_544ec46647100ae9,10.1007/s12274-022-5020-0,WOS:000870961100003,2023,PBA_only,experimental,exact_chunk_DOI_UT,partial,support,0.9674014658411585,machine_unreviewed,yes
run_cb003639c449e5af,Fe-Co-Ni-Cu-Zn,wet_chemical_synthesis,doi:10.1007/s12274-022-5020-0,source_packet_544ec46647100ae9,10.1007/s12274-022-5020-0,WOS:000870961100003,2023,PBA_only,experimental,identified_record,none,not_addressed,0.9674014658411585,machine_unreviewed,yes
run_cb003639c449e5af,Fe-Co-Ni-Cu-Zn,wet_chemical_synthesis,doi:10.1007/s12274-022-5020-0,source_packet_544ec46647100ae9,10.1007/s12274-022-5020-0,WOS:000870961100003,2023,PBA_only,experimental,identified_record,none,not_addressed,0.9674014658411585,machine_unreviewed,yes
run_cb003639c449e5af,Fe-Co-Ni-Cu-Zn,uor_activity,doi:10.1016/j.cej.2024.156767,source_packet_635ed7c7b21c6f84,10.1016/j.cej.2024.156767,WOS:001341552700001,2024,PBA_only,experimental,identified_record,none,not_addressed,1,human_accepted,yes
run_cb003639c449e5af,Fe-Co-Ni-Cu-Zn,substitution_and_synergy,doi:10.1016/j.cej.2024.156767,source_packet_635ed7c7b21c6f84,10.1016/j.cej.2024.156767,WOS:001341552700001,2024,PBA_only,experimental,abstract_DOI_UT,contextual,support,1,human_accepted,yes
run_cb003639c449e5af,Fe-Co-Ni-Cu-Zn,pba_structural_compatibility,doi:10.1016/j.cej.2024.156767,source_packet_635ed7c7b21c6f84,10.1016/j.cej.2024.156767,WOS:001341552700001,2024,PBA_only,experimental,exact_chunk_DOI_UT,partial,support,1,human_accepted,yes
run_cb003639c449e5af,Fe-Co-Ni-Cu-Zn,pba_structural_compatibility,doi:10.1016/j.cej.2024.156767,source_packet_635ed7c7b21c6f84,10.1016/j.cej.2024.156767,WOS:001341552700001,2024,PBA_only,experimental,abstract_DOI_UT,contextual,support,1,human_accepted,yes
run_cb003639c449e5af,Fe-Co-Ni-Cu-Zn,uor_activity,doi:10.1016/j.cej.2024.156767,source_packet_635ed7c7b21c6f84,10.1016/j.cej.2024.156767,WOS:001341552700001,2024,PBA_only,experimental,exact_chunk_DOI_UT,overreach,support,1,human_accepted,yes
run_cb003639c449e5af,Fe-Co-Ni-Cu-Zn,substitution_and_synergy,doi:10.1016/j.cej.2024.156767,source_packet_635ed7c7b21c6f84,10.1016/j.cej.2024.156767,WOS:001341552700001,2024,PBA_only,experimental,exact_chunk_DOI_UT,overreach,support,1,human_accepted,yes
run_cb003639c449e5af,Fe-Co-Ni-Cu-Zn,uor_activity,doi:10.1016/j.cej.2024.156767,source_packet_635ed7c7b21c6f84,10.1016/j.cej.2024.156767,WOS:001341552700001,2024,PBA_only,experimental,exact_chunk_DOI_UT,overreach,support,1,human_accepted,yes
run_cb003639c449e5af,Fe-Co-Ni-Cu-Zn,alkaline_stability_corrosion,doi:10.1016/j.cej.2024.156767,source_packet_635ed7c7b21c6f84,10.1016/j.cej.2024.156767,WOS:001341552700001,2024,PBA_only,experimental,exact_chunk_DOI_UT,partial,support,1,human_accepted,yes
run_cb003639c449e5af,Fe-Co-Ni-Cu-Zn,pba_structural_compatibility,doi:10.1016/j.cej.2024.156767,source_packet_635ed7c7b21c6f84,10.1016/j.cej.2024.156767,WOS:001341552700001,2024,PBA_only,experimental,exact_chunk_DOI_UT,partial,support,1,human_accepted,yes
run_cb003639c449e5af,Fe-Co-Ni-Cu-Zn,pba_structural_compatibility,doi:10.1016/j.cej.2024.156767,source_packet_635ed7c7b21c6f84,10.1016/j.cej.2024.156767,WOS:001341552700001,2024,PBA_only,experimental,abstract_DOI_UT,contextual,support,1,human_accepted,yes
run_cb003639c449e5af,Fe-Co-Ni-Cu-Zn,pba_structural_compatibility,doi:10.1016/j.cej.2024.156767,source_packet_635ed7c7b21c6f84,10.1016/j.cej.2024.156767,WOS:001341552700001,2024,PBA_only,experimental,abstract_DOI_UT,contextual,support,1,human_accepted,yes
run_cb003639c449e5af,Fe-Co-Ni-Cu-Zn,wet_chemical_synthesis,doi:10.1016/j.cej.2024.156767,source_packet_635ed7c7b21c6f84,10.1016/j.cej.2024.156767,WOS:001341552700001,2024,PBA_only,experimental,identified_record,none,not_addressed,1,human_accepted,yes
run_cb003639c449e5af,Fe-Co-Ni-Cu-Zn,wet_chemical_synthesis,doi:10.1016/j.cej.2024.156767,source_packet_635ed7c7b21c6f84,10.1016/j.cej.2024.156767,WOS:001341552700001,2024,PBA_only,experimental,identified_record,none,not_addressed,1,human_accepted,yes
run_cb003639c449e5af,Fe-Co-Ni-Cu-Zn,uor_activity,doi:10.1016/j.chempr.2020.05.004,source_packet_90512612f87c59a2,10.1016/j.chempr.2020.05.004,WOS:000558678900028,2020,PBA_only,experimental,identified_record,none,not_addressed,0.9674014658411585,machine_unreviewed,yes
run_cb003639c449e5af,Fe-Co-Ni-Cu-Zn,substitution_and_synergy,doi:10.1016/j.chempr.2020.05.004,source_packet_90512612f87c59a2,10.1016/j.chempr.2020.05.004,WOS:000558678900028,2020,PBA_only,experimental,identified_record,none,not_addressed,0.9674014658411585,machine_unreviewed,yes
run_cb003639c449e5af,Fe-Co-Ni-Cu-Zn,pba_structural_compatibility,doi:10.1016/j.chempr.2020.05.004,source_packet_90512612f87c59a2,10.1016/j.chempr.2020.05.004,WOS:000558678900028,2020,PBA_only,experimental,exact_chunk_DOI_UT,partial,support,0.9674014658411585,machine_unreviewed,yes
run_cb003639c449e5af,Fe-Co-Ni-Cu-Zn,uor_activity,doi:10.1016/j.chempr.2020.05.004,source_packet_90512612f87c59a2,10.1016/j.chempr.2020.05.004,WOS:000558678900028,2020,PBA_only,experimental,identified_record,none,not_addressed,0.9674014658411585,machine_unreviewed,yes
run_cb003639c449e5af,Fe-Co-Ni-Cu-Zn,substitution_and_synergy,doi:10.1016/j.chempr.2020.05.004,source_packet_90512612f87c59a2,10.1016/j.chempr.2020.05.004,WOS:000558678900028,2020,PBA_only,experimental,identified_record,none,not_addressed,0.9674014658411585,machine_unreviewed,yes
run_cb003639c449e5af,Fe-Co-Ni-Cu-Zn,uor_activity,doi:10.1016/j.chempr.2020.05.004,source_packet_90512612f87c59a2,10.1016/j.chempr.2020.05.004,WOS:000558678900028,2020,PBA_only,experimental,identified_record,none,not_addressed,0.9674014658411585,machine_unreviewed,yes
run_cb003639c449e5af,Fe-Co-Ni-Cu-Zn,wet_chemical_synthesis,doi:10.1016/j.chempr.2020.05.004,source_packet_90512612f87c59a2,10.1016/j.chempr.2020.05.004,WOS:000558678900028,2020,PBA_only,experimental,identified_record,none,not_addressed,0.9674014658411585,machine_unreviewed,yes
run_cb003639c449e5af,Fe-Co-Ni-Cu-Zn,wet_chemical_synthesis,doi:10.1016/j.chempr.2020.05.004,source_packet_90512612f87c59a2,10.1016/j.chempr.2020.05.004,WOS:000558678900028,2020,PBA_only,experimental,identified_record,none,not_addressed,0.9674014658411585,machine_unreviewed,yes
run_cb003639c449e5af,Fe-Co-Ni-Cu-Zn,uor_activity,doi:10.1021/acs.inorgchem.2c04465,source_packet_92a63fbb988456d0,10.1021/acs.inorgchem.2c04465,WOS:000938761100001,2023,direct_PBA_UOR,experimental,exact_chunk_DOI_UT,partial,support,0.9674014658411585,machine_unreviewed,yes
run_cb003639c449e5af,Fe-Co-Ni-Cu-Zn,pba_structural_compatibility,doi:10.1021/acs.inorgchem.2c04465,source_packet_92a63fbb988456d0,10.1021/acs.inorgchem.2c04465,WOS:000938761100001,2023,direct_PBA_UOR,experimental,abstract_DOI_UT,contextual,support,0.9674014658411585,machine_unreviewed,yes
run_cb003639c449e5af,Fe-Co-Ni-Cu-Zn,pba_structural_compatibility,doi:10.1021/acs.inorgchem.2c04465,source_packet_92a63fbb988456d0,10.1021/acs.inorgchem.2c04465,WOS:000938761100001,2023,direct_PBA_UOR,experimental,abstract_DOI_UT,contextual,support,0.9674014658411585,machine_unreviewed,yes
run_cb003639c449e5af,Fe-Co-Ni-Cu-Zn,alkaline_stability_corrosion,doi:10.1021/acs.inorgchem.2c04465,source_packet_92a63fbb988456d0,10.1021/acs.inorgchem.2c04465,WOS:000938761100001,2023,direct_PBA_UOR,experimental,abstract_DOI_UT,contextual,support,0.9674014658411585,machine_unreviewed,yes
run_cb003639c449e5af,Fe-Co-Ni-Cu-Zn,alkaline_stability_corrosion,doi:10.1021/acs.inorgchem.2c04465,source_packet_92a63fbb988456d0,10.1021/acs.inorgchem.2c04465,WOS:000938761100001,2023,direct_PBA_UOR,experimental,abstract_DOI_UT,contextual,support,0.9674014658411585,machine_unreviewed,yes
run_cb003639c449e5af,Fe-Co-Ni-Cu-Zn,pba_structural_compatibility,doi:10.1021/acs.inorgchem.2c04465,source_packet_92a63fbb988456d0,10.1021/acs.inorgchem.2c04465,WOS:000938761100001,2023,direct_PBA_UOR,experimental,abstract_DOI_UT,contextual,support,0.9674014658411585,machine_unreviewed,yes
run_cb003639c449e5af,Fe-Co-Ni-Cu-Zn,pba_structural_compatibility,doi:10.1021/acs.inorgchem.2c04465,source_packet_92a63fbb988456d0,10.1021/acs.inorgchem.2c04465,WOS:000938761100001,2023,direct_PBA_UOR,experimental,abstract_DOI_UT,contextual,support,0.9674014658411585,machine_unreviewed,yes
run_cb003639c449e5af,Fe-Co-Ni-Cu-Zn,pba_structural_compatibility,doi:10.1021/acs.inorgchem.2c04465,source_packet_92a63fbb988456d0,10.1021/acs.inorgchem.2c04465,WOS:000938761100001,2023,direct_PBA_UOR,experimental,abstract_DOI_UT,contextual,support,0.9674014658411585,machine_unreviewed,yes
run_cb003639c449e5af,Fe-Co-Ni-Cu-Zn,wet_chemical_synthesis,doi:10.1021/acs.inorgchem.2c04465,source_packet_92a63fbb988456d0,10.1021/acs.inorgchem.2c04465,WOS:000938761100001,2023,direct_PBA_UOR,experimental,identified_record,none,not_addressed,0.9674014658411585,machine_unreviewed,yes
run_cb003639c449e5af,Fe-Co-Ni-Cu-Zn,wet_chemical_synthesis,doi:10.1021/acs.inorgchem.2c04465,source_packet_92a63fbb988456d0,10.1021/acs.inorgchem.2c04465,WOS:000938761100001,2023,direct_PBA_UOR,experimental,identified_record,none,not_addressed,0.9674014658411585,machine_unreviewed,yes
run_cb003639c449e5af,Fe-Co-Ni-Cu-Zn,uor_activity,doi:10.1002/adfm.202405318,source_packet_c2851ed84995db44,10.1002/adfm.202405318,WOS:001326643300001,2024,PBA_only,experimental,identified_record,none,not_addressed,0.9674014658411585,machine_unreviewed,yes
run_cb003639c449e5af,Fe-Co-Ni-Cu-Zn,substitution_and_synergy,doi:10.1002/adfm.202405318,source_packet_c2851ed84995db44,10.1002/adfm.202405318,WOS:001326643300001,2024,PBA_only,experimental,identified_record,none,not_addressed,0.9674014658411585,machine_unreviewed,yes
run_cb003639c449e5af,Fe-Co-Ni-Cu-Zn,pba_structural_compatibility,doi:10.1002/adfm.202405318,source_packet_c2851ed84995db44,10.1002/adfm.202405318,WOS:001326643300001,2024,PBA_only,experimental,exact_chunk_DOI_UT,contextual,support,0.9674014658411585,machine_unreviewed,yes
run_cb003639c449e5af,Fe-Co-Ni-Cu-Zn,uor_activity,doi:10.1002/adfm.202405318,source_packet_c2851ed84995db44,10.1002/adfm.202405318,WOS:001326643300001,2024,PBA_only,experimental,identified_record,none,not_addressed,0.9674014658411585,machine_unreviewed,yes
run_cb003639c449e5af,Fe-Co-Ni-Cu-Zn,substitution_and_synergy,doi:10.1002/adfm.202405318,source_packet_c2851ed84995db44,10.1002/adfm.202405318,WOS:001326643300001,2024,PBA_only,experimental,identified_record,none,not_addressed,0.9674014658411585,machine_unreviewed,yes
run_cb003639c449e5af,Fe-Co-Ni-Cu-Zn,uor_activity,doi:10.1002/adfm.202405318,source_packet_c2851ed84995db44,10.1002/adfm.202405318,WOS:001326643300001,2024,PBA_only,experimental,identified_record,none,not_addressed,0.9674014658411585,machine_unreviewed,yes
run_cb003639c449e5af,Fe-Co-Ni-Cu-Zn,alkaline_stability_corrosion,doi:10.1002/adfm.202405318,source_packet_c2851ed84995db44,10.1002/adfm.202405318,WOS:001326643300001,2024,PBA_only,experimental,exact_chunk_DOI_UT,contextual,support,0.9674014658411585,machine_unreviewed,yes
run_cb003639c449e5af,Fe-Co-Ni-Cu-Zn,pba_structural_compatibility,doi:10.1002/adfm.202405318,source_packet_c2851ed84995db44,10.1002/adfm.202405318,WOS:001326643300001,2024,PBA_only,experimental,exact_chunk_DOI_UT,contextual,support,0.9674014658411585,machine_unreviewed,yes
run_cb003639c449e5af,Fe-Co-Ni-Cu-Zn,wet_chemical_synthesis,doi:10.1002/adfm.202405318,source_packet_c2851ed84995db44,10.1002/adfm.202405318,WOS:001326643300001,2024,PBA_only,experimental,exact_chunk_DOI_UT,contextual,support,0.9674014658411585,machine_unreviewed,yes
run_cb003639c449e5af,Fe-Co-Ni-Cu-Zn,wet_chemical_synthesis,doi:10.1002/adfm.202405318,source_packet_c2851ed84995db44,10.1002/adfm.202405318,WOS:001326643300001,2024,PBA_only,experimental,exact_chunk_DOI_UT,contextual,support,0.9674014658411585,machine_unreviewed,yes
run_cb003639c449e5af,Fe-Co-Ni-Cu-Zn,uor_activity,wos:WOS_FAC2111BC83403B8,source_packet_cae2670774489275,,,,PBA_only,experimental,identified_record,contextual,support,0.9674014658411585,machine_unreviewed,yes
run_cb003639c449e5af,Fe-Co-Ni-Cu-Zn,pba_structural_compatibility,wos:WOS_FAC2111BC83403B8,source_packet_cae2670774489275,,,,PBA_only,experimental,identified_record,partial,support,0.9674014658411585,machine_unreviewed,yes
run_cb003639c449e5af,Fe-Co-Ni-Cu-Zn,uor_activity,wos:WOS_FAC2111BC83403B8,source_packet_cae2670774489275,,,,PBA_only,experimental,identified_record,contextual,support,0.9674014658411585,machine_unreviewed,yes
run_cb003639c449e5af,Fe-Co-Ni-Cu-Zn,uor_activity,wos:WOS_FAC2111BC83403B8,source_packet_cae2670774489275,,,,PBA_only,experimental,identified_record,contextual,support,0.9674014658411585,machine_unreviewed,yes
run_cb003639c449e5af,Fe-Co-Ni-Cu-Zn,alkaline_stability_corrosion,wos:WOS_FAC2111BC83403B8,source_packet_cae2670774489275,,,,PBA_only,experimental,identified_record,contextual,support,0.9674014658411585,machine_unreviewed,yes
run_cb003639c449e5af,Fe-Co-Ni-Cu-Zn,alkaline_stability_corrosion,wos:WOS_FAC2111BC83403B8,source_packet_cae2670774489275,,,,PBA_only,experimental,identified_record,contextual,support,0.9674014658411585,machine_unreviewed,yes
run_cb003639c449e5af,Fe-Co-Ni-Cu-Zn,wet_chemical_synthesis,wos:WOS_FAC2111BC83403B8,source_packet_cae2670774489275,,,,PBA_only,experimental,identified_record,none,not_addressed,0.9674014658411585,machine_unreviewed,yes
run_cb003639c449e5af,Fe-Co-Ni-Cu-Zn,wet_chemical_synthesis,wos:WOS_FAC2111BC83403B8,source_packet_cae2670774489275,,,,PBA_only,experimental,identified_record,none,not_addressed,0.9674014658411585,machine_unreviewed,yes
run_cb003639c449e5af,Fe-Co-Ni-Cu-Zn,substitution_and_synergy,wos:WOS_44D15C4E70DE59B8,source_packet_cbbd5a57a8321718,,,2023,PBA_only,experimental,identified_record,none,not_addressed,1,human_accepted,yes
run_cb003639c449e5af,Fe-Co-Ni-Cu-Zn,pba_structural_compatibility,wos:WOS_44D15C4E70DE59B8,source_packet_cbbd5a57a8321718,,,2023,PBA_only,experimental,identified_record,overreach,support,1,human_accepted,yes
run_cb003639c449e5af,Fe-Co-Ni-Cu-Zn,substitution_and_synergy,wos:WOS_44D15C4E70DE59B8,source_packet_cbbd5a57a8321718,,,2023,PBA_only,experimental,identified_record,none,not_addressed,1,human_accepted,yes
run_cb003639c449e5af,Fe-Co-Ni-Cu-Zn,wet_chemical_synthesis,wos:WOS_44D15C4E70DE59B8,source_packet_cbbd5a57a8321718,,,2023,PBA_only,experimental,identified_record,none,not_addressed,1,human_accepted,yes
run_cb003639c449e5af,Fe-Co-Ni-Cu-Zn,wet_chemical_synthesis,wos:WOS_44D15C4E70DE59B8,source_packet_cbbd5a57a8321718,,,2023,PBA_only,experimental,identified_record,none,not_addressed,1,human_accepted,yes
run_cb003639c449e5af,Fe-Co-Ni-Cu-Zn,substitution_and_synergy,wos:WOS_EDDFA23B9BE31004,source_packet_cbc857824b82ad6f,,,,PBA_only,experimental,identified_record,none,not_addressed,1,human_accepted,yes
run_cb003639c449e5af,Fe-Co-Ni-Cu-Zn,pba_structural_compatibility,wos:WOS_EDDFA23B9BE31004,source_packet_cbc857824b82ad6f,,,,PBA_only,experimental,identified_record,overreach,support,1,human_accepted,yes
run_cb003639c449e5af,Fe-Co-Ni-Cu-Zn,substitution_and_synergy,wos:WOS_EDDFA23B9BE31004,source_packet_cbc857824b82ad6f,,,,PBA_only,experimental,identified_record,none,not_addressed,1,human_accepted,yes
run_cb003639c449e5af,Fe-Co-Ni-Cu-Zn,alkaline_stability_corrosion,wos:WOS_EDDFA23B9BE31004,source_packet_cbc857824b82ad6f,,,,PBA_only,experimental,identified_record,contextual,support,1,human_accepted,yes
run_cb003639c449e5af,Fe-Co-Ni-Cu-Zn,alkaline_stability_corrosion,wos:WOS_EDDFA23B9BE31004,source_packet_cbc857824b82ad6f,,,,PBA_only,experimental,identified_record,contextual,support,1,human_accepted,yes
run_cb003639c449e5af,Fe-Co-Ni-Cu-Zn,wet_chemical_synthesis,wos:WOS_EDDFA23B9BE31004,source_packet_cbc857824b82ad6f,,,,PBA_only,experimental,identified_record,none,not_addressed,1,human_accepted,yes
run_cb003639c449e5af,Fe-Co-Ni-Cu-Zn,wet_chemical_synthesis,wos:WOS_EDDFA23B9BE31004,source_packet_cbc857824b82ad6f,,,,PBA_only,experimental,identified_record,none,not_addressed,1,human_accepted,yes
run_cb003639c449e5af,Fe-Co-Ni-Cu-Zn,uor_activity,wos:WOS_942D10B9A734FE6D,source_packet_d165165f6804a795,,,,PBA_only,experimental,identified_record,none,not_addressed,1,human_accepted,yes
run_cb003639c449e5af,Fe-Co-Ni-Cu-Zn,substitution_and_synergy,wos:WOS_942D10B9A734FE6D,source_packet_d165165f6804a795,,,,PBA_only,experimental,identified_record,partial,support,1,human_accepted,yes
run_cb003639c449e5af,Fe-Co-Ni-Cu-Zn,pba_structural_compatibility,wos:WOS_942D10B9A734FE6D,source_packet_d165165f6804a795,,,,PBA_only,experimental,identified_record,partial,support,1,human_accepted,yes
run_cb003639c449e5af,Fe-Co-Ni-Cu-Zn,uor_activity,wos:WOS_942D10B9A734FE6D,source_packet_d165165f6804a795,,,,PBA_only,experimental,identified_record,none,not_addressed,1,human_accepted,yes
run_cb003639c449e5af,Fe-Co-Ni-Cu-Zn,uor_activity,wos:WOS_942D10B9A734FE6D,source_packet_d165165f6804a795,,,,PBA_only,experimental,identified_record,overreach,support,1,human_accepted,yes
run_cb003639c449e5af,Fe-Co-Ni-Cu-Zn,alkaline_stability_corrosion,wos:WOS_942D10B9A734FE6D,source_packet_d165165f6804a795,,,,PBA_only,experimental,identified_record,partial,support,1,human_accepted,yes
run_cb003639c449e5af,Fe-Co-Ni-Cu-Zn,uor_activity,wos:WOS_A7A85EDE9F6153F4,source_packet_d91076b2c37ceeb7,,,,direct_PBA_UOR,experimental,identified_record,contextual,support,0.9674014658411585,machine_unreviewed,yes
run_cb003639c449e5af,Fe-Co-Ni-Cu-Zn,substitution_and_synergy,wos:WOS_A7A85EDE9F6153F4,source_packet_d91076b2c37ceeb7,,,,direct_PBA_UOR,experimental,identified_record,none,not_addressed,0.9674014658411585,machine_unreviewed,yes
run_cb003639c449e5af,Fe-Co-Ni-Cu-Zn,pba_structural_compatibility,wos:WOS_A7A85EDE9F6153F4,source_packet_d91076b2c37ceeb7,,,,direct_PBA_UOR,experimental,identified_record,contextual,support,0.9674014658411585,machine_unreviewed,yes
run_cb003639c449e5af,Fe-Co-Ni-Cu-Zn,pba_structural_compatibility,wos:WOS_A7A85EDE9F6153F4,source_packet_d91076b2c37ceeb7,,,,direct_PBA_UOR,experimental,identified_record,contextual,support,0.9674014658411585,machine_unreviewed,yes
run_cb003639c449e5af,Fe-Co-Ni-Cu-Zn,uor_activity,wos:WOS_A7A85EDE9F6153F4,source_packet_d91076b2c37ceeb7,,,,direct_PBA_UOR,experimental,identified_record,none,not_addressed,0.9674014658411585,machine_unreviewed,yes
run_cb003639c449e5af,Fe-Co-Ni-Cu-Zn,substitution_and_synergy,wos:WOS_A7A85EDE9F6153F4,source_packet_d91076b2c37ceeb7,,,,direct_PBA_UOR,experimental,identified_record,none,not_addressed,0.9674014658411585,machine_unreviewed,yes
run_cb003639c449e5af,Fe-Co-Ni-Cu-Zn,uor_activity,wos:WOS_A7A85EDE9F6153F4,source_packet_d91076b2c37ceeb7,,,,direct_PBA_UOR,experimental,identified_record,contextual,support,0.9674014658411585,machine_unreviewed,yes
run_cb003639c449e5af,Fe-Co-Ni-Cu-Zn,pba_structural_compatibility,wos:WOS_A7A85EDE9F6153F4,source_packet_d91076b2c37ceeb7,,,,direct_PBA_UOR,experimental,identified_record,contextual,support,0.9674014658411585,machine_unreviewed,yes
run_cb003639c449e5af,Fe-Co-Ni-Cu-Zn,pba_structural_compatibility,wos:WOS_A7A85EDE9F6153F4,source_packet_d91076b2c37ceeb7,,,,direct_PBA_UOR,experimental,identified_record,contextual,support,0.9674014658411585,machine_unreviewed,yes
run_cb003639c449e5af,Fe-Co-Ni-Cu-Zn,pba_structural_compatibility,wos:WOS_A7A85EDE9F6153F4,source_packet_d91076b2c37ceeb7,,,,direct_PBA_UOR,experimental,identified_record,none,not_addressed,0.9674014658411585,machine_unreviewed,yes
run_cb003639c449e5af,Fe-Co-Ni-Cu-Zn,wet_chemical_synthesis,wos:WOS_A7A85EDE9F6153F4,source_packet_d91076b2c37ceeb7,,,,direct_PBA_UOR,experimental,identified_record,contextual,support,0.9674014658411585,machine_unreviewed,yes
run_cb003639c449e5af,Fe-Co-Ni-Cu-Zn,wet_chemical_synthesis,wos:WOS_A7A85EDE9F6153F4,source_packet_d91076b2c37ceeb7,,,,direct_PBA_UOR,experimental,identified_record,partial,support,0.9674014658411585,machine_unreviewed,yes
run_6e30d5d8c6193e21,Fe-Co-Ni-Cu-Zn,uor_activity,wos:WOS_A7A85EDE9F6153F4,source_packet_a3f052d195e8230c,,,,direct_PBA_UOR,experimental,identified_record,contextual,support,1,human_accepted,yes
run_6e30d5d8c6193e21,Fe-Co-Ni-Cu-Zn,substitution_and_synergy,wos:WOS_A7A85EDE9F6153F4,source_packet_a3f052d195e8230c,,,,direct_PBA_UOR,experimental,identified_record,none,not_addressed,1,human_accepted,yes
run_6e30d5d8c6193e21,Fe-Co-Ni-Cu-Zn,pba_structural_compatibility,wos:WOS_A7A85EDE9F6153F4,source_packet_a3f052d195e8230c,,,,direct_PBA_UOR,experimental,identified_record,none,not_addressed,1,human_accepted,yes
run_6e30d5d8c6193e21,Fe-Co-Ni-Cu-Zn,substitution_and_synergy,wos:WOS_A7A85EDE9F6153F4,source_packet_a3f052d195e8230c,,,,direct_PBA_UOR,experimental,identified_record,none,not_addressed,1,human_accepted,yes
run_6e30d5d8c6193e21,Fe-Co-Ni-Cu-Zn,uor_activity,wos:WOS_A7A85EDE9F6153F4,source_packet_a3f052d195e8230c,,,,direct_PBA_UOR,experimental,identified_record,none,not_addressed,1,human_accepted,yes
run_6e30d5d8c6193e21,Fe-Co-Ni-Cu-Zn,pba_structural_compatibility,wos:WOS_A7A85EDE9F6153F4,source_packet_a3f052d195e8230c,,,,direct_PBA_UOR,experimental,identified_record,contextual,support,1,human_accepted,yes
run_6e30d5d8c6193e21,Fe-Co-Ni-Cu-Zn,uor_activity,wos:WOS_A7A85EDE9F6153F4,source_packet_a3f052d195e8230c,,,,direct_PBA_UOR,experimental,identified_record,none,not_addressed,1,human_accepted,yes
run_6e30d5d8c6193e21,Fe-Co-Ni-Cu-Zn,wet_chemical_synthesis,wos:WOS_A7A85EDE9F6153F4,source_packet_a3f052d195e8230c,,,,direct_PBA_UOR,experimental,identified_record,contextual,support,1,human_accepted,yes
run_6e30d5d8c6193e21,Fe-Co-Ni-Cu-Zn,pba_structural_compatibility,wos:WOS_A7A85EDE9F6153F4,source_packet_a3f052d195e8230c,,,,direct_PBA_UOR,experimental,identified_record,none,not_addressed,1,human_accepted,yes
run_6e30d5d8c6193e21,Fe-Co-Ni-Cu-Zn,uor_activity,doi:10.1002/anie.202414479,source_packet_e787d67301f921f5,10.1002/anie.202414479,WOS:001357118400001,2025,PBA_only,experimental,identified_record,none,not_addressed,0.9674014658411585,machine_unreviewed,yes
run_6e30d5d8c6193e21,Fe-Co-Ni-Cu-Zn,substitution_and_synergy,doi:10.1002/anie.202414479,source_packet_e787d67301f921f5,10.1002/anie.202414479,WOS:001357118400001,2025,PBA_only,experimental,abstract_DOI_UT,contextual,support,0.9674014658411585,machine_unreviewed,yes
run_6e30d5d8c6193e21,Fe-Co-Ni-Cu-Zn,substitution_and_synergy,doi:10.1002/anie.202414479,source_packet_e787d67301f921f5,10.1002/anie.202414479,WOS:001357118400001,2025,PBA_only,experimental,abstract_DOI_UT,contextual,support,0.9674014658411585,machine_unreviewed,yes
run_6e30d5d8c6193e21,Fe-Co-Ni-Cu-Zn,uor_activity,doi:10.1002/anie.202414479,source_packet_e787d67301f921f5,10.1002/anie.202414479,WOS:001357118400001,2025,PBA_only,experimental,identified_record,none,not_addressed,0.9674014658411585,machine_unreviewed,yes
run_6e30d5d8c6193e21,Fe-Co-Ni-Cu-Zn,alkaline_stability_corrosion,doi:10.1002/anie.202414479,source_packet_e787d67301f921f5,10.1002/anie.202414479,WOS:001357118400001,2025,PBA_only,experimental,exact_chunk_DOI_UT,partial,support,0.9674014658411585,machine_unreviewed,yes
run_6e30d5d8c6193e21,Fe-Co-Ni-Cu-Zn,pba_structural_compatibility,doi:10.1002/anie.202414479,source_packet_e787d67301f921f5,10.1002/anie.202414479,WOS:001357118400001,2025,PBA_only,experimental,exact_chunk_DOI_UT,partial,support,0.9674014658411585,machine_unreviewed,yes
run_6e30d5d8c6193e21,Fe-Co-Ni-Cu-Zn,alkaline_stability_corrosion,doi:10.1002/anie.202414479,source_packet_e787d67301f921f5,10.1002/anie.202414479,WOS:001357118400001,2025,PBA_only,experimental,exact_chunk_DOI_UT,partial,support,0.9674014658411585,machine_unreviewed,yes
run_6e30d5d8c6193e21,Fe-Co-Ni-Cu-Zn,alkaline_stability_corrosion,doi:10.1002/anie.202414479,source_packet_e787d67301f921f5,10.1002/anie.202414479,WOS:001357118400001,2025,PBA_only,experimental,exact_chunk_DOI_UT,partial,support,0.9674014658411585,machine_unreviewed,yes
run_6e30d5d8c6193e21,Fe-Co-Ni-Cu-Zn,uor_activity,doi:10.1002/anie.202414479,source_packet_e787d67301f921f5,10.1002/anie.202414479,WOS:001357118400001,2025,PBA_only,experimental,identified_record,none,not_addressed,0.9674014658411585,machine_unreviewed,yes
run_6e30d5d8c6193e21,Fe-Co-Ni-Cu-Zn,wet_chemical_synthesis,doi:10.1002/anie.202414479,source_packet_e787d67301f921f5,10.1002/anie.202414479,WOS:001357118400001,2025,PBA_only,experimental,identified_record,none,not_addressed,0.9674014658411585,machine_unreviewed,yes
run_6e30d5d8c6193e21,Fe-Co-Ni-Cu-Zn,uor_activity,doi:10.1021/acs.inorgchem.2c04465,source_packet_fc9a6ca3e91a4f25,10.1021/acs.inorgchem.2c04465,WOS:000938761100001,2023,direct_PBA_UOR,experimental,exact_chunk_DOI_UT,partial,support,1,human_accepted,yes
run_6e30d5d8c6193e21,Fe-Co-Ni-Cu-Zn,substitution_and_synergy,doi:10.1021/acs.inorgchem.2c04465,source_packet_fc9a6ca3e91a4f25,10.1021/acs.inorgchem.2c04465,WOS:000938761100001,2023,direct_PBA_UOR,experimental,exact_chunk_DOI_UT,partial,support,1,human_accepted,yes
run_6e30d5d8c6193e21,Fe-Co-Ni-Cu-Zn,pba_structural_compatibility,doi:10.1021/acs.inorgchem.2c04465,source_packet_fc9a6ca3e91a4f25,10.1021/acs.inorgchem.2c04465,WOS:000938761100001,2023,direct_PBA_UOR,experimental,abstract_DOI_UT,contextual,support,1,human_accepted,yes
run_6e30d5d8c6193e21,Fe-Co-Ni-Cu-Zn,alkaline_stability_corrosion,doi:10.1021/acs.inorgchem.2c04465,source_packet_fc9a6ca3e91a4f25,10.1021/acs.inorgchem.2c04465,WOS:000938761100001,2023,direct_PBA_UOR,experimental,abstract_DOI_UT,contextual,support,1,human_accepted,yes
run_6e30d5d8c6193e21,Fe-Co-Ni-Cu-Zn,pba_structural_compatibility,doi:10.1021/acs.inorgchem.2c04465,source_packet_fc9a6ca3e91a4f25,10.1021/acs.inorgchem.2c04465,WOS:000938761100001,2023,direct_PBA_UOR,experimental,abstract_DOI_UT,contextual,support,1,human_accepted,yes
run_6e30d5d8c6193e21,Fe-Co-Ni-Cu-Zn,alkaline_stability_corrosion,doi:10.1021/acs.inorgchem.2c04465,source_packet_fc9a6ca3e91a4f25,10.1021/acs.inorgchem.2c04465,WOS:000938761100001,2023,direct_PBA_UOR,experimental,abstract_DOI_UT,contextual,support,1,human_accepted,yes
run_6e30d5d8c6193e21,Fe-Co-Ni-Cu-Zn,alkaline_stability_corrosion,doi:10.1021/acs.inorgchem.2c04465,source_packet_fc9a6ca3e91a4f25,10.1021/acs.inorgchem.2c04465,WOS:000938761100001,2023,direct_PBA_UOR,experimental,abstract_DOI_UT,contextual,support,1,human_accepted,yes
run_6e30d5d8c6193e21,Fe-Co-Ni-Cu-Zn,wet_chemical_synthesis,doi:10.1021/acs.inorgchem.2c04465,source_packet_fc9a6ca3e91a4f25,10.1021/acs.inorgchem.2c04465,WOS:000938761100001,2023,direct_PBA_UOR,experimental,identified_record,none,not_addressed,1,human_accepted,yes
run_6e30d5d8c6193e21,Fe-Co-Ni-Cu-Zn,pba_structural_compatibility,doi:10.1021/acs.inorgchem.2c04465,source_packet_fc9a6ca3e91a4f25,10.1021/acs.inorgchem.2c04465,WOS:000938761100001,2023,direct_PBA_UOR,experimental,abstract_DOI_UT,contextual,support,1,human_accepted,yes
run_bcaadea5c838c750,Fe-Co-Ni-Mn-Zn,uor_activity,wos:WOS_A7A85EDE9F6153F4,source_packet_1b4af68d4a02cb3d,,,,direct_PBA_UOR,experimental,identified_record,contextual,support,1,human_accepted,yes
run_bcaadea5c838c750,Fe-Co-Ni-Mn-Zn,substitution_and_synergy,wos:WOS_A7A85EDE9F6153F4,source_packet_1b4af68d4a02cb3d,,,,direct_PBA_UOR,experimental,identified_record,none,not_addressed,1,human_accepted,yes
run_bcaadea5c838c750,Fe-Co-Ni-Mn-Zn,uor_activity,wos:WOS_A7A85EDE9F6153F4,source_packet_1b4af68d4a02cb3d,,,,direct_PBA_UOR,experimental,identified_record,none,not_addressed,1,human_accepted,yes
run_bcaadea5c838c750,Fe-Co-Ni-Mn-Zn,uor_activity,wos:WOS_A7A85EDE9F6153F4,source_packet_1b4af68d4a02cb3d,,,,direct_PBA_UOR,experimental,identified_record,none,not_addressed,1,human_accepted,yes
run_bcaadea5c838c750,Fe-Co-Ni-Mn-Zn,pba_structural_compatibility,wos:WOS_A7A85EDE9F6153F4,source_packet_1b4af68d4a02cb3d,,,,direct_PBA_UOR,experimental,identified_record,contextual,support,1,human_accepted,yes
run_bcaadea5c838c750,Fe-Co-Ni-Mn-Zn,uor_activity,wos:WOS_A7A85EDE9F6153F4,source_packet_1b4af68d4a02cb3d,,,,direct_PBA_UOR,experimental,identified_record,none,not_addressed,1,human_accepted,yes
run_bcaadea5c838c750,Fe-Co-Ni-Mn-Zn,wet_chemical_synthesis,wos:WOS_A7A85EDE9F6153F4,source_packet_1b4af68d4a02cb3d,,,,direct_PBA_UOR,experimental,identified_record,contextual,support,1,human_accepted,yes
run_bcaadea5c838c750,Fe-Co-Ni-Mn-Zn,wet_chemical_synthesis,wos:WOS_A7A85EDE9F6153F4,source_packet_1b4af68d4a02cb3d,,,,direct_PBA_UOR,experimental,identified_record,contextual,support,1,human_accepted,yes
run_bcaadea5c838c750,Fe-Co-Ni-Mn-Zn,uor_activity,doi:10.1007/s11426-023-1706-8,source_packet_2d74a46bea0ce16f,10.1007/s11426-023-1706-8,WOS:001050906400001,2024,foundational,review,identified_record,none,not_addressed,0.9674014658411585,machine_unreviewed,yes
run_bcaadea5c838c750,Fe-Co-Ni-Mn-Zn,uor_activity,doi:10.1007/s11426-023-1706-8,source_packet_2d74a46bea0ce16f,10.1007/s11426-023-1706-8,WOS:001050906400001,2024,foundational,review,identified_record,none,not_addressed,0.9674014658411585,machine_unreviewed,yes
run_bcaadea5c838c750,Fe-Co-Ni-Mn-Zn,uor_activity,doi:10.1007/s11426-023-1706-8,source_packet_2d74a46bea0ce16f,10.1007/s11426-023-1706-8,WOS:001050906400001,2024,foundational,review,identified_record,none,not_addressed,0.9674014658411585,machine_unreviewed,yes
run_bcaadea5c838c750,Fe-Co-Ni-Mn-Zn,uor_activity,doi:10.1007/s11426-023-1706-8,source_packet_2d74a46bea0ce16f,10.1007/s11426-023-1706-8,WOS:001050906400001,2024,foundational,review,identified_record,none,not_addressed,0.9674014658411585,machine_unreviewed,yes
run_bcaadea5c838c750,Fe-Co-Ni-Mn-Zn,uor_activity,doi:10.1002/aenm.202401708,source_packet_32004caa7d65b525,10.1002/aenm.202401708,WOS:001262256400001,2024,PBA_only,experimental,identified_record,none,not_addressed,0.9674014658411585,machine_unreviewed,yes
run_bcaadea5c838c750,Fe-Co-Ni-Mn-Zn,alkaline_stability_corrosion,doi:10.1002/aenm.202401708,source_packet_32004caa7d65b525,10.1002/aenm.202401708,WOS:001262256400001,2024,PBA_only,experimental,exact_chunk_DOI_UT,partial,support,0.9674014658411585,machine_unreviewed,yes
run_bcaadea5c838c750,Fe-Co-Ni-Mn-Zn,substitution_and_synergy,doi:10.1002/aenm.202401708,source_packet_32004caa7d65b525,10.1002/aenm.202401708,WOS:001262256400001,2024,PBA_only,experimental,exact_chunk_DOI_UT,partial,support,0.9674014658411585,machine_unreviewed,yes
run_bcaadea5c838c750,Fe-Co-Ni-Mn-Zn,uor_activity,doi:10.1002/aenm.202401708,source_packet_32004caa7d65b525,10.1002/aenm.202401708,WOS:001262256400001,2024,PBA_only,experimental,identified_record,none,not_addressed,0.9674014658411585,machine_unreviewed,yes
run_bcaadea5c838c750,Fe-Co-Ni-Mn-Zn,uor_activity,doi:10.1002/aenm.202401708,source_packet_32004caa7d65b525,10.1002/aenm.202401708,WOS:001262256400001,2024,PBA_only,experimental,identified_record,none,not_addressed,0.9674014658411585,machine_unreviewed,yes
run_bcaadea5c838c750,Fe-Co-Ni-Mn-Zn,pba_structural_compatibility,doi:10.1002/aenm.202401708,source_packet_32004caa7d65b525,10.1002/aenm.202401708,WOS:001262256400001,2024,PBA_only,experimental,exact_chunk_DOI_UT,partial,support,0.9674014658411585,machine_unreviewed,yes
run_bcaadea5c838c750,Fe-Co-Ni-Mn-Zn,uor_activity,doi:10.1002/aenm.202401708,source_packet_32004caa7d65b525,10.1002/aenm.202401708,WOS:001262256400001,2024,PBA_only,experimental,identified_record,none,not_addressed,0.9674014658411585,machine_unreviewed,yes
run_bcaadea5c838c750,Fe-Co-Ni-Mn-Zn,wet_chemical_synthesis,doi:10.1002/aenm.202401708,source_packet_32004caa7d65b525,10.1002/aenm.202401708,WOS:001262256400001,2024,PBA_only,experimental,identified_record,none,not_addressed,0.9674014658411585,machine_unreviewed,yes
run_bcaadea5c838c750,Fe-Co-Ni-Mn-Zn,wet_chemical_synthesis,doi:10.1002/aenm.202401708,source_packet_32004caa7d65b525,10.1002/aenm.202401708,WOS:001262256400001,2024,PBA_only,experimental,identified_record,none,not_addressed,0.9674014658411585,machine_unreviewed,yes
run_bcaadea5c838c750,Fe-Co-Ni-Mn-Zn,uor_activity,wos:WOS_638FB9E9A77B3CA6,source_packet_38a0257b7aace723,,,,PBA_only,experimental,identified_record,contextual,support,1,human_accepted,yes
run_bcaadea5c838c750,Fe-Co-Ni-Mn-Zn,alkaline_stability_corrosion,wos:WOS_638FB9E9A77B3CA6,source_packet_38a0257b7aace723,,,,PBA_only,experimental,identified_record,partial,support,1,human_accepted,yes
run_bcaadea5c838c750,Fe-Co-Ni-Mn-Zn,uor_activity,wos:WOS_638FB9E9A77B3CA6,source_packet_38a0257b7aace723,,,,PBA_only,experimental,identified_record,contextual,support,1,human_accepted,yes
run_bcaadea5c838c750,Fe-Co-Ni-Mn-Zn,uor_activity,wos:WOS_638FB9E9A77B3CA6,source_packet_38a0257b7aace723,,,,PBA_only,experimental,identified_record,contextual,support,1,human_accepted,yes
run_bcaadea5c838c750,Fe-Co-Ni-Mn-Zn,pba_structural_compatibility,wos:WOS_638FB9E9A77B3CA6,source_packet_38a0257b7aace723,,,,PBA_only,experimental,identified_record,partial,support,1,human_accepted,yes
run_bcaadea5c838c750,Fe-Co-Ni-Mn-Zn,uor_activity,wos:WOS_638FB9E9A77B3CA6,source_packet_38a0257b7aace723,,,,PBA_only,experimental,identified_record,contextual,support,1,human_accepted,yes
run_bcaadea5c838c750,Fe-Co-Ni-Mn-Zn,alkaline_stability_corrosion,wos:WOS_638FB9E9A77B3CA6,source_packet_38a0257b7aace723,,,,PBA_only,experimental,identified_record,partial,support,1,human_accepted,yes
run_bcaadea5c838c750,Fe-Co-Ni-Mn-Zn,wet_chemical_synthesis,wos:WOS_638FB9E9A77B3CA6,source_packet_38a0257b7aace723,,,,PBA_only,experimental,identified_record,none,not_addressed,1,human_accepted,yes
run_bcaadea5c838c750,Fe-Co-Ni-Mn-Zn,alkaline_stability_corrosion,wos:WOS_638FB9E9A77B3CA6,source_packet_38a0257b7aace723,,,,PBA_only,experimental,identified_record,partial,support,1,human_accepted,yes
run_bcaadea5c838c750,Fe-Co-Ni-Mn-Zn,wet_chemical_synthesis,wos:WOS_638FB9E9A77B3CA6,source_packet_38a0257b7aace723,,,,PBA_only,experimental,identified_record,none,not_addressed,1,human_accepted,yes
run_bcaadea5c838c750,Fe-Co-Ni-Mn-Zn,uor_activity,wos:WOS_BF87CE3579119E47,source_packet_3ee35eee240e3a74,,,,direct_PBA_UOR,experimental,identified_record,contextual,support,1,human_accepted,yes
run_bcaadea5c838c750,Fe-Co-Ni-Mn-Zn,alkaline_stability_corrosion,wos:WOS_BF87CE3579119E47,source_packet_3ee35eee240e3a74,,,,direct_PBA_UOR,experimental,identified_record,none,not_addressed,1,human_accepted,yes
run_bcaadea5c838c750,Fe-Co-Ni-Mn-Zn,substitution_and_synergy,wos:WOS_BF87CE3579119E47,source_packet_3ee35eee240e3a74,,,,direct_PBA_UOR,experimental,identified_record,none,not_addressed,1,human_accepted,yes
run_bcaadea5c838c750,Fe-Co-Ni-Mn-Zn,uor_activity,wos:WOS_BF87CE3579119E47,source_packet_3ee35eee240e3a74,,,,direct_PBA_UOR,experimental,identified_record,contextual,support,1,human_accepted,yes
run_bcaadea5c838c750,Fe-Co-Ni-Mn-Zn,uor_activity,wos:WOS_BF87CE3579119E47,source_packet_3ee35eee240e3a74,,,,direct_PBA_UOR,experimental,identified_record,contextual,support,1,human_accepted,yes
run_bcaadea5c838c750,Fe-Co-Ni-Mn-Zn,pba_structural_compatibility,wos:WOS_BF87CE3579119E47,source_packet_3ee35eee240e3a74,,,,direct_PBA_UOR,experimental,identified_record,contextual,support,1,human_accepted,yes
run_bcaadea5c838c750,Fe-Co-Ni-Mn-Zn,uor_activity,wos:WOS_BF87CE3579119E47,source_packet_3ee35eee240e3a74,,,,direct_PBA_UOR,experimental,identified_record,contextual,support,1,human_accepted,yes
run_bcaadea5c838c750,Fe-Co-Ni-Mn-Zn,alkaline_stability_corrosion,wos:WOS_BF87CE3579119E47,source_packet_3ee35eee240e3a74,,,,direct_PBA_UOR,experimental,identified_record,none,not_addressed,1,human_accepted,yes
run_bcaadea5c838c750,Fe-Co-Ni-Mn-Zn,alkaline_stability_corrosion,wos:WOS_BF87CE3579119E47,source_packet_3ee35eee240e3a74,,,,direct_PBA_UOR,experimental,identified_record,none,not_addressed,1,human_accepted,yes
run_bcaadea5c838c750,Fe-Co-Ni-Mn-Zn,wet_chemical_synthesis,wos:WOS_BF87CE3579119E47,source_packet_3ee35eee240e3a74,,,,direct_PBA_UOR,experimental,identified_record,contextual,support,1,human_accepted,yes
run_bcaadea5c838c750,Fe-Co-Ni-Mn-Zn,alkaline_stability_corrosion,wos:WOS_BF87CE3579119E47,source_packet_3ee35eee240e3a74,,,,direct_PBA_UOR,experimental,identified_record,none,not_addressed,1,human_accepted,yes
run_bcaadea5c838c750,Fe-Co-Ni-Mn-Zn,wet_chemical_synthesis,wos:WOS_BF87CE3579119E47,source_packet_3ee35eee240e3a74,,,,direct_PBA_UOR,experimental,identified_record,contextual,support,1,human_accepted,yes
run_bcaadea5c838c750,Fe-Co-Ni-Mn-Zn,uor_activity,wos:WOS_E4C2649CC17B5AA4,source_packet_614344c4b44137e4,,,,substitution,experimental,identified_record,contextual,support,1,human_accepted,yes
run_bcaadea5c838c750,Fe-Co-Ni-Mn-Zn,alkaline_stability_corrosion,wos:WOS_E4C2649CC17B5AA4,source_packet_614344c4b44137e4,,,,substitution,experimental,identified_record,none,not_addressed,1,human_accepted,yes
run_bcaadea5c838c750,Fe-Co-Ni-Mn-Zn,substitution_and_synergy,wos:WOS_E4C2649CC17B5AA4,source_packet_614344c4b44137e4,,,,substitution,experimental,identified_record,none,not_addressed,1,human_accepted,yes
run_bcaadea5c838c750,Fe-Co-Ni-Mn-Zn,uor_activity,wos:WOS_E4C2649CC17B5AA4,source_packet_614344c4b44137e4,,,,substitution,experimental,identified_record,contextual,support,1,human_accepted,yes
run_bcaadea5c838c750,Fe-Co-Ni-Mn-Zn,pba_structural_compatibility,wos:WOS_E4C2649CC17B5AA4,source_packet_614344c4b44137e4,,,,substitution,experimental,identified_record,contextual,support,1,human_accepted,yes
run_bcaadea5c838c750,Fe-Co-Ni-Mn-Zn,alkaline_stability_corrosion,wos:WOS_E4C2649CC17B5AA4,source_packet_614344c4b44137e4,,,,substitution,experimental,identified_record,none,not_addressed,1,human_accepted,yes
run_bcaadea5c838c750,Fe-Co-Ni-Mn-Zn,alkaline_stability_corrosion,wos:WOS_E4C2649CC17B5AA4,source_packet_614344c4b44137e4,,,,substitution,experimental,identified_record,none,not_addressed,1,human_accepted,yes
run_bcaadea5c838c750,Fe-Co-Ni-Mn-Zn,wet_chemical_synthesis,wos:WOS_E4C2649CC17B5AA4,source_packet_614344c4b44137e4,,,,substitution,experimental,identified_record,none,not_addressed,1,human_accepted,yes
run_bcaadea5c838c750,Fe-Co-Ni-Mn-Zn,alkaline_stability_corrosion,wos:WOS_E4C2649CC17B5AA4,source_packet_614344c4b44137e4,,,,substitution,experimental,identified_record,none,not_addressed,1,human_accepted,yes
run_bcaadea5c838c750,Fe-Co-Ni-Mn-Zn,wet_chemical_synthesis,wos:WOS_E4C2649CC17B5AA4,source_packet_614344c4b44137e4,,,,substitution,experimental,identified_record,none,not_addressed,1,human_accepted,yes
run_bcaadea5c838c750,Fe-Co-Ni-Mn-Zn,uor_activity,wos:WOS_0C97F56341BF4174,source_packet_751f25991c5f4ff6,,,,PBA_only,experimental,identified_record,none,not_addressed,1,human_accepted,yes
run_bcaadea5c838c750,Fe-Co-Ni-Mn-Zn,alkaline_stability_corrosion,wos:WOS_0C97F56341BF4174,source_packet_751f25991c5f4ff6,,,,PBA_only,experimental,identified_record,partial,support,1,human_accepted,yes
run_bcaadea5c838c750,Fe-Co-Ni-Mn-Zn,substitution_and_synergy,wos:WOS_0C97F56341BF4174,source_packet_751f25991c5f4ff6,,,,PBA_only,experimental,identified_record,none,not_addressed,1,human_accepted,yes
run_bcaadea5c838c750,Fe-Co-Ni-Mn-Zn,uor_activity,wos:WOS_0C97F56341BF4174,source_packet_751f25991c5f4ff6,,,,PBA_only,experimental,identified_record,none,not_addressed,1,human_accepted,yes
run_bcaadea5c838c750,Fe-Co-Ni-Mn-Zn,uor_activity,wos:WOS_0C97F56341BF4174,source_packet_751f25991c5f4ff6,,,,PBA_only,experimental,identified_record,none,not_addressed,1,human_accepted,yes
run_bcaadea5c838c750,Fe-Co-Ni-Mn-Zn,uor_activity,wos:WOS_0C97F56341BF4174,source_packet_751f25991c5f4ff6,,,,PBA_only,experimental,identified_record,none,not_addressed,1,human_accepted,yes
run_bcaadea5c838c750,Fe-Co-Ni-Mn-Zn,alkaline_stability_corrosion,wos:WOS_0C97F56341BF4174,source_packet_751f25991c5f4ff6,,,,PBA_only,experimental,identified_record,partial,oppose,1,human_accepted,yes
run_bcaadea5c838c750,Fe-Co-Ni-Mn-Zn,wet_chemical_synthesis,wos:WOS_0C97F56341BF4174,source_packet_751f25991c5f4ff6,,,,PBA_only,experimental,identified_record,partial,support,1,human_accepted,yes
run_bcaadea5c838c750,Fe-Co-Ni-Mn-Zn,uor_activity,doi:10.1002/anie.202316925,source_packet_95683dbb18f5dcd5,10.1002/anie.202316925,WOS:001160738500001,2024,PBA_only,experimental,exact_chunk_DOI_UT,contextual,support,1,human_accepted,yes
run_bcaadea5c838c750,Fe-Co-Ni-Mn-Zn,alkaline_stability_corrosion,doi:10.1002/anie.202316925,source_packet_95683dbb18f5dcd5,10.1002/anie.202316925,WOS:001160738500001,2024,PBA_only,experimental,exact_chunk_DOI_UT,contextual,support,1,human_accepted,yes
run_bcaadea5c838c750,Fe-Co-Ni-Mn-Zn,substitution_and_synergy,doi:10.1002/anie.202316925,source_packet_95683dbb18f5dcd5,10.1002/anie.202316925,WOS:001160738500001,2024,PBA_only,experimental,exact_chunk_DOI_UT,contextual,support,1,human_accepted,yes
run_bcaadea5c838c750,Fe-Co-Ni-Mn-Zn,uor_activity,doi:10.1002/anie.202316925,source_packet_95683dbb18f5dcd5,10.1002/anie.202316925,WOS:001160738500001,2024,PBA_only,experimental,exact_chunk_DOI_UT,contextual,support,1,human_accepted,yes
run_bcaadea5c838c750,Fe-Co-Ni-Mn-Zn,uor_activity,doi:10.1002/anie.202316925,source_packet_95683dbb18f5dcd5,10.1002/anie.202316925,WOS:001160738500001,2024,PBA_only,experimental,exact_chunk_DOI_UT,contextual,support,1,human_accepted,yes
run_bcaadea5c838c750,Fe-Co-Ni-Mn-Zn,pba_structural_compatibility,doi:10.1002/anie.202316925,source_packet_95683dbb18f5dcd5,10.1002/anie.202316925,WOS:001160738500001,2024,PBA_only,experimental,exact_chunk_DOI_UT,contextual,support,1,human_accepted,yes
run_bcaadea5c838c750,Fe-Co-Ni-Mn-Zn,uor_activity,doi:10.1002/anie.202316925,source_packet_95683dbb18f5dcd5,10.1002/anie.202316925,WOS:001160738500001,2024,PBA_only,experimental,exact_chunk_DOI_UT,contextual,support,1,human_accepted,yes
run_bcaadea5c838c750,Fe-Co-Ni-Mn-Zn,alkaline_stability_corrosion,doi:10.1002/anie.202316925,source_packet_95683dbb18f5dcd5,10.1002/anie.202316925,WOS:001160738500001,2024,PBA_only,experimental,exact_chunk_DOI_UT,contextual,support,1,human_accepted,yes
run_bcaadea5c838c750,Fe-Co-Ni-Mn-Zn,wet_chemical_synthesis,doi:10.1002/anie.202316925,source_packet_95683dbb18f5dcd5,10.1002/anie.202316925,WOS:001160738500001,2024,PBA_only,experimental,identified_record,none,not_addressed,1,human_accepted,yes
run_bcaadea5c838c750,Fe-Co-Ni-Mn-Zn,alkaline_stability_corrosion,doi:10.1002/anie.202316925,source_packet_95683dbb18f5dcd5,10.1002/anie.202316925,WOS:001160738500001,2024,PBA_only,experimental,exact_chunk_DOI_UT,contextual,support,1,human_accepted,yes
run_bcaadea5c838c750,Fe-Co-Ni-Mn-Zn,wet_chemical_synthesis,doi:10.1002/anie.202316925,source_packet_95683dbb18f5dcd5,10.1002/anie.202316925,WOS:001160738500001,2024,PBA_only,experimental,identified_record,none,not_addressed,1,human_accepted,yes
run_bcaadea5c838c750,Fe-Co-Ni-Mn-Zn,uor_activity,doi:10.1016/j.cej.2024.156767,source_packet_9ef4513a8612a386,10.1016/j.cej.2024.156767,WOS:001341552700001,2024,PBA_only,experimental,identified_record,none,not_addressed,1,human_accepted,yes
run_bcaadea5c838c750,Fe-Co-Ni-Mn-Zn,alkaline_stability_corrosion,doi:10.1016/j.cej.2024.156767,source_packet_9ef4513a8612a386,10.1016/j.cej.2024.156767,WOS:001341552700001,2024,PBA_only,experimental,exact_chunk_DOI_UT,partial,support,1,human_accepted,yes
run_bcaadea5c838c750,Fe-Co-Ni-Mn-Zn,substitution_and_synergy,doi:10.1016/j.cej.2024.156767,source_packet_9ef4513a8612a386,10.1016/j.cej.2024.156767,WOS:001341552700001,2024,PBA_only,experimental,exact_chunk_DOI_UT,overreach,support,1,human_accepted,yes
run_bcaadea5c838c750,Fe-Co-Ni-Mn-Zn,uor_activity,doi:10.1016/j.cej.2024.156767,source_packet_9ef4513a8612a386,10.1016/j.cej.2024.156767,WOS:001341552700001,2024,PBA_only,experimental,exact_chunk_DOI_UT,overreach,support,1,human_accepted,yes
run_bcaadea5c838c750,Fe-Co-Ni-Mn-Zn,uor_activity,doi:10.1016/j.cej.2024.156767,source_packet_9ef4513a8612a386,10.1016/j.cej.2024.156767,WOS:001341552700001,2024,PBA_only,experimental,exact_chunk_DOI_UT,overreach,support,1,human_accepted,yes
run_bcaadea5c838c750,Fe-Co-Ni-Mn-Zn,pba_structural_compatibility,doi:10.1016/j.cej.2024.156767,source_packet_9ef4513a8612a386,10.1016/j.cej.2024.156767,WOS:001341552700001,2024,PBA_only,experimental,abstract_DOI_UT,contextual,support,1,human_accepted,yes
run_bcaadea5c838c750,Fe-Co-Ni-Mn-Zn,uor_activity,doi:10.1016/j.cej.2024.156767,source_packet_9ef4513a8612a386,10.1016/j.cej.2024.156767,WOS:001341552700001,2024,PBA_only,experimental,exact_chunk_DOI_UT,overreach,support,1,human_accepted,yes
run_bcaadea5c838c750,Fe-Co-Ni-Mn-Zn,alkaline_stability_corrosion,doi:10.1016/j.cej.2024.156767,source_packet_9ef4513a8612a386,10.1016/j.cej.2024.156767,WOS:001341552700001,2024,PBA_only,experimental,exact_chunk_DOI_UT,partial,support,1,human_accepted,yes
run_bcaadea5c838c750,Fe-Co-Ni-Mn-Zn,alkaline_stability_corrosion,doi:10.1016/j.cej.2024.156767,source_packet_9ef4513a8612a386,10.1016/j.cej.2024.156767,WOS:001341552700001,2024,PBA_only,experimental,exact_chunk_DOI_UT,partial,support,1,human_accepted,yes
run_bcaadea5c838c750,Fe-Co-Ni-Mn-Zn,wet_chemical_synthesis,doi:10.1016/j.cej.2024.156767,source_packet_9ef4513a8612a386,10.1016/j.cej.2024.156767,WOS:001341552700001,2024,PBA_only,experimental,identified_record,none,not_addressed,1,human_accepted,yes
run_bcaadea5c838c750,Fe-Co-Ni-Mn-Zn,alkaline_stability_corrosion,doi:10.1016/j.cej.2024.156767,source_packet_9ef4513a8612a386,10.1016/j.cej.2024.156767,WOS:001341552700001,2024,PBA_only,experimental,exact_chunk_DOI_UT,partial,support,1,human_accepted,yes
run_bcaadea5c838c750,Fe-Co-Ni-Mn-Zn,wet_chemical_synthesis,doi:10.1016/j.cej.2024.156767,source_packet_9ef4513a8612a386,10.1016/j.cej.2024.156767,WOS:001341552700001,2024,PBA_only,experimental,identified_record,none,not_addressed,1,human_accepted,yes
run_bcaadea5c838c750,Fe-Co-Ni-Mn-Zn,uor_activity,wos:WOS_B91425823637AB03,source_packet_cd8bca918c520c22,,,,PBA_only,experimental,identified_record,none,not_addressed,0.9674014658411585,machine_unreviewed,yes
run_bcaadea5c838c750,Fe-Co-Ni-Mn-Zn,substitution_and_synergy,wos:WOS_B91425823637AB03,source_packet_cd8bca918c520c22,,,,PBA_only,experimental,identified_record,none,not_addressed,0.9674014658411585,machine_unreviewed,yes
run_bcaadea5c838c750,Fe-Co-Ni-Mn-Zn,uor_activity,wos:WOS_B91425823637AB03,source_packet_cd8bca918c520c22,,,,PBA_only,experimental,identified_record,none,not_addressed,0.9674014658411585,machine_unreviewed,yes
run_bcaadea5c838c750,Fe-Co-Ni-Mn-Zn,uor_activity,wos:WOS_B91425823637AB03,source_packet_cd8bca918c520c22,,,,PBA_only,experimental,identified_record,none,not_addressed,0.9674014658411585,machine_unreviewed,yes
run_bcaadea5c838c750,Fe-Co-Ni-Mn-Zn,uor_activity,wos:WOS_B91425823637AB03,source_packet_cd8bca918c520c22,,,,PBA_only,experimental,identified_record,none,not_addressed,0.9674014658411585,machine_unreviewed,yes
run_bcaadea5c838c750,Fe-Co-Ni-Mn-Zn,uor_activity,wos:WOS_799042E53AF7073D,source_packet_dd53d25bff39ba81,,,,PBA_only,experimental,identified_record,none,not_addressed,1,human_accepted,yes
run_bcaadea5c838c750,Fe-Co-Ni-Mn-Zn,alkaline_stability_corrosion,wos:WOS_799042E53AF7073D,source_packet_dd53d25bff39ba81,,,,PBA_only,experimental,identified_record,partial,support,1,human_accepted,yes
run_bcaadea5c838c750,Fe-Co-Ni-Mn-Zn,uor_activity,wos:WOS_799042E53AF7073D,source_packet_dd53d25bff39ba81,,,,PBA_only,experimental,identified_record,none,not_addressed,1,human_accepted,yes
run_bcaadea5c838c750,Fe-Co-Ni-Mn-Zn,uor_activity,wos:WOS_799042E53AF7073D,source_packet_dd53d25bff39ba81,,,,PBA_only,experimental,identified_record,overreach,support,1,human_accepted,yes
run_bcaadea5c838c750,Fe-Co-Ni-Mn-Zn,pba_structural_compatibility,wos:WOS_799042E53AF7073D,source_packet_dd53d25bff39ba81,,,,PBA_only,experimental,identified_record,partial,support,1,human_accepted,yes
run_bcaadea5c838c750,Fe-Co-Ni-Mn-Zn,uor_activity,wos:WOS_799042E53AF7073D,source_packet_dd53d25bff39ba81,,,,PBA_only,experimental,identified_record,none,not_addressed,1,human_accepted,yes
run_bcaadea5c838c750,Fe-Co-Ni-Mn-Zn,wet_chemical_synthesis,wos:WOS_799042E53AF7073D,source_packet_dd53d25bff39ba81,,,,PBA_only,experimental,identified_record,partial,support,1,human_accepted,yes
run_bcaadea5c838c750,Fe-Co-Ni-Mn-Zn,wet_chemical_synthesis,wos:WOS_799042E53AF7073D,source_packet_dd53d25bff39ba81,,,,PBA_only,experimental,identified_record,partial,support,1,human_accepted,yes
run_51a24a9a75df8a5a,Fe-Co-Ni-Mn-Zn,uor_activity,doi:10.1021/acs.jpcc.3c05740,source_packet_06b4e1f6a0c6c782,10.1021/acs.jpcc.3c05740,WOS:001141725900001,2023,UOR_only,experimental,exact_chunk_DOI_UT,partial,support,0.9674014658411585,machine_unreviewed,yes
run_51a24a9a75df8a5a,Fe-Co-Ni-Mn-Zn,substitution_and_synergy,doi:10.1021/acs.jpcc.3c05740,source_packet_06b4e1f6a0c6c782,10.1021/acs.jpcc.3c05740,WOS:001141725900001,2023,UOR_only,experimental,identified_record,none,not_addressed,0.9674014658411585,machine_unreviewed,yes
run_51a24a9a75df8a5a,Fe-Co-Ni-Mn-Zn,substitution_and_synergy,doi:10.1021/acs.jpcc.3c05740,source_packet_06b4e1f6a0c6c782,10.1021/acs.jpcc.3c05740,WOS:001141725900001,2023,UOR_only,experimental,identified_record,none,not_addressed,0.9674014658411585,machine_unreviewed,yes
run_51a24a9a75df8a5a,Fe-Co-Ni-Mn-Zn,pba_structural_compatibility,doi:10.1021/acs.jpcc.3c05740,source_packet_06b4e1f6a0c6c782,10.1021/acs.jpcc.3c05740,WOS:001141725900001,2023,UOR_only,experimental,identified_record,none,not_addressed,0.9674014658411585,machine_unreviewed,yes
run_51a24a9a75df8a5a,Fe-Co-Ni-Mn-Zn,alkaline_stability_corrosion,doi:10.1021/acs.jpcc.3c05740,source_packet_06b4e1f6a0c6c782,10.1021/acs.jpcc.3c05740,WOS:001141725900001,2023,UOR_only,experimental,identified_record,none,not_addressed,0.9674014658411585,machine_unreviewed,yes
run_51a24a9a75df8a5a,Fe-Co-Ni-Mn-Zn,alkaline_stability_corrosion,doi:10.1021/acs.jpcc.3c05740,source_packet_06b4e1f6a0c6c782,10.1021/acs.jpcc.3c05740,WOS:001141725900001,2023,UOR_only,experimental,identified_record,none,not_addressed,0.9674014658411585,machine_unreviewed,yes
run_51a24a9a75df8a5a,Fe-Co-Ni-Mn-Zn,wet_chemical_synthesis,doi:10.1021/acs.jpcc.3c05740,source_packet_06b4e1f6a0c6c782,10.1021/acs.jpcc.3c05740,WOS:001141725900001,2023,UOR_only,experimental,identified_record,none,not_addressed,0.9674014658411585,machine_unreviewed,yes
run_51a24a9a75df8a5a,Fe-Co-Ni-Mn-Zn,pba_structural_compatibility,doi:10.1021/acs.jpcc.3c05740,source_packet_06b4e1f6a0c6c782,10.1021/acs.jpcc.3c05740,WOS:001141725900001,2023,UOR_only,experimental,identified_record,none,not_addressed,0.9674014658411585,machine_unreviewed,yes
run_51a24a9a75df8a5a,Fe-Co-Ni-Mn-Zn,uor_activity,wos:WOS_F75409AA332D9FD4,source_packet_075a3e25c452891e,,,,UOR_only,experimental,identified_record,partial,support,0.9674014658411585,machine_unreviewed,yes
run_51a24a9a75df8a5a,Fe-Co-Ni-Mn-Zn,substitution_and_synergy,wos:WOS_F75409AA332D9FD4,source_packet_075a3e25c452891e,,,,UOR_only,experimental,identified_record,none,not_addressed,0.9674014658411585,machine_unreviewed,yes
run_51a24a9a75df8a5a,Fe-Co-Ni-Mn-Zn,substitution_and_synergy,wos:WOS_F75409AA332D9FD4,source_packet_075a3e25c452891e,,,,UOR_only,experimental,identified_record,none,not_addressed,0.9674014658411585,machine_unreviewed,yes
run_51a24a9a75df8a5a,Fe-Co-Ni-Mn-Zn,pba_structural_compatibility,wos:WOS_F75409AA332D9FD4,source_packet_075a3e25c452891e,,,,UOR_only,experimental,identified_record,none,not_addressed,0.9674014658411585,machine_unreviewed,yes
run_51a24a9a75df8a5a,Fe-Co-Ni-Mn-Zn,alkaline_stability_corrosion,wos:WOS_F75409AA332D9FD4,source_packet_075a3e25c452891e,,,,UOR_only,experimental,identified_record,none,not_addressed,0.9674014658411585,machine_unreviewed,yes
run_51a24a9a75df8a5a,Fe-Co-Ni-Mn-Zn,alkaline_stability_corrosion,wos:WOS_F75409AA332D9FD4,source_packet_075a3e25c452891e,,,,UOR_only,experimental,identified_record,none,not_addressed,0.9674014658411585,machine_unreviewed,yes
run_51a24a9a75df8a5a,Fe-Co-Ni-Mn-Zn,wet_chemical_synthesis,wos:WOS_F75409AA332D9FD4,source_packet_075a3e25c452891e,,,,UOR_only,experimental,identified_record,none,not_addressed,0.9674014658411585,machine_unreviewed,yes
run_51a24a9a75df8a5a,Fe-Co-Ni-Mn-Zn,pba_structural_compatibility,wos:WOS_F75409AA332D9FD4,source_packet_075a3e25c452891e,,,,UOR_only,experimental,identified_record,none,not_addressed,0.9674014658411585,machine_unreviewed,yes
run_51a24a9a75df8a5a,Fe-Co-Ni-Mn-Zn,uor_activity,wos:WOS_C85F14E4A8D0DA5C,source_packet_0ee68f9ebcd830c1,,,,UOR_only,review,identified_record,partial,support,0.9674014658411585,machine_unreviewed,yes
run_51a24a9a75df8a5a,Fe-Co-Ni-Mn-Zn,substitution_and_synergy,wos:WOS_C85F14E4A8D0DA5C,source_packet_0ee68f9ebcd830c1,,,,UOR_only,review,identified_record,contextual,support,0.9674014658411585,machine_unreviewed,yes
run_51a24a9a75df8a5a,Fe-Co-Ni-Mn-Zn,substitution_and_synergy,wos:WOS_C85F14E4A8D0DA5C,source_packet_0ee68f9ebcd830c1,,,,UOR_only,review,identified_record,contextual,support,0.9674014658411585,machine_unreviewed,yes
run_51a24a9a75df8a5a,Fe-Co-Ni-Mn-Zn,pba_structural_compatibility,wos:WOS_C85F14E4A8D0DA5C,source_packet_0ee68f9ebcd830c1,,,,UOR_only,review,identified_record,none,not_addressed,0.9674014658411585,machine_unreviewed,yes
run_51a24a9a75df8a5a,Fe-Co-Ni-Mn-Zn,uor_activity,wos:WOS_C85F14E4A8D0DA5C,source_packet_0ee68f9ebcd830c1,,,,UOR_only,review,identified_record,contextual,support,0.9674014658411585,machine_unreviewed,yes
run_51a24a9a75df8a5a,Fe-Co-Ni-Mn-Zn,alkaline_stability_corrosion,wos:WOS_C85F14E4A8D0DA5C,source_packet_0ee68f9ebcd830c1,,,,UOR_only,review,identified_record,none,not_addressed,0.9674014658411585,machine_unreviewed,yes
run_51a24a9a75df8a5a,Fe-Co-Ni-Mn-Zn,uor_activity,wos:WOS_C85F14E4A8D0DA5C,source_packet_0ee68f9ebcd830c1,,,,UOR_only,review,identified_record,contextual,support,0.9674014658411585,machine_unreviewed,yes
run_51a24a9a75df8a5a,Fe-Co-Ni-Mn-Zn,alkaline_stability_corrosion,wos:WOS_C85F14E4A8D0DA5C,source_packet_0ee68f9ebcd830c1,,,,UOR_only,review,identified_record,none,not_addressed,0.9674014658411585,machine_unreviewed,yes
run_51a24a9a75df8a5a,Fe-Co-Ni-Mn-Zn,wet_chemical_synthesis,wos:WOS_C85F14E4A8D0DA5C,source_packet_0ee68f9ebcd830c1,,,,UOR_only,review,identified_record,none,not_addressed,0.9674014658411585,machine_unreviewed,yes
run_51a24a9a75df8a5a,Fe-Co-Ni-Mn-Zn,pba_structural_compatibility,wos:WOS_C85F14E4A8D0DA5C,source_packet_0ee68f9ebcd830c1,,,,UOR_only,review,identified_record,none,not_addressed,0.9674014658411585,machine_unreviewed,yes
run_51a24a9a75df8a5a,Fe-Co-Ni-Mn-Zn,uor_activity,wos:WOS_C85F14E4A8D0DA5C,source_packet_0ee68f9ebcd830c1,,,,UOR_only,review,identified_record,contextual,support,0.9674014658411585,machine_unreviewed,yes
run_51a24a9a75df8a5a,Fe-Co-Ni-Mn-Zn,uor_activity,wos:WOS_8292CD2E38993ECE,source_packet_3675abfcb3f2b588,,,,UOR_only,review,identified_record,contextual,support,0.9674014658411585,machine_unreviewed,yes
run_51a24a9a75df8a5a,Fe-Co-Ni-Mn-Zn,substitution_and_synergy,wos:WOS_8292CD2E38993ECE,source_packet_3675abfcb3f2b588,,,,UOR_only,review,identified_record,none,not_addressed,0.9674014658411585,machine_unreviewed,yes
run_51a24a9a75df8a5a,Fe-Co-Ni-Mn-Zn,substitution_and_synergy,wos:WOS_8292CD2E38993ECE,source_packet_3675abfcb3f2b588,,,,UOR_only,review,identified_record,none,not_addressed,0.9674014658411585,machine_unreviewed,yes
run_51a24a9a75df8a5a,Fe-Co-Ni-Mn-Zn,pba_structural_compatibility,wos:WOS_8292CD2E38993ECE,source_packet_3675abfcb3f2b588,,,,UOR_only,review,identified_record,none,not_addressed,0.9674014658411585,machine_unreviewed,yes
run_51a24a9a75df8a5a,Fe-Co-Ni-Mn-Zn,uor_activity,wos:WOS_8292CD2E38993ECE,source_packet_3675abfcb3f2b588,,,,UOR_only,review,identified_record,contextual,support,0.9674014658411585,machine_unreviewed,yes
run_51a24a9a75df8a5a,Fe-Co-Ni-Mn-Zn,alkaline_stability_corrosion,wos:WOS_8292CD2E38993ECE,source_packet_3675abfcb3f2b588,,,,UOR_only,review,identified_record,none,not_addressed,0.9674014658411585,machine_unreviewed,yes
run_51a24a9a75df8a5a,Fe-Co-Ni-Mn-Zn,uor_activity,wos:WOS_8292CD2E38993ECE,source_packet_3675abfcb3f2b588,,,,UOR_only,review,identified_record,contextual,support,0.9674014658411585,machine_unreviewed,yes
run_51a24a9a75df8a5a,Fe-Co-Ni-Mn-Zn,alkaline_stability_corrosion,wos:WOS_8292CD2E38993ECE,source_packet_3675abfcb3f2b588,,,,UOR_only,review,identified_record,none,not_addressed,0.9674014658411585,machine_unreviewed,yes
run_51a24a9a75df8a5a,Fe-Co-Ni-Mn-Zn,wet_chemical_synthesis,wos:WOS_8292CD2E38993ECE,source_packet_3675abfcb3f2b588,,,,UOR_only,review,identified_record,none,not_addressed,0.9674014658411585,machine_unreviewed,yes
run_51a24a9a75df8a5a,Fe-Co-Ni-Mn-Zn,pba_structural_compatibility,wos:WOS_8292CD2E38993ECE,source_packet_3675abfcb3f2b588,,,,UOR_only,review,identified_record,none,not_addressed,0.9674014658411585,machine_unreviewed,yes
run_51a24a9a75df8a5a,Fe-Co-Ni-Mn-Zn,uor_activity,wos:WOS_8292CD2E38993ECE,source_packet_3675abfcb3f2b588,,,,UOR_only,review,identified_record,contextual,support,0.9674014658411585,machine_unreviewed,yes
run_51a24a9a75df8a5a,Fe-Co-Ni-Mn-Zn,uor_activity,doi:10.1002/batt.201800116,source_packet_3be28dea96493c04,10.1002/batt.201800116,WOS:0004770878,2019,PBA_only,review,exact_chunk_DOI_UT,contextual,support,0.9674014658411585,machine_unreviewed,yes
run_51a24a9a75df8a5a,Fe-Co-Ni-Mn-Zn,substitution_and_synergy,doi:10.1002/batt.201800116,source_packet_3be28dea96493c04,10.1002/batt.201800116,WOS:0004770878,2019,PBA_only,review,exact_chunk_DOI_UT,contextual,support,0.9674014658411585,machine_unreviewed,yes
run_51a24a9a75df8a5a,Fe-Co-Ni-Mn-Zn,substitution_and_synergy,doi:10.1002/batt.201800116,source_packet_3be28dea96493c04,10.1002/batt.201800116,WOS:0004770878,2019,PBA_only,review,exact_chunk_DOI_UT,contextual,support,0.9674014658411585,machine_unreviewed,yes
run_51a24a9a75df8a5a,Fe-Co-Ni-Mn-Zn,pba_structural_compatibility,doi:10.1002/batt.201800116,source_packet_3be28dea96493c04,10.1002/batt.201800116,WOS:0004770878,2019,PBA_only,review,exact_chunk_DOI_UT,contextual,support,0.9674014658411585,machine_unreviewed,yes
run_51a24a9a75df8a5a,Fe-Co-Ni-Mn-Zn,uor_activity,doi:10.1002/batt.201800116,source_packet_3be28dea96493c04,10.1002/batt.201800116,WOS:0004770878,2019,PBA_only,review,exact_chunk_DOI_UT,contextual,support,0.9674014658411585,machine_unreviewed,yes
run_51a24a9a75df8a5a,Fe-Co-Ni-Mn-Zn,alkaline_stability_corrosion,doi:10.1002/batt.201800116,source_packet_3be28dea96493c04,10.1002/batt.201800116,WOS:0004770878,2019,PBA_only,review,identified_record,none,not_addressed,0.9674014658411585,machine_unreviewed,yes
run_51a24a9a75df8a5a,Fe-Co-Ni-Mn-Zn,uor_activity,doi:10.1002/batt.201800116,source_packet_3be28dea96493c04,10.1002/batt.201800116,WOS:0004770878,2019,PBA_only,review,exact_chunk_DOI_UT,contextual,support,0.9674014658411585,machine_unreviewed,yes
run_51a24a9a75df8a5a,Fe-Co-Ni-Mn-Zn,alkaline_stability_corrosion,doi:10.1002/batt.201800116,source_packet_3be28dea96493c04,10.1002/batt.201800116,WOS:0004770878,2019,PBA_only,review,identified_record,none,not_addressed,0.9674014658411585,machine_unreviewed,yes
run_51a24a9a75df8a5a,Fe-Co-Ni-Mn-Zn,wet_chemical_synthesis,doi:10.1002/batt.201800116,source_packet_3be28dea96493c04,10.1002/batt.201800116,WOS:0004770878,2019,PBA_only,review,exact_chunk_DOI_UT,contextual,support,0.9674014658411585,machine_unreviewed,yes
run_51a24a9a75df8a5a,Fe-Co-Ni-Mn-Zn,pba_structural_compatibility,doi:10.1002/batt.201800116,source_packet_3be28dea96493c04,10.1002/batt.201800116,WOS:0004770878,2019,PBA_only,review,exact_chunk_DOI_UT,contextual,support,0.9674014658411585,machine_unreviewed,yes
run_51a24a9a75df8a5a,Fe-Co-Ni-Mn-Zn,uor_activity,doi:10.1002/batt.201800116,source_packet_3be28dea96493c04,10.1002/batt.201800116,WOS:0004770878,2019,PBA_only,review,exact_chunk_DOI_UT,contextual,support,0.9674014658411585,machine_unreviewed,yes
run_51a24a9a75df8a5a,Fe-Co-Ni-Mn-Zn,uor_activity,doi:10.1002/cnma.202200127,source_packet_480359de4cf64be8,10.1002/cnma.202200127,WOS:000809027400001,2022,substitution,experimental,identified_record,none,not_addressed,1,human_accepted,yes
run_51a24a9a75df8a5a,Fe-Co-Ni-Mn-Zn,substitution_and_synergy,doi:10.1002/cnma.202200127,source_packet_480359de4cf64be8,10.1002/cnma.202200127,WOS:000809027400001,2022,substitution,experimental,identified_record,none,not_addressed,1,human_accepted,yes
run_51a24a9a75df8a5a,Fe-Co-Ni-Mn-Zn,substitution_and_synergy,doi:10.1002/cnma.202200127,source_packet_480359de4cf64be8,10.1002/cnma.202200127,WOS:000809027400001,2022,substitution,experimental,identified_record,none,not_addressed,1,human_accepted,yes
run_51a24a9a75df8a5a,Fe-Co-Ni-Mn-Zn,pba_structural_compatibility,doi:10.1002/cnma.202200127,source_packet_480359de4cf64be8,10.1002/cnma.202200127,WOS:000809027400001,2022,substitution,experimental,exact_chunk_DOI_UT,contextual,support,1,human_accepted,yes
run_51a24a9a75df8a5a,Fe-Co-Ni-Mn-Zn,uor_activity,doi:10.1002/cnma.202200127,source_packet_480359de4cf64be8,10.1002/cnma.202200127,WOS:000809027400001,2022,substitution,experimental,identified_record,none,not_addressed,1,human_accepted,yes
run_51a24a9a75df8a5a,Fe-Co-Ni-Mn-Zn,alkaline_stability_corrosion,doi:10.1002/cnma.202200127,source_packet_480359de4cf64be8,10.1002/cnma.202200127,WOS:000809027400001,2022,substitution,experimental,exact_chunk_DOI_UT,contextual,support,1,human_accepted,yes
run_51a24a9a75df8a5a,Fe-Co-Ni-Mn-Zn,uor_activity,doi:10.1002/cnma.202200127,source_packet_480359de4cf64be8,10.1002/cnma.202200127,WOS:000809027400001,2022,substitution,experimental,identified_record,none,not_addressed,1,human_accepted,yes
run_51a24a9a75df8a5a,Fe-Co-Ni-Mn-Zn,alkaline_stability_corrosion,doi:10.1002/cnma.202200127,source_packet_480359de4cf64be8,10.1002/cnma.202200127,WOS:000809027400001,2022,substitution,experimental,exact_chunk_DOI_UT,contextual,support,1,human_accepted,yes
run_51a24a9a75df8a5a,Fe-Co-Ni-Mn-Zn,wet_chemical_synthesis,doi:10.1002/cnma.202200127,source_packet_480359de4cf64be8,10.1002/cnma.202200127,WOS:000809027400001,2022,substitution,experimental,identified_record,none,not_addressed,1,human_accepted,yes
run_51a24a9a75df8a5a,Fe-Co-Ni-Mn-Zn,pba_structural_compatibility,doi:10.1002/cnma.202200127,source_packet_480359de4cf64be8,10.1002/cnma.202200127,WOS:000809027400001,2022,substitution,experimental,exact_chunk_DOI_UT,contextual,support,1,human_accepted,yes
run_51a24a9a75df8a5a,Fe-Co-Ni-Mn-Zn,uor_activity,doi:10.1002/cnma.202200127,source_packet_480359de4cf64be8,10.1002/cnma.202200127,WOS:000809027400001,2022,substitution,experimental,identified_record,none,not_addressed,1,human_accepted,yes
run_51a24a9a75df8a5a,Fe-Co-Ni-Mn-Zn,uor_activity,doi:10.1007/s10800-019-01328-9,source_packet_53710a78ac5df2d0,10.1007/s10800-019-01328-9,WOS:000481786400003,2019,UOR_only,experimental,exact_chunk_DOI_UT,partial,support,0.9674014658411585,machine_unreviewed,yes
run_51a24a9a75df8a5a,Fe-Co-Ni-Mn-Zn,substitution_and_synergy,doi:10.1007/s10800-019-01328-9,source_packet_53710a78ac5df2d0,10.1007/s10800-019-01328-9,WOS:000481786400003,2019,UOR_only,experimental,identified_record,none,not_addressed,0.9674014658411585,machine_unreviewed,yes
run_51a24a9a75df8a5a,Fe-Co-Ni-Mn-Zn,substitution_and_synergy,doi:10.1007/s10800-019-01328-9,source_packet_53710a78ac5df2d0,10.1007/s10800-019-01328-9,WOS:000481786400003,2019,UOR_only,experimental,identified_record,none,not_addressed,0.9674014658411585,machine_unreviewed,yes
run_51a24a9a75df8a5a,Fe-Co-Ni-Mn-Zn,pba_structural_compatibility,doi:10.1007/s10800-019-01328-9,source_packet_53710a78ac5df2d0,10.1007/s10800-019-01328-9,WOS:000481786400003,2019,UOR_only,experimental,identified_record,none,not_addressed,0.9674014658411585,machine_unreviewed,yes
run_51a24a9a75df8a5a,Fe-Co-Ni-Mn-Zn,wet_chemical_synthesis,doi:10.1007/s10800-019-01328-9,source_packet_53710a78ac5df2d0,10.1007/s10800-019-01328-9,WOS:000481786400003,2019,UOR_only,experimental,identified_record,none,not_addressed,0.9674014658411585,machine_unreviewed,yes
run_51a24a9a75df8a5a,Fe-Co-Ni-Mn-Zn,pba_structural_compatibility,doi:10.1007/s10800-019-01328-9,source_packet_53710a78ac5df2d0,10.1007/s10800-019-01328-9,WOS:000481786400003,2019,UOR_only,experimental,identified_record,none,not_addressed,0.9674014658411585,machine_unreviewed,yes
run_51a24a9a75df8a5a,Fe-Co-Ni-Mn-Zn,uor_activity,wos:WOS_AA384009A7A7ACED,source_packet_6f6ba837b23bc9fa,,,,UOR_only,experimental,identified_record,partial,support,0.9674014658411585,machine_unreviewed,yes
run_51a24a9a75df8a5a,Fe-Co-Ni-Mn-Zn,substitution_and_synergy,wos:WOS_AA384009A7A7ACED,source_packet_6f6ba837b23bc9fa,,,,UOR_only,experimental,identified_record,none,not_addressed,0.9674014658411585,machine_unreviewed,yes
run_51a24a9a75df8a5a,Fe-Co-Ni-Mn-Zn,substitution_and_synergy,wos:WOS_AA384009A7A7ACED,source_packet_6f6ba837b23bc9fa,,,,UOR_only,experimental,identified_record,none,not_addressed,0.9674014658411585,machine_unreviewed,yes
run_51a24a9a75df8a5a,Fe-Co-Ni-Mn-Zn,pba_structural_compatibility,wos:WOS_AA384009A7A7ACED,source_packet_6f6ba837b23bc9fa,,,,UOR_only,experimental,identified_record,none,not_addressed,0.9674014658411585,machine_unreviewed,yes
run_51a24a9a75df8a5a,Fe-Co-Ni-Mn-Zn,alkaline_stability_corrosion,wos:WOS_AA384009A7A7ACED,source_packet_6f6ba837b23bc9fa,,,,UOR_only,experimental,identified_record,none,not_addressed,0.9674014658411585,machine_unreviewed,yes
run_51a24a9a75df8a5a,Fe-Co-Ni-Mn-Zn,alkaline_stability_corrosion,wos:WOS_AA384009A7A7ACED,source_packet_6f6ba837b23bc9fa,,,,UOR_only,experimental,identified_record,none,not_addressed,0.9674014658411585,machine_unreviewed,yes
run_51a24a9a75df8a5a,Fe-Co-Ni-Mn-Zn,wet_chemical_synthesis,wos:WOS_AA384009A7A7ACED,source_packet_6f6ba837b23bc9fa,,,,UOR_only,experimental,identified_record,none,not_addressed,0.9674014658411585,machine_unreviewed,yes
run_51a24a9a75df8a5a,Fe-Co-Ni-Mn-Zn,pba_structural_compatibility,wos:WOS_AA384009A7A7ACED,source_packet_6f6ba837b23bc9fa,,,,UOR_only,experimental,identified_record,none,not_addressed,0.9674014658411585,machine_unreviewed,yes
run_51a24a9a75df8a5a,Fe-Co-Ni-Mn-Zn,uor_activity,wos:WOS_1ADC2FB558D8F030,source_packet_775c514e413d278c,,,,direct_PBA_UOR,experimental,identified_record,contextual,support,1,human_accepted,yes
run_51a24a9a75df8a5a,Fe-Co-Ni-Mn-Zn,substitution_and_synergy,wos:WOS_1ADC2FB558D8F030,source_packet_775c514e413d278c,,,,direct_PBA_UOR,experimental,identified_record,none,not_addressed,1,human_accepted,yes
run_51a24a9a75df8a5a,Fe-Co-Ni-Mn-Zn,substitution_and_synergy,wos:WOS_1ADC2FB558D8F030,source_packet_775c514e413d278c,,,,direct_PBA_UOR,experimental,identified_record,none,not_addressed,1,human_accepted,yes
run_51a24a9a75df8a5a,Fe-Co-Ni-Mn-Zn,pba_structural_compatibility,wos:WOS_1ADC2FB558D8F030,source_packet_775c514e413d278c,,,,direct_PBA_UOR,experimental,identified_record,contextual,support,1,human_accepted,yes
run_51a24a9a75df8a5a,Fe-Co-Ni-Mn-Zn,uor_activity,wos:WOS_1ADC2FB558D8F030,source_packet_775c514e413d278c,,,,direct_PBA_UOR,experimental,identified_record,contextual,support,1,human_accepted,yes
run_51a24a9a75df8a5a,Fe-Co-Ni-Mn-Zn,alkaline_stability_corrosion,wos:WOS_1ADC2FB558D8F030,source_packet_775c514e413d278c,,,,direct_PBA_UOR,experimental,identified_record,none,not_addressed,1,human_accepted,yes
run_51a24a9a75df8a5a,Fe-Co-Ni-Mn-Zn,uor_activity,wos:WOS_1ADC2FB558D8F030,source_packet_775c514e413d278c,,,,direct_PBA_UOR,experimental,identified_record,contextual,support,1,human_accepted,yes
run_51a24a9a75df8a5a,Fe-Co-Ni-Mn-Zn,alkaline_stability_corrosion,wos:WOS_1ADC2FB558D8F030,source_packet_775c514e413d278c,,,,direct_PBA_UOR,experimental,identified_record,none,not_addressed,1,human_accepted,yes
run_51a24a9a75df8a5a,Fe-Co-Ni-Mn-Zn,wet_chemical_synthesis,wos:WOS_1ADC2FB558D8F030,source_packet_775c514e413d278c,,,,direct_PBA_UOR,experimental,identified_record,contextual,support,1,human_accepted,yes
run_51a24a9a75df8a5a,Fe-Co-Ni-Mn-Zn,pba_structural_compatibility,wos:WOS_1ADC2FB558D8F030,source_packet_775c514e413d278c,,,,direct_PBA_UOR,experimental,identified_record,contextual,support,1,human_accepted,yes
run_51a24a9a75df8a5a,Fe-Co-Ni-Mn-Zn,uor_activity,wos:WOS_1ADC2FB558D8F030,source_packet_775c514e413d278c,,,,direct_PBA_UOR,experimental,identified_record,contextual,support,1,human_accepted,yes
run_51a24a9a75df8a5a,Fe-Co-Ni-Mn-Zn,uor_activity,doi:10.3390/catal12030337,source_packet_a490f472e63d3b2c,10.3390/catal12030337,WOS:000775757200001,2022,UOR_only,review,exact_chunk_DOI_UT,partial,support,0.9674014658411585,machine_unreviewed,yes
run_51a24a9a75df8a5a,Fe-Co-Ni-Mn-Zn,substitution_and_synergy,doi:10.3390/catal12030337,source_packet_a490f472e63d3b2c,10.3390/catal12030337,WOS:000775757200001,2022,UOR_only,review,exact_chunk_DOI_UT,contextual,support,0.9674014658411585,machine_unreviewed,yes
run_51a24a9a75df8a5a,Fe-Co-Ni-Mn-Zn,substitution_and_synergy,doi:10.3390/catal12030337,source_packet_a490f472e63d3b2c,10.3390/catal12030337,WOS:000775757200001,2022,UOR_only,review,exact_chunk_DOI_UT,contextual,support,0.9674014658411585,machine_unreviewed,yes
run_51a24a9a75df8a5a,Fe-Co-Ni-Mn-Zn,pba_structural_compatibility,doi:10.3390/catal12030337,source_packet_a490f472e63d3b2c,10.3390/catal12030337,WOS:000775757200001,2022,UOR_only,review,identified_record,none,not_addressed,0.9674014658411585,machine_unreviewed,yes
run_51a24a9a75df8a5a,Fe-Co-Ni-Mn-Zn,uor_activity,doi:10.3390/catal12030337,source_packet_a490f472e63d3b2c,10.3390/catal12030337,WOS:000775757200001,2022,UOR_only,review,exact_chunk_DOI_UT,contextual,support,0.9674014658411585,machine_unreviewed,yes
run_51a24a9a75df8a5a,Fe-Co-Ni-Mn-Zn,alkaline_stability_corrosion,doi:10.3390/catal12030337,source_packet_a490f472e63d3b2c,10.3390/catal12030337,WOS:000775757200001,2022,UOR_only,review,identified_record,none,not_addressed,0.9674014658411585,machine_unreviewed,yes
run_51a24a9a75df8a5a,Fe-Co-Ni-Mn-Zn,uor_activity,doi:10.3390/catal12030337,source_packet_a490f472e63d3b2c,10.3390/catal12030337,WOS:000775757200001,2022,UOR_only,review,exact_chunk_DOI_UT,contextual,support,0.9674014658411585,machine_unreviewed,yes
run_51a24a9a75df8a5a,Fe-Co-Ni-Mn-Zn,alkaline_stability_corrosion,doi:10.3390/catal12030337,source_packet_a490f472e63d3b2c,10.3390/catal12030337,WOS:000775757200001,2022,UOR_only,review,identified_record,none,not_addressed,0.9674014658411585,machine_unreviewed,yes
run_51a24a9a75df8a5a,Fe-Co-Ni-Mn-Zn,pba_structural_compatibility,doi:10.3390/catal12030337,source_packet_a490f472e63d3b2c,10.3390/catal12030337,WOS:000775757200001,2022,UOR_only,review,identified_record,none,not_addressed,0.9674014658411585,machine_unreviewed,yes
run_51a24a9a75df8a5a,Fe-Co-Ni-Mn-Zn,uor_activity,doi:10.3390/catal12030337,source_packet_a490f472e63d3b2c,10.3390/catal12030337,WOS:000775757200001,2022,UOR_only,review,exact_chunk_DOI_UT,contextual,support,0.9674014658411585,machine_unreviewed,yes
run_51a24a9a75df8a5a,Fe-Co-Ni-Mn-Zn,uor_activity,wos:WOS_638FB9E9A77B3CA6,source_packet_afcffd790bde94ad,,,,PBA_only,experimental,identified_record,contextual,support,1,human_accepted,yes
run_51a24a9a75df8a5a,Fe-Co-Ni-Mn-Zn,pba_structural_compatibility,wos:WOS_638FB9E9A77B3CA6,source_packet_afcffd790bde94ad,,,,PBA_only,experimental,identified_record,partial,support,1,human_accepted,yes
run_51a24a9a75df8a5a,Fe-Co-Ni-Mn-Zn,uor_activity,wos:WOS_638FB9E9A77B3CA6,source_packet_afcffd790bde94ad,,,,PBA_only,experimental,identified_record,contextual,support,1,human_accepted,yes
run_51a24a9a75df8a5a,Fe-Co-Ni-Mn-Zn,alkaline_stability_corrosion,wos:WOS_638FB9E9A77B3CA6,source_packet_afcffd790bde94ad,,,,PBA_only,experimental,identified_record,partial,support,1,human_accepted,yes
run_51a24a9a75df8a5a,Fe-Co-Ni-Mn-Zn,uor_activity,wos:WOS_638FB9E9A77B3CA6,source_packet_afcffd790bde94ad,,,,PBA_only,experimental,identified_record,contextual,support,1,human_accepted,yes
run_51a24a9a75df8a5a,Fe-Co-Ni-Mn-Zn,alkaline_stability_corrosion,wos:WOS_638FB9E9A77B3CA6,source_packet_afcffd790bde94ad,,,,PBA_only,experimental,identified_record,partial,support,1,human_accepted,yes
run_51a24a9a75df8a5a,Fe-Co-Ni-Mn-Zn,wet_chemical_synthesis,wos:WOS_638FB9E9A77B3CA6,source_packet_afcffd790bde94ad,,,,PBA_only,experimental,identified_record,none,not_addressed,1,human_accepted,yes
run_51a24a9a75df8a5a,Fe-Co-Ni-Mn-Zn,pba_structural_compatibility,wos:WOS_638FB9E9A77B3CA6,source_packet_afcffd790bde94ad,,,,PBA_only,experimental,identified_record,partial,support,1,human_accepted,yes
run_51a24a9a75df8a5a,Fe-Co-Ni-Mn-Zn,uor_activity,wos:WOS_638FB9E9A77B3CA6,source_packet_afcffd790bde94ad,,,,PBA_only,experimental,identified_record,contextual,support,1,human_accepted,yes
run_51a24a9a75df8a5a,Fe-Co-Ni-Mn-Zn,uor_activity,doi:10.1016/j.cej.2024.156767,source_packet_e4257a4112d494b9,10.1016/j.cej.2024.156767,WOS:001341552700001,2024,PBA_only,experimental,identified_record,none,not_addressed,1,human_accepted,yes
run_51a24a9a75df8a5a,Fe-Co-Ni-Mn-Zn,substitution_and_synergy,doi:10.1016/j.cej.2024.156767,source_packet_e4257a4112d494b9,10.1016/j.cej.2024.156767,WOS:001341552700001,2024,PBA_only,experimental,exact_chunk_DOI_UT,overreach,support,1,human_accepted,yes
run_51a24a9a75df8a5a,Fe-Co-Ni-Mn-Zn,substitution_and_synergy,doi:10.1016/j.cej.2024.156767,source_packet_e4257a4112d494b9,10.1016/j.cej.2024.156767,WOS:001341552700001,2024,PBA_only,experimental,exact_chunk_DOI_UT,overreach,support,1,human_accepted,yes
run_51a24a9a75df8a5a,Fe-Co-Ni-Mn-Zn,pba_structural_compatibility,doi:10.1016/j.cej.2024.156767,source_packet_e4257a4112d494b9,10.1016/j.cej.2024.156767,WOS:001341552700001,2024,PBA_only,experimental,abstract_DOI_UT,contextual,support,1,human_accepted,yes
run_51a24a9a75df8a5a,Fe-Co-Ni-Mn-Zn,uor_activity,doi:10.1016/j.cej.2024.156767,source_packet_e4257a4112d494b9,10.1016/j.cej.2024.156767,WOS:001341552700001,2024,PBA_only,experimental,exact_chunk_DOI_UT,overreach,support,1,human_accepted,yes
run_51a24a9a75df8a5a,Fe-Co-Ni-Mn-Zn,alkaline_stability_corrosion,doi:10.1016/j.cej.2024.156767,source_packet_e4257a4112d494b9,10.1016/j.cej.2024.156767,WOS:001341552700001,2024,PBA_only,experimental,exact_chunk_DOI_UT,partial,support,1,human_accepted,yes
run_51a24a9a75df8a5a,Fe-Co-Ni-Mn-Zn,uor_activity,doi:10.1016/j.cej.2024.156767,source_packet_e4257a4112d494b9,10.1016/j.cej.2024.156767,WOS:001341552700001,2024,PBA_only,experimental,identified_record,none,not_addressed,1,human_accepted,yes
run_51a24a9a75df8a5a,Fe-Co-Ni-Mn-Zn,alkaline_stability_corrosion,doi:10.1016/j.cej.2024.156767,source_packet_e4257a4112d494b9,10.1016/j.cej.2024.156767,WOS:001341552700001,2024,PBA_only,experimental,exact_chunk_DOI_UT,partial,support,1,human_accepted,yes
run_51a24a9a75df8a5a,Fe-Co-Ni-Mn-Zn,wet_chemical_synthesis,doi:10.1016/j.cej.2024.156767,source_packet_e4257a4112d494b9,10.1016/j.cej.2024.156767,WOS:001341552700001,2024,PBA_only,experimental,identified_record,none,not_addressed,1,human_accepted,yes
run_51a24a9a75df8a5a,Fe-Co-Ni-Mn-Zn,pba_structural_compatibility,doi:10.1016/j.cej.2024.156767,source_packet_e4257a4112d494b9,10.1016/j.cej.2024.156767,WOS:001341552700001,2024,PBA_only,experimental,abstract_DOI_UT,contextual,support,1,human_accepted,yes
run_51a24a9a75df8a5a,Fe-Co-Ni-Mn-Zn,uor_activity,doi:10.1016/j.cej.2024.156767,source_packet_e4257a4112d494b9,10.1016/j.cej.2024.156767,WOS:001341552700001,2024,PBA_only,experimental,identified_record,none,not_addressed,1,human_accepted,yes
run_51a24a9a75df8a5a,Fe-Co-Ni-Mn-Zn,uor_activity,doi:10.1021/acs.inorgchem.4c03400,source_packet_e8da58807f8cb62b,10.1021/acs.inorgchem.4c03400,WOS:001324200900001,2024,UOR_only,experimental,exact_chunk_DOI_UT,partial,support,0.9674014658411585,machine_unreviewed,yes
run_51a24a9a75df8a5a,Fe-Co-Ni-Mn-Zn,substitution_and_synergy,doi:10.1021/acs.inorgchem.4c03400,source_packet_e8da58807f8cb62b,10.1021/acs.inorgchem.4c03400,WOS:001324200900001,2024,UOR_only,experimental,identified_record,none,not_addressed,0.9674014658411585,machine_unreviewed,yes
run_51a24a9a75df8a5a,Fe-Co-Ni-Mn-Zn,substitution_and_synergy,doi:10.1021/acs.inorgchem.4c03400,source_packet_e8da58807f8cb62b,10.1021/acs.inorgchem.4c03400,WOS:001324200900001,2024,UOR_only,experimental,identified_record,none,not_addressed,0.9674014658411585,machine_unreviewed,yes
run_51a24a9a75df8a5a,Fe-Co-Ni-Mn-Zn,pba_structural_compatibility,doi:10.1021/acs.inorgchem.4c03400,source_packet_e8da58807f8cb62b,10.1021/acs.inorgchem.4c03400,WOS:001324200900001,2024,UOR_only,experimental,identified_record,none,not_addressed,0.9674014658411585,machine_unreviewed,yes
run_51a24a9a75df8a5a,Fe-Co-Ni-Mn-Zn,alkaline_stability_corrosion,doi:10.1021/acs.inorgchem.4c03400,source_packet_e8da58807f8cb62b,10.1021/acs.inorgchem.4c03400,WOS:001324200900001,2024,UOR_only,experimental,abstract_DOI_UT,contextual,support,0.9674014658411585,machine_unreviewed,yes
run_51a24a9a75df8a5a,Fe-Co-Ni-Mn-Zn,uor_activity,doi:10.1021/acs.inorgchem.4c03400,source_packet_e8da58807f8cb62b,10.1021/acs.inorgchem.4c03400,WOS:001324200900001,2024,UOR_only,experimental,exact_chunk_DOI_UT,partial,support,0.9674014658411585,machine_unreviewed,yes
run_51a24a9a75df8a5a,Fe-Co-Ni-Mn-Zn,alkaline_stability_corrosion,doi:10.1021/acs.inorgchem.4c03400,source_packet_e8da58807f8cb62b,10.1021/acs.inorgchem.4c03400,WOS:001324200900001,2024,UOR_only,experimental,abstract_DOI_UT,contextual,support,0.9674014658411585,machine_unreviewed,yes
run_51a24a9a75df8a5a,Fe-Co-Ni-Mn-Zn,wet_chemical_synthesis,doi:10.1021/acs.inorgchem.4c03400,source_packet_e8da58807f8cb62b,10.1021/acs.inorgchem.4c03400,WOS:001324200900001,2024,UOR_only,experimental,abstract_DOI_UT,contextual,support,0.9674014658411585,machine_unreviewed,yes
run_51a24a9a75df8a5a,Fe-Co-Ni-Mn-Zn,pba_structural_compatibility,doi:10.1021/acs.inorgchem.4c03400,source_packet_e8da58807f8cb62b,10.1021/acs.inorgchem.4c03400,WOS:001324200900001,2024,UOR_only,experimental,identified_record,none,not_addressed,0.9674014658411585,machine_unreviewed,yes
run_51a24a9a75df8a5a,Fe-Co-Ni-Mn-Zn,uor_activity,doi:10.1002/ppsc.202300103,source_packet_ebef1bbd5071e09c,10.1002/ppsc.202300103,WOS:001060903400001,2024,UOR_only,experimental,exact_chunk_DOI_UT,partial,support,0.9674014658411585,machine_unreviewed,yes
run_51a24a9a75df8a5a,Fe-Co-Ni-Mn-Zn,substitution_and_synergy,doi:10.1002/ppsc.202300103,source_packet_ebef1bbd5071e09c,10.1002/ppsc.202300103,WOS:001060903400001,2024,UOR_only,experimental,identified_record,none,not_addressed,0.9674014658411585,machine_unreviewed,yes
run_51a24a9a75df8a5a,Fe-Co-Ni-Mn-Zn,substitution_and_synergy,doi:10.1002/ppsc.202300103,source_packet_ebef1bbd5071e09c,10.1002/ppsc.202300103,WOS:001060903400001,2024,UOR_only,experimental,identified_record,none,not_addressed,0.9674014658411585,machine_unreviewed,yes
run_51a24a9a75df8a5a,Fe-Co-Ni-Mn-Zn,pba_structural_compatibility,doi:10.1002/ppsc.202300103,source_packet_ebef1bbd5071e09c,10.1002/ppsc.202300103,WOS:001060903400001,2024,UOR_only,experimental,identified_record,none,not_addressed,0.9674014658411585,machine_unreviewed,yes
run_51a24a9a75df8a5a,Fe-Co-Ni-Mn-Zn,wet_chemical_synthesis,doi:10.1002/ppsc.202300103,source_packet_ebef1bbd5071e09c,10.1002/ppsc.202300103,WOS:001060903400001,2024,UOR_only,experimental,identified_record,none,not_addressed,0.9674014658411585,machine_unreviewed,yes
run_51a24a9a75df8a5a,Fe-Co-Ni-Mn-Zn,pba_structural_compatibility,doi:10.1002/ppsc.202300103,source_packet_ebef1bbd5071e09c,10.1002/ppsc.202300103,WOS:001060903400001,2024,UOR_only,experimental,identified_record,none,not_addressed,0.9674014658411585,machine_unreviewed,yes
run_51a24a9a75df8a5a,Fe-Co-Ni-Mn-Zn,uor_activity,wos:WOS_862A15276CA78181,source_packet_f04d68a549ddb304,,,,substitution,experimental,identified_record,partial,support,0.9674014658411585,machine_unreviewed,yes
run_51a24a9a75df8a5a,Fe-Co-Ni-Mn-Zn,substitution_and_synergy,wos:WOS_862A15276CA78181,source_packet_f04d68a549ddb304,,,,substitution,experimental,identified_record,partial,support,0.9674014658411585,machine_unreviewed,yes
run_51a24a9a75df8a5a,Fe-Co-Ni-Mn-Zn,pba_structural_compatibility,wos:WOS_862A15276CA78181,source_packet_f04d68a549ddb304,,,,substitution,experimental,identified_record,contextual,support,0.9674014658411585,machine_unreviewed,yes
run_51a24a9a75df8a5a,Fe-Co-Ni-Mn-Zn,alkaline_stability_corrosion,wos:WOS_862A15276CA78181,source_packet_f04d68a549ddb304,,,,substitution,experimental,identified_record,none,not_addressed,0.9674014658411585,machine_unreviewed,yes
run_51a24a9a75df8a5a,Fe-Co-Ni-Mn-Zn,alkaline_stability_corrosion,wos:WOS_862A15276CA78181,source_packet_f04d68a549ddb304,,,,substitution,experimental,identified_record,none,not_addressed,0.9674014658411585,machine_unreviewed,yes
run_51a24a9a75df8a5a,Fe-Co-Ni-Mn-Zn,pba_structural_compatibility,wos:WOS_862A15276CA78181,source_packet_f04d68a549ddb304,,,,substitution,experimental,identified_record,contextual,support,0.9674014658411585,machine_unreviewed,yes
run_51a24a9a75df8a5a,Fe-Co-Ni-Mn-Zn,uor_activity,wos:WOS_BC7A3E899D5FCB65,source_packet_f516e23cfc5572d2,,,,PBA_only,experimental,identified_record,none,not_addressed,0.9674014658411585,machine_unreviewed,yes
run_51a24a9a75df8a5a,Fe-Co-Ni-Mn-Zn,substitution_and_synergy,wos:WOS_BC7A3E899D5FCB65,source_packet_f516e23cfc5572d2,,,,PBA_only,experimental,identified_record,contextual,support,0.9674014658411585,machine_unreviewed,yes
run_51a24a9a75df8a5a,Fe-Co-Ni-Mn-Zn,substitution_and_synergy,wos:WOS_BC7A3E899D5FCB65,source_packet_f516e23cfc5572d2,,,,PBA_only,experimental,identified_record,contextual,support,0.9674014658411585,machine_unreviewed,yes
run_51a24a9a75df8a5a,Fe-Co-Ni-Mn-Zn,pba_structural_compatibility,wos:WOS_BC7A3E899D5FCB65,source_packet_f516e23cfc5572d2,,,,PBA_only,experimental,identified_record,contextual,support,0.9674014658411585,machine_unreviewed,yes
run_51a24a9a75df8a5a,Fe-Co-Ni-Mn-Zn,uor_activity,wos:WOS_BC7A3E899D5FCB65,source_packet_f516e23cfc5572d2,,,,PBA_only,experimental,identified_record,none,not_addressed,0.9674014658411585,machine_unreviewed,yes
run_51a24a9a75df8a5a,Fe-Co-Ni-Mn-Zn,alkaline_stability_corrosion,wos:WOS_BC7A3E899D5FCB65,source_packet_f516e23cfc5572d2,,,,PBA_only,experimental,identified_record,partial,support,0.9674014658411585,machine_unreviewed,yes
run_51a24a9a75df8a5a,Fe-Co-Ni-Mn-Zn,uor_activity,wos:WOS_BC7A3E899D5FCB65,source_packet_f516e23cfc5572d2,,,,PBA_only,experimental,identified_record,none,not_addressed,0.9674014658411585,machine_unreviewed,yes
run_51a24a9a75df8a5a,Fe-Co-Ni-Mn-Zn,alkaline_stability_corrosion,wos:WOS_BC7A3E899D5FCB65,source_packet_f516e23cfc5572d2,,,,PBA_only,experimental,identified_record,partial,support,0.9674014658411585,machine_unreviewed,yes
run_51a24a9a75df8a5a,Fe-Co-Ni-Mn-Zn,wet_chemical_synthesis,wos:WOS_BC7A3E899D5FCB65,source_packet_f516e23cfc5572d2,,,,PBA_only,experimental,identified_record,none,not_addressed,0.9674014658411585,machine_unreviewed,yes
run_51a24a9a75df8a5a,Fe-Co-Ni-Mn-Zn,pba_structural_compatibility,wos:WOS_BC7A3E899D5FCB65,source_packet_f516e23cfc5572d2,,,,PBA_only,experimental,identified_record,contextual,support,0.9674014658411585,machine_unreviewed,yes
run_51a24a9a75df8a5a,Fe-Co-Ni-Mn-Zn,uor_activity,wos:WOS_BC7A3E899D5FCB65,source_packet_f516e23cfc5572d2,,,,PBA_only,experimental,identified_record,none,not_addressed,0.9674014658411585,machine_unreviewed,yes
run_792c4b213139c5a4,Fe-Co-Ni-Mn-Zn,uor_activity,wos:WOS_B91425823637AB03,source_packet_0a2b4c6c6b116b20,,,,PBA_only,experimental,identified_record,none,not_addressed,1,human_accepted,yes
run_792c4b213139c5a4,Fe-Co-Ni-Mn-Zn,substitution_and_synergy,wos:WOS_B91425823637AB03,source_packet_0a2b4c6c6b116b20,,,,PBA_only,experimental,identified_record,none,not_addressed,1,human_accepted,yes
run_792c4b213139c5a4,Fe-Co-Ni-Mn-Zn,uor_activity,wos:WOS_B91425823637AB03,source_packet_0a2b4c6c6b116b20,,,,PBA_only,experimental,identified_record,none,not_addressed,1,human_accepted,yes
run_792c4b213139c5a4,Fe-Co-Ni-Mn-Zn,uor_activity,wos:WOS_B91425823637AB03,source_packet_0a2b4c6c6b116b20,,,,PBA_only,experimental,identified_record,none,not_addressed,1,human_accepted,yes
run_792c4b213139c5a4,Fe-Co-Ni-Mn-Zn,pba_structural_compatibility,wos:WOS_B91425823637AB03,source_packet_0a2b4c6c6b116b20,,,,PBA_only,experimental,identified_record,partial,mixed,1,human_accepted,yes
run_792c4b213139c5a4,Fe-Co-Ni-Mn-Zn,wet_chemical_synthesis,wos:WOS_B91425823637AB03,source_packet_0a2b4c6c6b116b20,,,,PBA_only,experimental,identified_record,partial,support,1,human_accepted,yes
run_792c4b213139c5a4,Fe-Co-Ni-Mn-Zn,substitution_and_synergy,doi:10.1016/j.ccr.2021.214144,source_packet_0ddc1f054955fe66,10.1016/j.ccr.2021.214144,WOS:000692520700005,2021,foundational,review,exact_chunk_DOI_UT,contextual,support,1,human_accepted,yes
run_792c4b213139c5a4,Fe-Co-Ni-Mn-Zn,uor_activity,doi:10.1016/j.ccr.2021.214144,source_packet_0ddc1f054955fe66,10.1016/j.ccr.2021.214144,WOS:000692520700005,2021,foundational,review,exact_chunk_DOI_UT,contextual,support,1,human_accepted,yes
run_792c4b213139c5a4,Fe-Co-Ni-Mn-Zn,uor_activity,doi:10.1016/j.ccr.2021.214144,source_packet_0ddc1f054955fe66,10.1016/j.ccr.2021.214144,WOS:000692520700005,2021,foundational,review,exact_chunk_DOI_UT,contextual,support,1,human_accepted,yes
run_792c4b213139c5a4,Fe-Co-Ni-Mn-Zn,alkaline_stability_corrosion,doi:10.1016/j.ccr.2021.214144,source_packet_0ddc1f054955fe66,10.1016/j.ccr.2021.214144,WOS:000692520700005,2021,foundational,review,exact_chunk_DOI_UT,contextual,support,1,human_accepted,yes
run_792c4b213139c5a4,Fe-Co-Ni-Mn-Zn,pba_structural_compatibility,doi:10.1016/j.ccr.2021.214144,source_packet_0ddc1f054955fe66,10.1016/j.ccr.2021.214144,WOS:000692520700005,2021,foundational,review,exact_chunk_DOI_UT,contextual,support,1,human_accepted,yes
run_792c4b213139c5a4,Fe-Co-Ni-Mn-Zn,alkaline_stability_corrosion,doi:10.1016/j.ccr.2021.214144,source_packet_0ddc1f054955fe66,10.1016/j.ccr.2021.214144,WOS:000692520700005,2021,foundational,review,exact_chunk_DOI_UT,contextual,support,1,human_accepted,yes
run_792c4b213139c5a4,Fe-Co-Ni-Mn-Zn,alkaline_stability_corrosion,doi:10.1016/j.ccr.2021.214144,source_packet_0ddc1f054955fe66,10.1016/j.ccr.2021.214144,WOS:000692520700005,2021,foundational,review,exact_chunk_DOI_UT,contextual,support,1,human_accepted,yes
run_792c4b213139c5a4,Fe-Co-Ni-Mn-Zn,wet_chemical_synthesis,doi:10.1016/j.ccr.2021.214144,source_packet_0ddc1f054955fe66,10.1016/j.ccr.2021.214144,WOS:000692520700005,2021,foundational,review,identified_record,none,not_addressed,1,human_accepted,yes
run_792c4b213139c5a4,Fe-Co-Ni-Mn-Zn,wet_chemical_synthesis,doi:10.1016/j.ccr.2021.214144,source_packet_0ddc1f054955fe66,10.1016/j.ccr.2021.214144,WOS:000692520700005,2021,foundational,review,identified_record,none,not_addressed,1,human_accepted,yes
run_792c4b213139c5a4,Fe-Co-Ni-Mn-Zn,uor_activity,wos:WOS_03749171CEB3A7EF,source_packet_13766041d6d0aab7,,,,PBA_only,experimental,identified_record,none,not_addressed,1,human_accepted,yes
run_792c4b213139c5a4,Fe-Co-Ni-Mn-Zn,substitution_and_synergy,wos:WOS_03749171CEB3A7EF,source_packet_13766041d6d0aab7,,,,PBA_only,experimental,identified_record,none,not_addressed,1,human_accepted,yes
run_792c4b213139c5a4,Fe-Co-Ni-Mn-Zn,uor_activity,wos:WOS_03749171CEB3A7EF,source_packet_13766041d6d0aab7,,,,PBA_only,experimental,identified_record,none,not_addressed,1,human_accepted,yes
run_792c4b213139c5a4,Fe-Co-Ni-Mn-Zn,uor_activity,wos:WOS_03749171CEB3A7EF,source_packet_13766041d6d0aab7,,,,PBA_only,experimental,identified_record,none,not_addressed,1,human_accepted,yes
run_792c4b213139c5a4,Fe-Co-Ni-Mn-Zn,alkaline_stability_corrosion,wos:WOS_03749171CEB3A7EF,source_packet_13766041d6d0aab7,,,,PBA_only,experimental,identified_record,none,not_addressed,1,human_accepted,yes
run_792c4b213139c5a4,Fe-Co-Ni-Mn-Zn,pba_structural_compatibility,wos:WOS_03749171CEB3A7EF,source_packet_13766041d6d0aab7,,,,PBA_only,experimental,identified_record,contextual,support,1,human_accepted,yes
run_792c4b213139c5a4,Fe-Co-Ni-Mn-Zn,alkaline_stability_corrosion,wos:WOS_03749171CEB3A7EF,source_packet_13766041d6d0aab7,,,,PBA_only,experimental,identified_record,none,not_addressed,1,human_accepted,yes
run_792c4b213139c5a4,Fe-Co-Ni-Mn-Zn,alkaline_stability_corrosion,wos:WOS_03749171CEB3A7EF,source_packet_13766041d6d0aab7,,,,PBA_only,experimental,identified_record,none,not_addressed,1,human_accepted,yes
run_792c4b213139c5a4,Fe-Co-Ni-Mn-Zn,wet_chemical_synthesis,wos:WOS_03749171CEB3A7EF,source_packet_13766041d6d0aab7,,,,PBA_only,experimental,identified_record,none,not_addressed,1,human_accepted,yes
run_792c4b213139c5a4,Fe-Co-Ni-Mn-Zn,wet_chemical_synthesis,wos:WOS_03749171CEB3A7EF,source_packet_13766041d6d0aab7,,,,PBA_only,experimental,identified_record,none,not_addressed,1,human_accepted,yes
run_792c4b213139c5a4,Fe-Co-Ni-Mn-Zn,uor_activity,wos:WOS_A7A85EDE9F6153F4,source_packet_209c494fb1e536da,,,,direct_PBA_UOR,experimental,identified_record,contextual,support,1,human_accepted,yes
run_792c4b213139c5a4,Fe-Co-Ni-Mn-Zn,substitution_and_synergy,wos:WOS_A7A85EDE9F6153F4,source_packet_209c494fb1e536da,,,,direct_PBA_UOR,experimental,identified_record,none,not_addressed,1,human_accepted,yes
run_792c4b213139c5a4,Fe-Co-Ni-Mn-Zn,pba_structural_compatibility,wos:WOS_A7A85EDE9F6153F4,source_packet_209c494fb1e536da,,,,direct_PBA_UOR,experimental,identified_record,contextual,support,1,human_accepted,yes
run_792c4b213139c5a4,Fe-Co-Ni-Mn-Zn,uor_activity,wos:WOS_A7A85EDE9F6153F4,source_packet_209c494fb1e536da,,,,direct_PBA_UOR,experimental,identified_record,none,not_addressed,1,human_accepted,yes
run_792c4b213139c5a4,Fe-Co-Ni-Mn-Zn,uor_activity,wos:WOS_A7A85EDE9F6153F4,source_packet_209c494fb1e536da,,,,direct_PBA_UOR,experimental,identified_record,none,not_addressed,1,human_accepted,yes
run_792c4b213139c5a4,Fe-Co-Ni-Mn-Zn,pba_structural_compatibility,wos:WOS_A7A85EDE9F6153F4,source_packet_209c494fb1e536da,,,,direct_PBA_UOR,experimental,identified_record,none,not_addressed,1,human_accepted,yes
run_792c4b213139c5a4,Fe-Co-Ni-Mn-Zn,wet_chemical_synthesis,wos:WOS_A7A85EDE9F6153F4,source_packet_209c494fb1e536da,,,,direct_PBA_UOR,experimental,identified_record,partial,support,1,human_accepted,yes
run_792c4b213139c5a4,Fe-Co-Ni-Mn-Zn,wet_chemical_synthesis,wos:WOS_A7A85EDE9F6153F4,source_packet_209c494fb1e536da,,,,direct_PBA_UOR,experimental,identified_record,contextual,support,1,human_accepted,yes
run_792c4b213139c5a4,Fe-Co-Ni-Mn-Zn,uor_activity,doi:10.1039/d3dt01008b,source_packet_791771c9249b67ad,10.1039/d3dt01008b,WOS:001032567600001,2023,PBA_only,experimental,identified_record,none,not_addressed,1,human_accepted,yes
run_792c4b213139c5a4,Fe-Co-Ni-Mn-Zn,substitution_and_synergy,doi:10.1039/d3dt01008b,source_packet_791771c9249b67ad,10.1039/d3dt01008b,WOS:001032567600001,2023,PBA_only,experimental,identified_record,none,not_addressed,1,human_accepted,yes
run_792c4b213139c5a4,Fe-Co-Ni-Mn-Zn,pba_structural_compatibility,doi:10.1039/d3dt01008b,source_packet_791771c9249b67ad,10.1039/d3dt01008b,WOS:001032567600001,2023,PBA_only,experimental,abstract_DOI_UT,contextual,support,1,human_accepted,yes
run_792c4b213139c5a4,Fe-Co-Ni-Mn-Zn,uor_activity,doi:10.1039/d3dt01008b,source_packet_791771c9249b67ad,10.1039/d3dt01008b,WOS:001032567600001,2023,PBA_only,experimental,identified_record,none,not_addressed,1,human_accepted,yes
run_792c4b213139c5a4,Fe-Co-Ni-Mn-Zn,uor_activity,doi:10.1039/d3dt01008b,source_packet_791771c9249b67ad,10.1039/d3dt01008b,WOS:001032567600001,2023,PBA_only,experimental,identified_record,none,not_addressed,1,human_accepted,yes
run_792c4b213139c5a4,Fe-Co-Ni-Mn-Zn,pba_structural_compatibility,doi:10.1039/d3dt01008b,source_packet_791771c9249b67ad,10.1039/d3dt01008b,WOS:001032567600001,2023,PBA_only,experimental,abstract_DOI_UT,contextual,support,1,human_accepted,yes
run_792c4b213139c5a4,Fe-Co-Ni-Mn-Zn,uor_activity,wos:WOS_1F259D39F4BEC606,source_packet_8b97166dd96707e0,,,,substitution,experimental,identified_record,partial,support,1,human_accepted,yes
run_792c4b213139c5a4,Fe-Co-Ni-Mn-Zn,substitution_and_synergy,wos:WOS_1F259D39F4BEC606,source_packet_8b97166dd96707e0,,,,substitution,experimental,identified_record,partial,support,1,human_accepted,yes
run_792c4b213139c5a4,Fe-Co-Ni-Mn-Zn,pba_structural_compatibility,wos:WOS_1F259D39F4BEC606,source_packet_8b97166dd96707e0,,,,substitution,experimental,identified_record,none,not_addressed,1,human_accepted,yes
run_792c4b213139c5a4,Fe-Co-Ni-Mn-Zn,alkaline_stability_corrosion,wos:WOS_1F259D39F4BEC606,source_packet_8b97166dd96707e0,,,,substitution,experimental,identified_record,contextual,support,1,human_accepted,yes
run_792c4b213139c5a4,Fe-Co-Ni-Mn-Zn,pba_structural_compatibility,wos:WOS_1F259D39F4BEC606,source_packet_8b97166dd96707e0,,,,substitution,experimental,identified_record,none,not_addressed,1,human_accepted,yes
run_792c4b213139c5a4,Fe-Co-Ni-Mn-Zn,alkaline_stability_corrosion,wos:WOS_1F259D39F4BEC606,source_packet_8b97166dd96707e0,,,,substitution,experimental,identified_record,contextual,support,1,human_accepted,yes
run_792c4b213139c5a4,Fe-Co-Ni-Mn-Zn,alkaline_stability_corrosion,wos:WOS_1F259D39F4BEC606,source_packet_8b97166dd96707e0,,,,substitution,experimental,identified_record,contextual,support,1,human_accepted,yes
run_792c4b213139c5a4,Fe-Co-Ni-Mn-Zn,wet_chemical_synthesis,wos:WOS_1F259D39F4BEC606,source_packet_8b97166dd96707e0,,,,substitution,experimental,identified_record,contextual,support,1,human_accepted,yes
run_792c4b213139c5a4,Fe-Co-Ni-Mn-Zn,wet_chemical_synthesis,wos:WOS_1F259D39F4BEC606,source_packet_8b97166dd96707e0,,,,substitution,experimental,identified_record,contextual,support,1,human_accepted,yes
run_792c4b213139c5a4,Fe-Co-Ni-Mn-Zn,substitution_and_synergy,chunk:e76c6cf1c2b8d20045d09ee19f4ac2ba08d8eda6cf2583d72369aa404ff7d3f3,source_packet_b2402d359d151d56,,,,PBA_only,experimental,partition_only,contextual,support,1,human_accepted,yes
run_792c4b213139c5a4,Fe-Co-Ni-Mn-Zn,uor_activity,chunk:e76c6cf1c2b8d20045d09ee19f4ac2ba08d8eda6cf2583d72369aa404ff7d3f3,source_packet_b2402d359d151d56,,,,PBA_only,experimental,partition_only,contextual,support,1,human_accepted,yes
run_792c4b213139c5a4,Fe-Co-Ni-Mn-Zn,uor_activity,chunk:e76c6cf1c2b8d20045d09ee19f4ac2ba08d8eda6cf2583d72369aa404ff7d3f3,source_packet_b2402d359d151d56,,,,PBA_only,experimental,partition_only,contextual,support,1,human_accepted,yes
run_792c4b213139c5a4,Fe-Co-Ni-Mn-Zn,alkaline_stability_corrosion,chunk:e76c6cf1c2b8d20045d09ee19f4ac2ba08d8eda6cf2583d72369aa404ff7d3f3,source_packet_b2402d359d151d56,,,,PBA_only,experimental,partition_only,none,not_addressed,1,human_accepted,yes
run_792c4b213139c5a4,Fe-Co-Ni-Mn-Zn,pba_structural_compatibility,chunk:e76c6cf1c2b8d20045d09ee19f4ac2ba08d8eda6cf2583d72369aa404ff7d3f3,source_packet_b2402d359d151d56,,,,PBA_only,experimental,partition_only,contextual,support,1,human_accepted,yes
run_792c4b213139c5a4,Fe-Co-Ni-Mn-Zn,alkaline_stability_corrosion,chunk:e76c6cf1c2b8d20045d09ee19f4ac2ba08d8eda6cf2583d72369aa404ff7d3f3,source_packet_b2402d359d151d56,,,,PBA_only,experimental,partition_only,none,not_addressed,1,human_accepted,yes
run_792c4b213139c5a4,Fe-Co-Ni-Mn-Zn,alkaline_stability_corrosion,chunk:e76c6cf1c2b8d20045d09ee19f4ac2ba08d8eda6cf2583d72369aa404ff7d3f3,source_packet_b2402d359d151d56,,,,PBA_only,experimental,partition_only,none,not_addressed,1,human_accepted,yes
run_792c4b213139c5a4,Fe-Co-Ni-Mn-Zn,wet_chemical_synthesis,chunk:e76c6cf1c2b8d20045d09ee19f4ac2ba08d8eda6cf2583d72369aa404ff7d3f3,source_packet_b2402d359d151d56,,,,PBA_only,experimental,partition_only,none,not_addressed,1,human_accepted,yes
run_792c4b213139c5a4,Fe-Co-Ni-Mn-Zn,wet_chemical_synthesis,chunk:e76c6cf1c2b8d20045d09ee19f4ac2ba08d8eda6cf2583d72369aa404ff7d3f3,source_packet_b2402d359d151d56,,,,PBA_only,experimental,partition_only,none,not_addressed,1,human_accepted,yes
run_792c4b213139c5a4,Fe-Co-Ni-Mn-Zn,uor_activity,wos:WOS_862A15276CA78181,source_packet_d411e9ea1c74372f,,,,substitution,experimental,identified_record,partial,support,1,human_accepted,yes
run_792c4b213139c5a4,Fe-Co-Ni-Mn-Zn,substitution_and_synergy,wos:WOS_862A15276CA78181,source_packet_d411e9ea1c74372f,,,,substitution,experimental,identified_record,partial,support,1,human_accepted,yes
run_792c4b213139c5a4,Fe-Co-Ni-Mn-Zn,pba_structural_compatibility,wos:WOS_862A15276CA78181,source_packet_d411e9ea1c74372f,,,,substitution,experimental,identified_record,contextual,support,1,human_accepted,yes
run_792c4b213139c5a4,Fe-Co-Ni-Mn-Zn,alkaline_stability_corrosion,wos:WOS_862A15276CA78181,source_packet_d411e9ea1c74372f,,,,substitution,experimental,identified_record,none,not_addressed,1,human_accepted,yes
run_792c4b213139c5a4,Fe-Co-Ni-Mn-Zn,pba_structural_compatibility,wos:WOS_862A15276CA78181,source_packet_d411e9ea1c74372f,,,,substitution,experimental,identified_record,contextual,support,1,human_accepted,yes
run_792c4b213139c5a4,Fe-Co-Ni-Mn-Zn,alkaline_stability_corrosion,wos:WOS_862A15276CA78181,source_packet_d411e9ea1c74372f,,,,substitution,experimental,identified_record,none,not_addressed,1,human_accepted,yes
run_792c4b213139c5a4,Fe-Co-Ni-Mn-Zn,alkaline_stability_corrosion,wos:WOS_862A15276CA78181,source_packet_d411e9ea1c74372f,,,,substitution,experimental,identified_record,none,not_addressed,1,human_accepted,yes
run_792c4b213139c5a4,Fe-Co-Ni-Mn-Zn,wet_chemical_synthesis,wos:WOS_862A15276CA78181,source_packet_d411e9ea1c74372f,,,,substitution,experimental,identified_record,partial,support,1,human_accepted,yes
run_792c4b213139c5a4,Fe-Co-Ni-Mn-Zn,uor_activity,wos:WOS_E623C2D53F8688C9,source_packet_e23b793ca818138d,,,,PBA_only,experimental,identified_record,none,not_addressed,0.9674014658411585,machine_unreviewed,yes
run_792c4b213139c5a4,Fe-Co-Ni-Mn-Zn,substitution_and_synergy,wos:WOS_E623C2D53F8688C9,source_packet_e23b793ca818138d,,,,PBA_only,experimental,identified_record,none,not_addressed,0.9674014658411585,machine_unreviewed,yes
run_792c4b213139c5a4,Fe-Co-Ni-Mn-Zn,uor_activity,wos:WOS_E623C2D53F8688C9,source_packet_e23b793ca818138d,,,,PBA_only,experimental,identified_record,none,not_addressed,0.9674014658411585,machine_unreviewed,yes
run_792c4b213139c5a4,Fe-Co-Ni-Mn-Zn,uor_activity,wos:WOS_E623C2D53F8688C9,source_packet_e23b793ca818138d,,,,PBA_only,experimental,identified_record,none,not_addressed,0.9674014658411585,machine_unreviewed,yes
run_792c4b213139c5a4,Fe-Co-Ni-Mn-Zn,alkaline_stability_corrosion,wos:WOS_E623C2D53F8688C9,source_packet_e23b793ca818138d,,,,PBA_only,experimental,identified_record,contextual,support,0.9674014658411585,machine_unreviewed,yes
run_792c4b213139c5a4,Fe-Co-Ni-Mn-Zn,wet_chemical_synthesis,wos:WOS_E623C2D53F8688C9,source_packet_e23b793ca818138d,,,,PBA_only,experimental,identified_record,none,not_addressed,0.9674014658411585,machine_unreviewed,yes
run_792c4b213139c5a4,Fe-Co-Ni-Mn-Zn,wet_chemical_synthesis,wos:WOS_E623C2D53F8688C9,source_packet_e23b793ca818138d,,,,PBA_only,experimental,identified_record,none,not_addressed,0.9674014658411585,machine_unreviewed,yes
run_792c4b213139c5a4,Fe-Co-Ni-Mn-Zn,uor_activity,doi:10.101,source_packet_efa01ee3dc7edda9,10.101,,2020,foundational,review,identified_record,none,not_addressed,1,human_accepted,yes
run_792c4b213139c5a4,Fe-Co-Ni-Mn-Zn,substitution_and_synergy,doi:10.101,source_packet_efa01ee3dc7edda9,10.101,,2020,foundational,review,identified_record,none,not_addressed,1,human_accepted,yes
run_792c4b213139c5a4,Fe-Co-Ni-Mn-Zn,pba_structural_compatibility,doi:10.101,source_packet_efa01ee3dc7edda9,10.101,,2020,foundational,review,identified_record,contextual,support,1,human_accepted,yes
run_792c4b213139c5a4,Fe-Co-Ni-Mn-Zn,uor_activity,doi:10.101,source_packet_efa01ee3dc7edda9,10.101,,2020,foundational,review,identified_record,none,not_addressed,1,human_accepted,yes
run_792c4b213139c5a4,Fe-Co-Ni-Mn-Zn,uor_activity,doi:10.101,source_packet_efa01ee3dc7edda9,10.101,,2020,foundational,review,identified_record,none,not_addressed,1,human_accepted,yes
run_792c4b213139c5a4,Fe-Co-Ni-Mn-Zn,pba_structural_compatibility,doi:10.101,source_packet_efa01ee3dc7edda9,10.101,,2020,foundational,review,identified_record,contextual,support,1,human_accepted,yes
run_792c4b213139c5a4,Fe-Co-Ni-Mn-Zn,wet_chemical_synthesis,doi:10.101,source_packet_efa01ee3dc7edda9,10.101,,2020,foundational,review,identified_record,contextual,support,1,human_accepted,yes
run_792c4b213139c5a4,Fe-Co-Ni-Mn-Zn,wet_chemical_synthesis,doi:10.101,source_packet_efa01ee3dc7edda9,10.101,,2020,foundational,review,identified_record,contextual,support,1,human_accepted,yes
run_792c4b213139c5a4,Fe-Co-Ni-Mn-Zn,uor_activity,wos:WOS_1ADC2FB558D8F030,source_packet_f3b56395a7306d9a,,,,direct_PBA_UOR,experimental,identified_record,contextual,support,1,human_accepted,yes
run_792c4b213139c5a4,Fe-Co-Ni-Mn-Zn,substitution_and_synergy,wos:WOS_1ADC2FB558D8F030,source_packet_f3b56395a7306d9a,,,,direct_PBA_UOR,experimental,identified_record,none,not_addressed,1,human_accepted,yes
run_792c4b213139c5a4,Fe-Co-Ni-Mn-Zn,pba_structural_compatibility,wos:WOS_1ADC2FB558D8F030,source_packet_f3b56395a7306d9a,,,,direct_PBA_UOR,experimental,identified_record,contextual,support,1,human_accepted,yes
run_792c4b213139c5a4,Fe-Co-Ni-Mn-Zn,uor_activity,wos:WOS_1ADC2FB558D8F030,source_packet_f3b56395a7306d9a,,,,direct_PBA_UOR,experimental,identified_record,contextual,support,1,human_accepted,yes
run_792c4b213139c5a4,Fe-Co-Ni-Mn-Zn,uor_activity,wos:WOS_1ADC2FB558D8F030,source_packet_f3b56395a7306d9a,,,,direct_PBA_UOR,experimental,identified_record,contextual,support,1,human_accepted,yes
run_792c4b213139c5a4,Fe-Co-Ni-Mn-Zn,alkaline_stability_corrosion,wos:WOS_1ADC2FB558D8F030,source_packet_f3b56395a7306d9a,,,,direct_PBA_UOR,experimental,identified_record,none,not_addressed,1,human_accepted,yes
run_792c4b213139c5a4,Fe-Co-Ni-Mn-Zn,pba_structural_compatibility,wos:WOS_1ADC2FB558D8F030,source_packet_f3b56395a7306d9a,,,,direct_PBA_UOR,experimental,identified_record,contextual,support,1,human_accepted,yes
run_792c4b213139c5a4,Fe-Co-Ni-Mn-Zn,alkaline_stability_corrosion,wos:WOS_1ADC2FB558D8F030,source_packet_f3b56395a7306d9a,,,,direct_PBA_UOR,experimental,identified_record,none,not_addressed,1,human_accepted,yes
run_792c4b213139c5a4,Fe-Co-Ni-Mn-Zn,alkaline_stability_corrosion,wos:WOS_1ADC2FB558D8F030,source_packet_f3b56395a7306d9a,,,,direct_PBA_UOR,experimental,identified_record,none,not_addressed,1,human_accepted,yes
run_792c4b213139c5a4,Fe-Co-Ni-Mn-Zn,wet_chemical_synthesis,wos:WOS_1ADC2FB558D8F030,source_packet_f3b56395a7306d9a,,,,direct_PBA_UOR,experimental,identified_record,contextual,support,1,human_accepted,yes
run_792c4b213139c5a4,Fe-Co-Ni-Mn-Zn,wet_chemical_synthesis,wos:WOS_1ADC2FB558D8F030,source_packet_f3b56395a7306d9a,,,,direct_PBA_UOR,experimental,identified_record,contextual,support,1,human_accepted,yes
run_c0e9ba95a285f559,Fe-Co-Ni-Mn-Zn,uor_activity,doi:10.1039/d2dt02673b,source_packet_2349a0702815ed14,10.1039/d2dt02673b,,2022,UOR_only,experimental,abstract_DOI_UT,partial,support,1,human_accepted,yes
run_c0e9ba95a285f559,Fe-Co-Ni-Mn-Zn,uor_activity,doi:10.1039/d2dt02673b,source_packet_2349a0702815ed14,10.1039/d2dt02673b,,2022,UOR_only,experimental,abstract_DOI_UT,partial,support,1,human_accepted,yes
run_c0e9ba95a285f559,Fe-Co-Ni-Mn-Zn,pba_structural_compatibility,doi:10.1039/d2dt02673b,source_packet_2349a0702815ed14,10.1039/d2dt02673b,,2022,UOR_only,experimental,identified_record,none,not_addressed,1,human_accepted,yes
run_c0e9ba95a285f559,Fe-Co-Ni-Mn-Zn,uor_activity,doi:10.1039/d2dt02673b,source_packet_2349a0702815ed14,10.1039/d2dt02673b,,2022,UOR_only,experimental,abstract_DOI_UT,partial,support,1,human_accepted,yes
run_c0e9ba95a285f559,Fe-Co-Ni-Mn-Zn,pba_structural_compatibility,doi:10.1039/d2dt02673b,source_packet_2349a0702815ed14,10.1039/d2dt02673b,,2022,UOR_only,experimental,identified_record,none,not_addressed,1,human_accepted,yes
run_c0e9ba95a285f559,Fe-Co-Ni-Mn-Zn,alkaline_stability_corrosion,doi:10.1039/d2dt02673b,source_packet_2349a0702815ed14,10.1039/d2dt02673b,,2022,UOR_only,experimental,abstract_DOI_UT,contextual,support,1,human_accepted,yes
run_c0e9ba95a285f559,Fe-Co-Ni-Mn-Zn,pba_structural_compatibility,doi:10.1039/d2dt02673b,source_packet_2349a0702815ed14,10.1039/d2dt02673b,,2022,UOR_only,experimental,identified_record,none,not_addressed,1,human_accepted,yes
run_c0e9ba95a285f559,Fe-Co-Ni-Mn-Zn,wet_chemical_synthesis,doi:10.1039/d2dt02673b,source_packet_2349a0702815ed14,10.1039/d2dt02673b,,2022,UOR_only,experimental,abstract_DOI_UT,contextual,support,1,human_accepted,yes
run_c0e9ba95a285f559,Fe-Co-Ni-Mn-Zn,uor_activity,doi:10.1007/s12274-022-4186-9,source_packet_7f82caec6234ed05,10.1007/s12274-022-4186-9,WOS:000770226500003,2022,substitution,experimental,exact_chunk_DOI_UT,partial,support,1,human_accepted,yes
run_c0e9ba95a285f559,Fe-Co-Ni-Mn-Zn,substitution_and_synergy,doi:10.1007/s12274-022-4186-9,source_packet_7f82caec6234ed05,10.1007/s12274-022-4186-9,WOS:000770226500003,2022,substitution,experimental,abstract_DOI_UT,contextual,support,1,human_accepted,yes
run_c0e9ba95a285f559,Fe-Co-Ni-Mn-Zn,uor_activity,doi:10.1007/s12274-022-4186-9,source_packet_7f82caec6234ed05,10.1007/s12274-022-4186-9,WOS:000770226500003,2022,substitution,experimental,exact_chunk_DOI_UT,partial,support,1,human_accepted,yes
run_c0e9ba95a285f559,Fe-Co-Ni-Mn-Zn,pba_structural_compatibility,doi:10.1007/s12274-022-4186-9,source_packet_7f82caec6234ed05,10.1007/s12274-022-4186-9,WOS:000770226500003,2022,substitution,experimental,identified_record,none,not_addressed,1,human_accepted,yes
run_c0e9ba95a285f559,Fe-Co-Ni-Mn-Zn,uor_activity,doi:10.1007/s12274-022-4186-9,source_packet_7f82caec6234ed05,10.1007/s12274-022-4186-9,WOS:000770226500003,2022,substitution,experimental,exact_chunk_DOI_UT,partial,support,1,human_accepted,yes
run_c0e9ba95a285f559,Fe-Co-Ni-Mn-Zn,pba_structural_compatibility,doi:10.1007/s12274-022-4186-9,source_packet_7f82caec6234ed05,10.1007/s12274-022-4186-9,WOS:000770226500003,2022,substitution,experimental,identified_record,none,not_addressed,1,human_accepted,yes
run_c0e9ba95a285f559,Fe-Co-Ni-Mn-Zn,pba_structural_compatibility,doi:10.1007/s12274-022-4186-9,source_packet_7f82caec6234ed05,10.1007/s12274-022-4186-9,WOS:000770226500003,2022,substitution,experimental,identified_record,none,not_addressed,1,human_accepted,yes
run_c0e9ba95a285f559,Fe-Co-Ni-Mn-Zn,uor_activity,doi:10.1007/s11696-020-01260-9,source_packet_a80ce7173069f598,10.1007/s11696-020-01260-9,WOS:000543608300001,2020,substitution,experimental,exact_chunk_DOI_UT,partial,support,1,human_accepted,yes
run_c0e9ba95a285f559,Fe-Co-Ni-Mn-Zn,substitution_and_synergy,doi:10.1007/s11696-020-01260-9,source_packet_a80ce7173069f598,10.1007/s11696-020-01260-9,WOS:000543608300001,2020,substitution,experimental,identified_record,none,not_addressed,1,human_accepted,yes
run_c0e9ba95a285f559,Fe-Co-Ni-Mn-Zn,uor_activity,doi:10.1007/s11696-020-01260-9,source_packet_a80ce7173069f598,10.1007/s11696-020-01260-9,WOS:000543608300001,2020,substitution,experimental,exact_chunk_DOI_UT,partial,support,1,human_accepted,yes
run_c0e9ba95a285f559,Fe-Co-Ni-Mn-Zn,pba_structural_compatibility,doi:10.1007/s11696-020-01260-9,source_packet_a80ce7173069f598,10.1007/s11696-020-01260-9,WOS:000543608300001,2020,substitution,experimental,abstract_DOI_UT,contextual,support,1,human_accepted,yes
run_c0e9ba95a285f559,Fe-Co-Ni-Mn-Zn,uor_activity,doi:10.1007/s11696-020-01260-9,source_packet_a80ce7173069f598,10.1007/s11696-020-01260-9,WOS:000543608300001,2020,substitution,experimental,exact_chunk_DOI_UT,partial,support,1,human_accepted,yes
run_c0e9ba95a285f559,Fe-Co-Ni-Mn-Zn,pba_structural_compatibility,doi:10.1007/s11696-020-01260-9,source_packet_a80ce7173069f598,10.1007/s11696-020-01260-9,WOS:000543608300001,2020,substitution,experimental,abstract_DOI_UT,contextual,support,1,human_accepted,yes
run_c0e9ba95a285f559,Fe-Co-Ni-Mn-Zn,alkaline_stability_corrosion,doi:10.1007/s11696-020-01260-9,source_packet_a80ce7173069f598,10.1007/s11696-020-01260-9,WOS:000543608300001,2020,substitution,experimental,identified_record,none,not_addressed,1,human_accepted,yes
run_c0e9ba95a285f559,Fe-Co-Ni-Mn-Zn,pba_structural_compatibility,doi:10.1007/s11696-020-01260-9,source_packet_a80ce7173069f598,10.1007/s11696-020-01260-9,WOS:000543608300001,2020,substitution,experimental,abstract_DOI_UT,contextual,support,1,human_accepted,yes
run_c0e9ba95a285f559,Fe-Co-Ni-Mn-Zn,wet_chemical_synthesis,doi:10.1007/s11696-020-01260-9,source_packet_a80ce7173069f598,10.1007/s11696-020-01260-9,WOS:000543608300001,2020,substitution,experimental,abstract_DOI_UT,contextual,support,1,human_accepted,yes
run_c0e9ba95a285f559,Fe-Co-Ni-Mn-Zn,uor_activity,wos:WOS_D0B2D1608E396143,source_packet_c6ca988cef131944,,,,UOR_only,experimental,identified_record,partial,support,0.9674014658411585,machine_unreviewed,yes
run_c0e9ba95a285f559,Fe-Co-Ni-Mn-Zn,substitution_and_synergy,wos:WOS_D0B2D1608E396143,source_packet_c6ca988cef131944,,,,UOR_only,experimental,identified_record,contextual,support,0.9674014658411585,machine_unreviewed,yes
run_c0e9ba95a285f559,Fe-Co-Ni-Mn-Zn,pba_structural_compatibility,wos:WOS_D0B2D1608E396143,source_packet_c6ca988cef131944,,,,UOR_only,experimental,identified_record,none,not_addressed,0.9674014658411585,machine_unreviewed,yes
run_c0e9ba95a285f559,Fe-Co-Ni-Mn-Zn,uor_activity,wos:WOS_D0B2D1608E396143,source_packet_c6ca988cef131944,,,,UOR_only,experimental,identified_record,partial,support,0.9674014658411585,machine_unreviewed,yes
run_c0e9ba95a285f559,Fe-Co-Ni-Mn-Zn,uor_activity,wos:WOS_D0B2D1608E396143,source_packet_c6ca988cef131944,,,,UOR_only,experimental,identified_record,partial,support,0.9674014658411585,machine_unreviewed,yes
run_c0e9ba95a285f559,Fe-Co-Ni-Mn-Zn,pba_structural_compatibility,wos:WOS_D0B2D1608E396143,source_packet_c6ca988cef131944,,,,UOR_only,experimental,identified_record,none,not_addressed,0.9674014658411585,machine_unreviewed,yes
run_c0e9ba95a285f559,Fe-Co-Ni-Mn-Zn,uor_activity,wos:WOS_D0B2D1608E396143,source_packet_c6ca988cef131944,,,,UOR_only,experimental,identified_record,partial,support,0.9674014658411585,machine_unreviewed,yes
run_c0e9ba95a285f559,Fe-Co-Ni-Mn-Zn,alkaline_stability_corrosion,wos:WOS_D0B2D1608E396143,source_packet_c6ca988cef131944,,,,UOR_only,experimental,identified_record,contextual,support,0.9674014658411585,machine_unreviewed,yes
run_c0e9ba95a285f559,Fe-Co-Ni-Mn-Zn,pba_structural_compatibility,wos:WOS_D0B2D1608E396143,source_packet_c6ca988cef131944,,,,UOR_only,experimental,identified_record,none,not_addressed,0.9674014658411585,machine_unreviewed,yes
run_c0e9ba95a285f559,Fe-Co-Ni-Mn-Zn,wet_chemical_synthesis,wos:WOS_D0B2D1608E396143,source_packet_c6ca988cef131944,,,,UOR_only,experimental,identified_record,none,not_addressed,0.9674014658411585,machine_unreviewed,yes
run_1edd3c414c7f50b3,Fe-Co-Ni-Mn-Zn,uor_activity,wos:WOS_B91425823637AB03,source_packet_23264e5a1d11b7ca,,,,PBA_only,experimental,identified_record,none,not_addressed,1,human_accepted,yes
run_1edd3c414c7f50b3,Fe-Co-Ni-Mn-Zn,substitution_and_synergy,wos:WOS_B91425823637AB03,source_packet_23264e5a1d11b7ca,,,,PBA_only,experimental,identified_record,none,not_addressed,1,human_accepted,yes
run_1edd3c414c7f50b3,Fe-Co-Ni-Mn-Zn,uor_activity,wos:WOS_B91425823637AB03,source_packet_23264e5a1d11b7ca,,,,PBA_only,experimental,identified_record,none,not_addressed,1,human_accepted,yes
run_1edd3c414c7f50b3,Fe-Co-Ni-Mn-Zn,uor_activity,wos:WOS_B91425823637AB03,source_packet_23264e5a1d11b7ca,,,,PBA_only,experimental,identified_record,none,not_addressed,1,human_accepted,yes
run_1edd3c414c7f50b3,Fe-Co-Ni-Mn-Zn,wet_chemical_synthesis,wos:WOS_B91425823637AB03,source_packet_23264e5a1d11b7ca,,,,PBA_only,experimental,identified_record,partial,support,1,human_accepted,yes
run_1edd3c414c7f50b3,Fe-Co-Ni-Mn-Zn,pba_structural_compatibility,wos:WOS_B91425823637AB03,source_packet_23264e5a1d11b7ca,,,,PBA_only,experimental,identified_record,partial,mixed,1,human_accepted,yes
run_1edd3c414c7f50b3,Fe-Co-Ni-Mn-Zn,alkaline_stability_corrosion,wos:WOS_E044938C7C2594CA,source_packet_29175805fb9faf03,,,,PBA_only,experimental,identified_record,contextual,support,0.9674014658411585,machine_unreviewed,yes
run_1edd3c414c7f50b3,Fe-Co-Ni-Mn-Zn,uor_activity,wos:WOS_E044938C7C2594CA,source_packet_29175805fb9faf03,,,,PBA_only,experimental,identified_record,none,not_addressed,0.9674014658411585,machine_unreviewed,yes
run_1edd3c414c7f50b3,Fe-Co-Ni-Mn-Zn,substitution_and_synergy,wos:WOS_E044938C7C2594CA,source_packet_29175805fb9faf03,,,,PBA_only,experimental,identified_record,none,not_addressed,0.9674014658411585,machine_unreviewed,yes
run_1edd3c414c7f50b3,Fe-Co-Ni-Mn-Zn,uor_activity,wos:WOS_E044938C7C2594CA,source_packet_29175805fb9faf03,,,,PBA_only,experimental,identified_record,none,not_addressed,0.9674014658411585,machine_unreviewed,yes
run_1edd3c414c7f50b3,Fe-Co-Ni-Mn-Zn,uor_activity,wos:WOS_E044938C7C2594CA,source_packet_29175805fb9faf03,,,,PBA_only,experimental,identified_record,none,not_addressed,0.9674014658411585,machine_unreviewed,yes
run_1edd3c414c7f50b3,Fe-Co-Ni-Mn-Zn,alkaline_stability_corrosion,wos:WOS_E044938C7C2594CA,source_packet_29175805fb9faf03,,,,PBA_only,experimental,identified_record,contextual,support,0.9674014658411585,machine_unreviewed,yes
run_1edd3c414c7f50b3,Fe-Co-Ni-Mn-Zn,alkaline_stability_corrosion,wos:WOS_E044938C7C2594CA,source_packet_29175805fb9faf03,,,,PBA_only,experimental,identified_record,contextual,support,0.9674014658411585,machine_unreviewed,yes
run_1edd3c414c7f50b3,Fe-Co-Ni-Mn-Zn,alkaline_stability_corrosion,wos:WOS_E044938C7C2594CA,source_packet_29175805fb9faf03,,,,PBA_only,experimental,identified_record,contextual,support,0.9674014658411585,machine_unreviewed,yes
run_1edd3c414c7f50b3,Fe-Co-Ni-Mn-Zn,wet_chemical_synthesis,wos:WOS_E044938C7C2594CA,source_packet_29175805fb9faf03,,,,PBA_only,experimental,identified_record,partial,support,0.9674014658411585,machine_unreviewed,yes
run_1edd3c414c7f50b3,Fe-Co-Ni-Mn-Zn,pba_structural_compatibility,doi:10.1016/j.cej.2024.156767,source_packet_5fdca4929ac85fa1,10.1016/j.cej.2024.156767,WOS:001341552700001,2024,PBA_only,experimental,abstract_DOI_UT,contextual,support,1,human_accepted,yes
run_1edd3c414c7f50b3,Fe-Co-Ni-Mn-Zn,alkaline_stability_corrosion,doi:10.1016/j.cej.2024.156767,source_packet_5fdca4929ac85fa1,10.1016/j.cej.2024.156767,WOS:001341552700001,2024,PBA_only,experimental,exact_chunk_DOI_UT,partial,support,1,human_accepted,yes
run_1edd3c414c7f50b3,Fe-Co-Ni-Mn-Zn,uor_activity,doi:10.1016/j.cej.2024.156767,source_packet_5fdca4929ac85fa1,10.1016/j.cej.2024.156767,WOS:001341552700001,2024,PBA_only,experimental,identified_record,none,not_addressed,1,human_accepted,yes
run_1edd3c414c7f50b3,Fe-Co-Ni-Mn-Zn,substitution_and_synergy,doi:10.1016/j.cej.2024.156767,source_packet_5fdca4929ac85fa1,10.1016/j.cej.2024.156767,WOS:001341552700001,2024,PBA_only,experimental,abstract_DOI_UT,contextual,support,1,human_accepted,yes
run_1edd3c414c7f50b3,Fe-Co-Ni-Mn-Zn,pba_structural_compatibility,doi:10.1016/j.cej.2024.156767,source_packet_5fdca4929ac85fa1,10.1016/j.cej.2024.156767,WOS:001341552700001,2024,PBA_only,experimental,abstract_DOI_UT,contextual,support,1,human_accepted,yes
run_1edd3c414c7f50b3,Fe-Co-Ni-Mn-Zn,uor_activity,doi:10.1016/j.cej.2024.156767,source_packet_5fdca4929ac85fa1,10.1016/j.cej.2024.156767,WOS:001341552700001,2024,PBA_only,experimental,exact_chunk_DOI_UT,overreach,support,1,human_accepted,yes
run_1edd3c414c7f50b3,Fe-Co-Ni-Mn-Zn,uor_activity,doi:10.1016/j.cej.2024.156767,source_packet_5fdca4929ac85fa1,10.1016/j.cej.2024.156767,WOS:001341552700001,2024,PBA_only,experimental,exact_chunk_DOI_UT,overreach,support,1,human_accepted,yes
run_1edd3c414c7f50b3,Fe-Co-Ni-Mn-Zn,alkaline_stability_corrosion,doi:10.1016/j.cej.2024.156767,source_packet_5fdca4929ac85fa1,10.1016/j.cej.2024.156767,WOS:001341552700001,2024,PBA_only,experimental,exact_chunk_DOI_UT,partial,support,1,human_accepted,yes
run_1edd3c414c7f50b3,Fe-Co-Ni-Mn-Zn,alkaline_stability_corrosion,doi:10.1016/j.cej.2024.156767,source_packet_5fdca4929ac85fa1,10.1016/j.cej.2024.156767,WOS:001341552700001,2024,PBA_only,experimental,exact_chunk_DOI_UT,partial,support,1,human_accepted,yes
run_1edd3c414c7f50b3,Fe-Co-Ni-Mn-Zn,wet_chemical_synthesis,doi:10.1016/j.cej.2024.156767,source_packet_5fdca4929ac85fa1,10.1016/j.cej.2024.156767,WOS:001341552700001,2024,PBA_only,experimental,identified_record,none,not_addressed,1,human_accepted,yes
run_1edd3c414c7f50b3,Fe-Co-Ni-Mn-Zn,pba_structural_compatibility,doi:10.1016/j.cej.2024.156767,source_packet_5fdca4929ac85fa1,10.1016/j.cej.2024.156767,WOS:001341552700001,2024,PBA_only,experimental,abstract_DOI_UT,contextual,support,1,human_accepted,yes
run_1edd3c414c7f50b3,Fe-Co-Ni-Mn-Zn,alkaline_stability_corrosion,wos:WOS_FAC2111BC83403B8,source_packet_70b58d8156843400,,,,PBA_only,experimental,identified_record,contextual,support,0.9674014658411585,machine_unreviewed,yes
run_1edd3c414c7f50b3,Fe-Co-Ni-Mn-Zn,uor_activity,wos:WOS_FAC2111BC83403B8,source_packet_70b58d8156843400,,,,PBA_only,experimental,identified_record,contextual,support,0.9674014658411585,machine_unreviewed,yes
run_1edd3c414c7f50b3,Fe-Co-Ni-Mn-Zn,pba_structural_compatibility,wos:WOS_FAC2111BC83403B8,source_packet_70b58d8156843400,,,,PBA_only,experimental,identified_record,partial,support,0.9674014658411585,machine_unreviewed,yes
run_1edd3c414c7f50b3,Fe-Co-Ni-Mn-Zn,uor_activity,wos:WOS_FAC2111BC83403B8,source_packet_70b58d8156843400,,,,PBA_only,experimental,identified_record,contextual,support,0.9674014658411585,machine_unreviewed,yes
run_1edd3c414c7f50b3,Fe-Co-Ni-Mn-Zn,uor_activity,wos:WOS_FAC2111BC83403B8,source_packet_70b58d8156843400,,,,PBA_only,experimental,identified_record,contextual,support,0.9674014658411585,machine_unreviewed,yes
run_1edd3c414c7f50b3,Fe-Co-Ni-Mn-Zn,alkaline_stability_corrosion,wos:WOS_FAC2111BC83403B8,source_packet_70b58d8156843400,,,,PBA_only,experimental,identified_record,contextual,support,0.9674014658411585,machine_unreviewed,yes
run_1edd3c414c7f50b3,Fe-Co-Ni-Mn-Zn,alkaline_stability_corrosion,wos:WOS_FAC2111BC83403B8,source_packet_70b58d8156843400,,,,PBA_only,experimental,identified_record,contextual,support,0.9674014658411585,machine_unreviewed,yes
run_1edd3c414c7f50b3,Fe-Co-Ni-Mn-Zn,alkaline_stability_corrosion,wos:WOS_FAC2111BC83403B8,source_packet_70b58d8156843400,,,,PBA_only,experimental,identified_record,contextual,support,0.9674014658411585,machine_unreviewed,yes
run_1edd3c414c7f50b3,Fe-Co-Ni-Mn-Zn,wet_chemical_synthesis,wos:WOS_FAC2111BC83403B8,source_packet_70b58d8156843400,,,,PBA_only,experimental,identified_record,none,not_addressed,0.9674014658411585,machine_unreviewed,yes
run_1edd3c414c7f50b3,Fe-Co-Ni-Mn-Zn,alkaline_stability_corrosion,wos:WOS_E4C2649CC17B5AA4,source_packet_8368aaef11d12c3f,,,,substitution,experimental,identified_record,none,not_addressed,0.9674014658411585,machine_unreviewed,yes
run_1edd3c414c7f50b3,Fe-Co-Ni-Mn-Zn,uor_activity,wos:WOS_E4C2649CC17B5AA4,source_packet_8368aaef11d12c3f,,,,substitution,experimental,identified_record,contextual,support,0.9674014658411585,machine_unreviewed,yes
run_1edd3c414c7f50b3,Fe-Co-Ni-Mn-Zn,substitution_and_synergy,wos:WOS_E4C2649CC17B5AA4,source_packet_8368aaef11d12c3f,,,,substitution,experimental,identified_record,none,not_addressed,0.9674014658411585,machine_unreviewed,yes
run_1edd3c414c7f50b3,Fe-Co-Ni-Mn-Zn,pba_structural_compatibility,wos:WOS_E4C2649CC17B5AA4,source_packet_8368aaef11d12c3f,,,,substitution,experimental,identified_record,contextual,support,0.9674014658411585,machine_unreviewed,yes
run_1edd3c414c7f50b3,Fe-Co-Ni-Mn-Zn,alkaline_stability_corrosion,wos:WOS_E4C2649CC17B5AA4,source_packet_8368aaef11d12c3f,,,,substitution,experimental,identified_record,none,not_addressed,0.9674014658411585,machine_unreviewed,yes
run_1edd3c414c7f50b3,Fe-Co-Ni-Mn-Zn,alkaline_stability_corrosion,wos:WOS_E4C2649CC17B5AA4,source_packet_8368aaef11d12c3f,,,,substitution,experimental,identified_record,none,not_addressed,0.9674014658411585,machine_unreviewed,yes
run_1edd3c414c7f50b3,Fe-Co-Ni-Mn-Zn,alkaline_stability_corrosion,wos:WOS_E4C2649CC17B5AA4,source_packet_8368aaef11d12c3f,,,,substitution,experimental,identified_record,none,not_addressed,0.9674014658411585,machine_unreviewed,yes
run_1edd3c414c7f50b3,Fe-Co-Ni-Mn-Zn,wet_chemical_synthesis,wos:WOS_E4C2649CC17B5AA4,source_packet_8368aaef11d12c3f,,,,substitution,experimental,identified_record,none,not_addressed,0.9674014658411585,machine_unreviewed,yes
run_1edd3c414c7f50b3,Fe-Co-Ni-Mn-Zn,uor_activity,wos:WOS_0C97F56341BF4174,source_packet_e55899389686fe22,,,,PBA_only,experimental,identified_record,none,not_addressed,1,human_accepted,yes
run_1edd3c414c7f50b3,Fe-Co-Ni-Mn-Zn,substitution_and_synergy,wos:WOS_0C97F56341BF4174,source_packet_e55899389686fe22,,,,PBA_only,experimental,identified_record,none,not_addressed,1,human_accepted,yes
run_1edd3c414c7f50b3,Fe-Co-Ni-Mn-Zn,uor_activity,wos:WOS_0C97F56341BF4174,source_packet_e55899389686fe22,,,,PBA_only,experimental,identified_record,none,not_addressed,1,human_accepted,yes
run_1edd3c414c7f50b3,Fe-Co-Ni-Mn-Zn,uor_activity,wos:WOS_0C97F56341BF4174,source_packet_e55899389686fe22,,,,PBA_only,experimental,identified_record,none,not_addressed,1,human_accepted,yes
run_1edd3c414c7f50b3,Fe-Co-Ni-Mn-Zn,alkaline_stability_corrosion,wos:WOS_0C97F56341BF4174,source_packet_e55899389686fe22,,,,PBA_only,experimental,identified_record,partial,oppose,1,human_accepted,yes
run_1edd3c414c7f50b3,Fe-Co-Ni-Mn-Zn,pba_structural_compatibility,doi:10.1021/acs.inorgchem.2c04465,source_packet_ffecdef33594bb64,10.1021/acs.inorgchem.2c04465,WOS:000938761100001,2023,direct_PBA_UOR,experimental,abstract_DOI_UT,contextual,support,1,human_accepted,yes
run_1edd3c414c7f50b3,Fe-Co-Ni-Mn-Zn,alkaline_stability_corrosion,doi:10.1021/acs.inorgchem.2c04465,source_packet_ffecdef33594bb64,10.1021/acs.inorgchem.2c04465,WOS:000938761100001,2023,direct_PBA_UOR,experimental,abstract_DOI_UT,contextual,support,1,human_accepted,yes
run_1edd3c414c7f50b3,Fe-Co-Ni-Mn-Zn,uor_activity,doi:10.1021/acs.inorgchem.2c04465,source_packet_ffecdef33594bb64,10.1021/acs.inorgchem.2c04465,WOS:000938761100001,2023,direct_PBA_UOR,experimental,exact_chunk_DOI_UT,partial,support,1,human_accepted,yes
run_1edd3c414c7f50b3,Fe-Co-Ni-Mn-Zn,substitution_and_synergy,doi:10.1021/acs.inorgchem.2c04465,source_packet_ffecdef33594bb64,10.1021/acs.inorgchem.2c04465,WOS:000938761100001,2023,direct_PBA_UOR,experimental,exact_chunk_DOI_UT,partial,support,1,human_accepted,yes
run_1edd3c414c7f50b3,Fe-Co-Ni-Mn-Zn,pba_structural_compatibility,doi:10.1021/acs.inorgchem.2c04465,source_packet_ffecdef33594bb64,10.1021/acs.inorgchem.2c04465,WOS:000938761100001,2023,direct_PBA_UOR,experimental,abstract_DOI_UT,contextual,support,1,human_accepted,yes
run_1edd3c414c7f50b3,Fe-Co-Ni-Mn-Zn,alkaline_stability_corrosion,doi:10.1021/acs.inorgchem.2c04465,source_packet_ffecdef33594bb64,10.1021/acs.inorgchem.2c04465,WOS:000938761100001,2023,direct_PBA_UOR,experimental,abstract_DOI_UT,contextual,support,1,human_accepted,yes
run_1edd3c414c7f50b3,Fe-Co-Ni-Mn-Zn,alkaline_stability_corrosion,doi:10.1021/acs.inorgchem.2c04465,source_packet_ffecdef33594bb64,10.1021/acs.inorgchem.2c04465,WOS:000938761100001,2023,direct_PBA_UOR,experimental,abstract_DOI_UT,contextual,support,1,human_accepted,yes
run_1edd3c414c7f50b3,Fe-Co-Ni-Mn-Zn,alkaline_stability_corrosion,doi:10.1021/acs.inorgchem.2c04465,source_packet_ffecdef33594bb64,10.1021/acs.inorgchem.2c04465,WOS:000938761100001,2023,direct_PBA_UOR,experimental,abstract_DOI_UT,contextual,support,1,human_accepted,yes
run_1edd3c414c7f50b3,Fe-Co-Ni-Mn-Zn,wet_chemical_synthesis,doi:10.1021/acs.inorgchem.2c04465,source_packet_ffecdef33594bb64,10.1021/acs.inorgchem.2c04465,WOS:000938761100001,2023,direct_PBA_UOR,experimental,identified_record,none,not_addressed,1,human_accepted,yes
run_1edd3c414c7f50b3,Fe-Co-Ni-Mn-Zn,pba_structural_compatibility,doi:10.1021/acs.inorgchem.2c04465,source_packet_ffecdef33594bb64,10.1021/acs.inorgchem.2c04465,WOS:000938761100001,2023,direct_PBA_UOR,experimental,abstract_DOI_UT,contextual,support,1,human_accepted,yes
run_052fbddb7e7b0390,Fe-Co-Ni-Mn-Zn,pba_structural_compatibility,doi:10.1016/j.electacta.2022.141159,source_packet_19fb139e0656749f,10.1016/j.electacta.2022.141159,WOS:000862589100003,2022,UOR_only,experimental,identified_record,none,not_addressed,1,human_accepted,yes
run_052fbddb7e7b0390,Fe-Co-Ni-Mn-Zn,uor_activity,doi:10.1016/j.electacta.2022.141159,source_packet_19fb139e0656749f,10.1016/j.electacta.2022.141159,WOS:000862589100003,2022,UOR_only,experimental,exact_chunk_DOI_UT,partial,mixed,1,human_accepted,yes
run_052fbddb7e7b0390,Fe-Co-Ni-Mn-Zn,pba_structural_compatibility,doi:10.1016/j.electacta.2022.141159,source_packet_19fb139e0656749f,10.1016/j.electacta.2022.141159,WOS:000862589100003,2022,UOR_only,experimental,identified_record,none,not_addressed,1,human_accepted,yes
run_052fbddb7e7b0390,Fe-Co-Ni-Mn-Zn,uor_activity,doi:10.1016/j.electacta.2022.141159,source_packet_19fb139e0656749f,10.1016/j.electacta.2022.141159,WOS:000862589100003,2022,UOR_only,experimental,exact_chunk_DOI_UT,partial,mixed,1,human_accepted,yes
run_052fbddb7e7b0390,Fe-Co-Ni-Mn-Zn,alkaline_stability_corrosion,doi:10.1016/j.electacta.2022.141159,source_packet_19fb139e0656749f,10.1016/j.electacta.2022.141159,WOS:000862589100003,2022,UOR_only,experimental,identified_record,none,not_addressed,1,human_accepted,yes
run_052fbddb7e7b0390,Fe-Co-Ni-Mn-Zn,wet_chemical_synthesis,doi:10.1016/j.electacta.2022.141159,source_packet_19fb139e0656749f,10.1016/j.electacta.2022.141159,WOS:000862589100003,2022,UOR_only,experimental,identified_record,none,not_addressed,1,human_accepted,yes
run_052fbddb7e7b0390,Fe-Co-Ni-Mn-Zn,pba_structural_compatibility,doi:10.1016/j.electacta.2022.141159,source_packet_19fb139e0656749f,10.1016/j.electacta.2022.141159,WOS:000862589100003,2022,UOR_only,experimental,identified_record,none,not_addressed,1,human_accepted,yes
run_052fbddb7e7b0390,Fe-Co-Ni-Mn-Zn,pba_structural_compatibility,doi:10.1002/batt.201800116,source_packet_3b4536cc55a64f51,10.1002/batt.201800116,WOS:0004770878,2019,PBA_only,review,exact_chunk_DOI_UT,contextual,support,1,human_accepted,yes
run_052fbddb7e7b0390,Fe-Co-Ni-Mn-Zn,uor_activity,doi:10.1002/batt.201800116,source_packet_3b4536cc55a64f51,10.1002/batt.201800116,WOS:0004770878,2019,PBA_only,review,exact_chunk_DOI_UT,contextual,support,1,human_accepted,yes
run_052fbddb7e7b0390,Fe-Co-Ni-Mn-Zn,substitution_and_synergy,doi:10.1002/batt.201800116,source_packet_3b4536cc55a64f51,10.1002/batt.201800116,WOS:0004770878,2019,PBA_only,review,exact_chunk_DOI_UT,contextual,support,1,human_accepted,yes
run_052fbddb7e7b0390,Fe-Co-Ni-Mn-Zn,pba_structural_compatibility,doi:10.1002/batt.201800116,source_packet_3b4536cc55a64f51,10.1002/batt.201800116,WOS:0004770878,2019,PBA_only,review,exact_chunk_DOI_UT,contextual,support,1,human_accepted,yes
run_052fbddb7e7b0390,Fe-Co-Ni-Mn-Zn,uor_activity,doi:10.1002/batt.201800116,source_packet_3b4536cc55a64f51,10.1002/batt.201800116,WOS:0004770878,2019,PBA_only,review,exact_chunk_DOI_UT,contextual,support,1,human_accepted,yes
run_052fbddb7e7b0390,Fe-Co-Ni-Mn-Zn,uor_activity,doi:10.1002/batt.201800116,source_packet_3b4536cc55a64f51,10.1002/batt.201800116,WOS:0004770878,2019,PBA_only,review,exact_chunk_DOI_UT,contextual,support,1,human_accepted,yes
run_052fbddb7e7b0390,Fe-Co-Ni-Mn-Zn,substitution_and_synergy,doi:10.1002/batt.201800116,source_packet_3b4536cc55a64f51,10.1002/batt.201800116,WOS:0004770878,2019,PBA_only,review,exact_chunk_DOI_UT,contextual,support,1,human_accepted,yes
run_052fbddb7e7b0390,Fe-Co-Ni-Mn-Zn,alkaline_stability_corrosion,doi:10.1002/batt.201800116,source_packet_3b4536cc55a64f51,10.1002/batt.201800116,WOS:0004770878,2019,PBA_only,review,identified_record,none,not_addressed,1,human_accepted,yes
run_052fbddb7e7b0390,Fe-Co-Ni-Mn-Zn,substitution_and_synergy,doi:10.1002/batt.201800116,source_packet_3b4536cc55a64f51,10.1002/batt.201800116,WOS:0004770878,2019,PBA_only,review,exact_chunk_DOI_UT,contextual,support,1,human_accepted,yes
run_052fbddb7e7b0390,Fe-Co-Ni-Mn-Zn,wet_chemical_synthesis,doi:10.1002/batt.201800116,source_packet_3b4536cc55a64f51,10.1002/batt.201800116,WOS:0004770878,2019,PBA_only,review,exact_chunk_DOI_UT,contextual,support,1,human_accepted,yes
run_052fbddb7e7b0390,Fe-Co-Ni-Mn-Zn,pba_structural_compatibility,doi:10.1002/batt.201800116,source_packet_3b4536cc55a64f51,10.1002/batt.201800116,WOS:0004770878,2019,PBA_only,review,exact_chunk_DOI_UT,contextual,support,1,human_accepted,yes
run_052fbddb7e7b0390,Fe-Co-Ni-Mn-Zn,uor_activity,wos:WOS_B91425823637AB03,source_packet_4cbdd5c0d610118e,,,,PBA_only,experimental,identified_record,none,not_addressed,1,human_accepted,yes
run_052fbddb7e7b0390,Fe-Co-Ni-Mn-Zn,substitution_and_synergy,wos:WOS_B91425823637AB03,source_packet_4cbdd5c0d610118e,,,,PBA_only,experimental,identified_record,none,not_addressed,1,human_accepted,yes
run_052fbddb7e7b0390,Fe-Co-Ni-Mn-Zn,pba_structural_compatibility,wos:WOS_B91425823637AB03,source_packet_4cbdd5c0d610118e,,,,PBA_only,experimental,identified_record,partial,mixed,1,human_accepted,yes
run_052fbddb7e7b0390,Fe-Co-Ni-Mn-Zn,uor_activity,wos:WOS_B91425823637AB03,source_packet_4cbdd5c0d610118e,,,,PBA_only,experimental,identified_record,none,not_addressed,1,human_accepted,yes
run_052fbddb7e7b0390,Fe-Co-Ni-Mn-Zn,uor_activity,wos:WOS_B91425823637AB03,source_packet_4cbdd5c0d610118e,,,,PBA_only,experimental,identified_record,none,not_addressed,1,human_accepted,yes
run_052fbddb7e7b0390,Fe-Co-Ni-Mn-Zn,substitution_and_synergy,wos:WOS_B91425823637AB03,source_packet_4cbdd5c0d610118e,,,,PBA_only,experimental,identified_record,none,not_addressed,1,human_accepted,yes
run_052fbddb7e7b0390,Fe-Co-Ni-Mn-Zn,substitution_and_synergy,wos:WOS_B91425823637AB03,source_packet_4cbdd5c0d610118e,,,,PBA_only,experimental,identified_record,none,not_addressed,1,human_accepted,yes
run_052fbddb7e7b0390,Fe-Co-Ni-Mn-Zn,pba_structural_compatibility,wos:WOS_B91425823637AB03,source_packet_4cbdd5c0d610118e,,,,PBA_only,experimental,identified_record,partial,mixed,1,human_accepted,yes
run_052fbddb7e7b0390,Fe-Co-Ni-Mn-Zn,substitution_and_synergy,doi:10.1016/j.mcat.2020.110967,source_packet_5b4e1df6c27f6f4c,10.1016/j.mcat.2020.110967,WOS:000549100200009,2020,PBA_only,experimental,identified_record,none,not_addressed,1,human_accepted,yes
run_052fbddb7e7b0390,Fe-Co-Ni-Mn-Zn,substitution_and_synergy,doi:10.1016/j.mcat.2020.110967,source_packet_5b4e1df6c27f6f4c,10.1016/j.mcat.2020.110967,WOS:000549100200009,2020,PBA_only,experimental,identified_record,none,not_addressed,1,human_accepted,yes
run_052fbddb7e7b0390,Fe-Co-Ni-Mn-Zn,alkaline_stability_corrosion,doi:10.1016/j.mcat.2020.110967,source_packet_5b4e1df6c27f6f4c,10.1016/j.mcat.2020.110967,WOS:000549100200009,2020,PBA_only,experimental,identified_record,none,not_addressed,1,human_accepted,yes
run_052fbddb7e7b0390,Fe-Co-Ni-Mn-Zn,substitution_and_synergy,doi:10.1016/j.mcat.2020.110967,source_packet_5b4e1df6c27f6f4c,10.1016/j.mcat.2020.110967,WOS:000549100200009,2020,PBA_only,experimental,identified_record,none,not_addressed,1,human_accepted,yes
run_052fbddb7e7b0390,Fe-Co-Ni-Mn-Zn,wet_chemical_synthesis,doi:10.1016/j.mcat.2020.110967,source_packet_5b4e1df6c27f6f4c,10.1016/j.mcat.2020.110967,WOS:000549100200009,2020,PBA_only,experimental,exact_chunk_DOI_UT,contextual,support,1,human_accepted,yes
run_052fbddb7e7b0390,Fe-Co-Ni-Mn-Zn,uor_activity,doi:10.1002/anie.202209350,source_packet_bd7bf16ae9aebd16,10.1002/anie.202209350,WOS:000850889800001,2022,PBA_only,experimental,identified_record,none,not_addressed,1,human_accepted,yes
run_052fbddb7e7b0390,Fe-Co-Ni-Mn-Zn,substitution_and_synergy,doi:10.1002/anie.202209350,source_packet_bd7bf16ae9aebd16,10.1002/anie.202209350,WOS:000850889800001,2022,PBA_only,experimental,abstract_DOI_UT,contextual,support,1,human_accepted,yes
run_052fbddb7e7b0390,Fe-Co-Ni-Mn-Zn,uor_activity,doi:10.1002/anie.202209350,source_packet_bd7bf16ae9aebd16,10.1002/anie.202209350,WOS:000850889800001,2022,PBA_only,experimental,identified_record,none,not_addressed,1,human_accepted,yes
run_052fbddb7e7b0390,Fe-Co-Ni-Mn-Zn,uor_activity,doi:10.1002/anie.202209350,source_packet_bd7bf16ae9aebd16,10.1002/anie.202209350,WOS:000850889800001,2022,PBA_only,experimental,identified_record,none,not_addressed,1,human_accepted,yes
run_052fbddb7e7b0390,Fe-Co-Ni-Mn-Zn,substitution_and_synergy,doi:10.1002/anie.202209350,source_packet_bd7bf16ae9aebd16,10.1002/anie.202209350,WOS:000850889800001,2022,PBA_only,experimental,abstract_DOI_UT,contextual,support,1,human_accepted,yes
run_052fbddb7e7b0390,Fe-Co-Ni-Mn-Zn,alkaline_stability_corrosion,doi:10.1002/anie.202209350,source_packet_bd7bf16ae9aebd16,10.1002/anie.202209350,WOS:000850889800001,2022,PBA_only,experimental,identified_record,none,not_addressed,1,human_accepted,yes
run_052fbddb7e7b0390,Fe-Co-Ni-Mn-Zn,substitution_and_synergy,doi:10.1002/anie.202209350,source_packet_bd7bf16ae9aebd16,10.1002/anie.202209350,WOS:000850889800001,2022,PBA_only,experimental,abstract_DOI_UT,contextual,support,1,human_accepted,yes
run_052fbddb7e7b0390,Fe-Co-Ni-Mn-Zn,wet_chemical_synthesis,doi:10.1002/anie.202209350,source_packet_bd7bf16ae9aebd16,10.1002/anie.202209350,WOS:000850889800001,2022,PBA_only,experimental,exact_chunk_DOI_UT,partial,support,1,human_accepted,yes
run_052fbddb7e7b0390,Fe-Co-Ni-Mn-Zn,pba_structural_compatibility,doi:10.1002/anie.202209350,source_packet_bd7bf16ae9aebd16,10.1002/anie.202209350,WOS:000850889800001,2022,PBA_only,experimental,exact_chunk_DOI_UT,partial,support,1,human_accepted,yes
run_052fbddb7e7b0390,Fe-Co-Ni-Mn-Zn,pba_structural_compatibility,doi:10.1039/d3cc03790h,source_packet_c1513895a59e0c18,10.1039/d3cc03790h,WOS:001071224000001,2023,direct_PBA_UOR,experimental,abstract_DOI_UT,contextual,support,0.9674014658411585,machine_unreviewed,yes
run_052fbddb7e7b0390,Fe-Co-Ni-Mn-Zn,uor_activity,doi:10.1039/d3cc03790h,source_packet_c1513895a59e0c18,10.1039/d3cc03790h,WOS:001071224000001,2023,direct_PBA_UOR,experimental,exact_chunk_DOI_UT,partial,support,0.9674014658411585,machine_unreviewed,yes
run_052fbddb7e7b0390,Fe-Co-Ni-Mn-Zn,substitution_and_synergy,doi:10.1039/d3cc03790h,source_packet_c1513895a59e0c18,10.1039/d3cc03790h,WOS:001071224000001,2023,direct_PBA_UOR,experimental,abstract_DOI_UT,contextual,support,0.9674014658411585,machine_unreviewed,yes
run_052fbddb7e7b0390,Fe-Co-Ni-Mn-Zn,pba_structural_compatibility,doi:10.1039/d3cc03790h,source_packet_c1513895a59e0c18,10.1039/d3cc03790h,WOS:001071224000001,2023,direct_PBA_UOR,experimental,abstract_DOI_UT,contextual,support,0.9674014658411585,machine_unreviewed,yes
run_052fbddb7e7b0390,Fe-Co-Ni-Mn-Zn,uor_activity,doi:10.1039/d3cc03790h,source_packet_c1513895a59e0c18,10.1039/d3cc03790h,WOS:001071224000001,2023,direct_PBA_UOR,experimental,exact_chunk_DOI_UT,partial,support,0.9674014658411585,machine_unreviewed,yes
run_052fbddb7e7b0390,Fe-Co-Ni-Mn-Zn,substitution_and_synergy,doi:10.1039/d3cc03790h,source_packet_c1513895a59e0c18,10.1039/d3cc03790h,WOS:001071224000001,2023,direct_PBA_UOR,experimental,abstract_DOI_UT,contextual,support,0.9674014658411585,machine_unreviewed,yes
run_052fbddb7e7b0390,Fe-Co-Ni-Mn-Zn,alkaline_stability_corrosion,doi:10.1039/d3cc03790h,source_packet_c1513895a59e0c18,10.1039/d3cc03790h,WOS:001071224000001,2023,direct_PBA_UOR,experimental,identified_record,none,not_addressed,0.9674014658411585,machine_unreviewed,yes
run_052fbddb7e7b0390,Fe-Co-Ni-Mn-Zn,substitution_and_synergy,doi:10.1039/d3cc03790h,source_packet_c1513895a59e0c18,10.1039/d3cc03790h,WOS:001071224000001,2023,direct_PBA_UOR,experimental,abstract_DOI_UT,contextual,support,0.9674014658411585,machine_unreviewed,yes
run_052fbddb7e7b0390,Fe-Co-Ni-Mn-Zn,wet_chemical_synthesis,doi:10.1039/d3cc03790h,source_packet_c1513895a59e0c18,10.1039/d3cc03790h,WOS:001071224000001,2023,direct_PBA_UOR,experimental,identified_record,none,not_addressed,0.9674014658411585,machine_unreviewed,yes
run_052fbddb7e7b0390,Fe-Co-Ni-Mn-Zn,pba_structural_compatibility,doi:10.1039/d3cc03790h,source_packet_c1513895a59e0c18,10.1039/d3cc03790h,WOS:001071224000001,2023,direct_PBA_UOR,experimental,abstract_DOI_UT,contextual,support,0.9674014658411585,machine_unreviewed,yes
run_052fbddb7e7b0390,Fe-Co-Ni-Mn-Zn,pba_structural_compatibility,doi:10.1016/j.cej.2024.156767,source_packet_ca1b920d59285ac3,10.1016/j.cej.2024.156767,WOS:001341552700001,2024,PBA_only,experimental,abstract_DOI_UT,contextual,support,1,human_accepted,yes
run_052fbddb7e7b0390,Fe-Co-Ni-Mn-Zn,uor_activity,doi:10.1016/j.cej.2024.156767,source_packet_ca1b920d59285ac3,10.1016/j.cej.2024.156767,WOS:001341552700001,2024,PBA_only,experimental,identified_record,none,not_addressed,1,human_accepted,yes
run_052fbddb7e7b0390,Fe-Co-Ni-Mn-Zn,substitution_and_synergy,doi:10.1016/j.cej.2024.156767,source_packet_ca1b920d59285ac3,10.1016/j.cej.2024.156767,WOS:001341552700001,2024,PBA_only,experimental,abstract_DOI_UT,contextual,support,1,human_accepted,yes
run_052fbddb7e7b0390,Fe-Co-Ni-Mn-Zn,pba_structural_compatibility,doi:10.1016/j.cej.2024.156767,source_packet_ca1b920d59285ac3,10.1016/j.cej.2024.156767,WOS:001341552700001,2024,PBA_only,experimental,abstract_DOI_UT,contextual,support,1,human_accepted,yes
run_052fbddb7e7b0390,Fe-Co-Ni-Mn-Zn,uor_activity,doi:10.1016/j.cej.2024.156767,source_packet_ca1b920d59285ac3,10.1016/j.cej.2024.156767,WOS:001341552700001,2024,PBA_only,experimental,exact_chunk_DOI_UT,overreach,support,1,human_accepted,yes
run_052fbddb7e7b0390,Fe-Co-Ni-Mn-Zn,uor_activity,doi:10.1016/j.cej.2024.156767,source_packet_ca1b920d59285ac3,10.1016/j.cej.2024.156767,WOS:001341552700001,2024,PBA_only,experimental,exact_chunk_DOI_UT,overreach,support,1,human_accepted,yes
run_052fbddb7e7b0390,Fe-Co-Ni-Mn-Zn,substitution_and_synergy,doi:10.1016/j.cej.2024.156767,source_packet_ca1b920d59285ac3,10.1016/j.cej.2024.156767,WOS:001341552700001,2024,PBA_only,experimental,abstract_DOI_UT,contextual,support,1,human_accepted,yes
run_052fbddb7e7b0390,Fe-Co-Ni-Mn-Zn,alkaline_stability_corrosion,doi:10.1016/j.cej.2024.156767,source_packet_ca1b920d59285ac3,10.1016/j.cej.2024.156767,WOS:001341552700001,2024,PBA_only,experimental,exact_chunk_DOI_UT,partial,support,1,human_accepted,yes
run_052fbddb7e7b0390,Fe-Co-Ni-Mn-Zn,substitution_and_synergy,doi:10.1016/j.cej.2024.156767,source_packet_ca1b920d59285ac3,10.1016/j.cej.2024.156767,WOS:001341552700001,2024,PBA_only,experimental,abstract_DOI_UT,contextual,support,1,human_accepted,yes
run_052fbddb7e7b0390,Fe-Co-Ni-Mn-Zn,wet_chemical_synthesis,doi:10.1016/j.cej.2024.156767,source_packet_ca1b920d59285ac3,10.1016/j.cej.2024.156767,WOS:001341552700001,2024,PBA_only,experimental,identified_record,none,not_addressed,1,human_accepted,yes
run_052fbddb7e7b0390,Fe-Co-Ni-Mn-Zn,pba_structural_compatibility,doi:10.1016/j.cej.2024.156767,source_packet_ca1b920d59285ac3,10.1016/j.cej.2024.156767,WOS:001341552700001,2024,PBA_only,experimental,abstract_DOI_UT,contextual,support,1,human_accepted,yes
run_052fbddb7e7b0390,Fe-Co-Ni-Mn-Zn,pba_structural_compatibility,doi:10.1021/acs.inorgchem.2c04465,source_packet_d1eb7d28c9e93e88,10.1021/acs.inorgchem.2c04465,WOS:000938761100001,2023,direct_PBA_UOR,experimental,abstract_DOI_UT,contextual,support,1,human_accepted,yes
run_052fbddb7e7b0390,Fe-Co-Ni-Mn-Zn,uor_activity,doi:10.1021/acs.inorgchem.2c04465,source_packet_d1eb7d28c9e93e88,10.1021/acs.inorgchem.2c04465,WOS:000938761100001,2023,direct_PBA_UOR,experimental,exact_chunk_DOI_UT,partial,support,1,human_accepted,yes
run_052fbddb7e7b0390,Fe-Co-Ni-Mn-Zn,substitution_and_synergy,doi:10.1021/acs.inorgchem.2c04465,source_packet_d1eb7d28c9e93e88,10.1021/acs.inorgchem.2c04465,WOS:000938761100001,2023,direct_PBA_UOR,experimental,exact_chunk_DOI_UT,partial,support,1,human_accepted,yes
run_052fbddb7e7b0390,Fe-Co-Ni-Mn-Zn,pba_structural_compatibility,doi:10.1021/acs.inorgchem.2c04465,source_packet_d1eb7d28c9e93e88,10.1021/acs.inorgchem.2c04465,WOS:000938761100001,2023,direct_PBA_UOR,experimental,abstract_DOI_UT,contextual,support,1,human_accepted,yes
run_052fbddb7e7b0390,Fe-Co-Ni-Mn-Zn,alkaline_stability_corrosion,doi:10.1021/acs.inorgchem.2c04465,source_packet_d1eb7d28c9e93e88,10.1021/acs.inorgchem.2c04465,WOS:000938761100001,2023,direct_PBA_UOR,experimental,abstract_DOI_UT,contextual,support,1,human_accepted,yes
run_052fbddb7e7b0390,Fe-Co-Ni-Mn-Zn,wet_chemical_synthesis,doi:10.1021/acs.inorgchem.2c04465,source_packet_d1eb7d28c9e93e88,10.1021/acs.inorgchem.2c04465,WOS:000938761100001,2023,direct_PBA_UOR,experimental,identified_record,none,not_addressed,1,human_accepted,yes
run_052fbddb7e7b0390,Fe-Co-Ni-Mn-Zn,pba_structural_compatibility,doi:10.1021/acs.inorgchem.2c04465,source_packet_d1eb7d28c9e93e88,10.1021/acs.inorgchem.2c04465,WOS:000938761100001,2023,direct_PBA_UOR,experimental,abstract_DOI_UT,contextual,support,1,human_accepted,yes
run_052fbddb7e7b0390,Fe-Co-Ni-Mn-Zn,pba_structural_compatibility,doi:10.1016/j.ensm.2023.02.011,source_packet_fd9479c75d3d1415,10.1016/j.ensm.2023.02.011,WOS:000939534800001,2023,PBA_only,experimental,exact_chunk_DOI_UT,partial,support,1,human_accepted,yes
run_052fbddb7e7b0390,Fe-Co-Ni-Mn-Zn,uor_activity,doi:10.1016/j.ensm.2023.02.011,source_packet_fd9479c75d3d1415,10.1016/j.ensm.2023.02.011,WOS:000939534800001,2023,PBA_only,experimental,identified_record,none,not_addressed,1,human_accepted,yes
run_052fbddb7e7b0390,Fe-Co-Ni-Mn-Zn,substitution_and_synergy,doi:10.1016/j.ensm.2023.02.011,source_packet_fd9479c75d3d1415,10.1016/j.ensm.2023.02.011,WOS:000939534800001,2023,PBA_only,experimental,abstract_DOI_UT,contextual,support,1,human_accepted,yes
run_052fbddb7e7b0390,Fe-Co-Ni-Mn-Zn,pba_structural_compatibility,doi:10.1016/j.ensm.2023.02.011,source_packet_fd9479c75d3d1415,10.1016/j.ensm.2023.02.011,WOS:000939534800001,2023,PBA_only,experimental,exact_chunk_DOI_UT,partial,support,1,human_accepted,yes
run_052fbddb7e7b0390,Fe-Co-Ni-Mn-Zn,uor_activity,doi:10.1016/j.ensm.2023.02.011,source_packet_fd9479c75d3d1415,10.1016/j.ensm.2023.02.011,WOS:000939534800001,2023,PBA_only,experimental,identified_record,none,not_addressed,1,human_accepted,yes
run_052fbddb7e7b0390,Fe-Co-Ni-Mn-Zn,uor_activity,doi:10.1016/j.ensm.2023.02.011,source_packet_fd9479c75d3d1415,10.1016/j.ensm.2023.02.011,WOS:000939534800001,2023,PBA_only,experimental,identified_record,none,not_addressed,1,human_accepted,yes
run_052fbddb7e7b0390,Fe-Co-Ni-Mn-Zn,substitution_and_synergy,doi:10.1016/j.ensm.2023.02.011,source_packet_fd9479c75d3d1415,10.1016/j.ensm.2023.02.011,WOS:000939534800001,2023,PBA_only,experimental,abstract_DOI_UT,contextual,support,1,human_accepted,yes
run_052fbddb7e7b0390,Fe-Co-Ni-Mn-Zn,alkaline_stability_corrosion,doi:10.1016/j.ensm.2023.02.011,source_packet_fd9479c75d3d1415,10.1016/j.ensm.2023.02.011,WOS:000939534800001,2023,PBA_only,experimental,exact_chunk_DOI_UT,partial,support,1,human_accepted,yes
run_052fbddb7e7b0390,Fe-Co-Ni-Mn-Zn,substitution_and_synergy,doi:10.1016/j.ensm.2023.02.011,source_packet_fd9479c75d3d1415,10.1016/j.ensm.2023.02.011,WOS:000939534800001,2023,PBA_only,experimental,abstract_DOI_UT,contextual,support,1,human_accepted,yes
run_052fbddb7e7b0390,Fe-Co-Ni-Mn-Zn,wet_chemical_synthesis,doi:10.1016/j.ensm.2023.02.011,source_packet_fd9479c75d3d1415,10.1016/j.ensm.2023.02.011,WOS:000939534800001,2023,PBA_only,experimental,abstract_DOI_UT,contextual,support,1,human_accepted,yes
run_052fbddb7e7b0390,Fe-Co-Ni-Mn-Zn,pba_structural_compatibility,doi:10.1016/j.ensm.2023.02.011,source_packet_fd9479c75d3d1415,10.1016/j.ensm.2023.02.011,WOS:000939534800001,2023,PBA_only,experimental,exact_chunk_DOI_UT,partial,support,1,human_accepted,yes
run_dbdf123b0d47f240,Fe-Co-Ni-Mn-Zn,pba_structural_compatibility,doi:10.1002/batt.201800116,source_packet_54f56cd8d904e30c,10.1002/batt.201800116,WOS:0004770878,2019,PBA_only,review,exact_chunk_DOI_UT,contextual,support,1,human_accepted,yes
run_dbdf123b0d47f240,Fe-Co-Ni-Mn-Zn,uor_activity,doi:10.1002/batt.201800116,source_packet_54f56cd8d904e30c,10.1002/batt.201800116,WOS:0004770878,2019,PBA_only,review,exact_chunk_DOI_UT,contextual,support,1,human_accepted,yes
run_dbdf123b0d47f240,Fe-Co-Ni-Mn-Zn,uor_activity,doi:10.1002/batt.201800116,source_packet_54f56cd8d904e30c,10.1002/batt.201800116,WOS:0004770878,2019,PBA_only,review,exact_chunk_DOI_UT,contextual,support,1,human_accepted,yes
run_dbdf123b0d47f240,Fe-Co-Ni-Mn-Zn,uor_activity,doi:10.1002/batt.201800116,source_packet_54f56cd8d904e30c,10.1002/batt.201800116,WOS:0004770878,2019,PBA_only,review,exact_chunk_DOI_UT,contextual,support,1,human_accepted,yes
run_dbdf123b0d47f240,Fe-Co-Ni-Mn-Zn,pba_structural_compatibility,doi:10.1002/batt.201800116,source_packet_54f56cd8d904e30c,10.1002/batt.201800116,WOS:0004770878,2019,PBA_only,review,exact_chunk_DOI_UT,contextual,support,1,human_accepted,yes
run_dbdf123b0d47f240,Fe-Co-Ni-Mn-Zn,uor_activity,doi:10.1002/batt.201800116,source_packet_54f56cd8d904e30c,10.1002/batt.201800116,WOS:0004770878,2019,PBA_only,review,exact_chunk_DOI_UT,contextual,support,1,human_accepted,yes
run_dbdf123b0d47f240,Fe-Co-Ni-Mn-Zn,alkaline_stability_corrosion,doi:10.1002/batt.201800116,source_packet_54f56cd8d904e30c,10.1002/batt.201800116,WOS:0004770878,2019,PBA_only,review,identified_record,none,not_addressed,1,human_accepted,yes
run_dbdf123b0d47f240,Fe-Co-Ni-Mn-Zn,alkaline_stability_corrosion,doi:10.1002/batt.201800116,source_packet_54f56cd8d904e30c,10.1002/batt.201800116,WOS:0004770878,2019,PBA_only,review,identified_record,none,not_addressed,1,human_accepted,yes
run_dbdf123b0d47f240,Fe-Co-Ni-Mn-Zn,alkaline_stability_corrosion,doi:10.1002/batt.201800116,source_packet_54f56cd8d904e30c,10.1002/batt.201800116,WOS:0004770878,2019,PBA_only,review,identified_record,none,not_addressed,1,human_accepted,yes
run_dbdf123b0d47f240,Fe-Co-Ni-Mn-Zn,wet_chemical_synthesis,doi:10.1002/batt.201800116,source_packet_54f56cd8d904e30c,10.1002/batt.201800116,WOS:0004770878,2019,PBA_only,review,exact_chunk_DOI_UT,contextual,support,1,human_accepted,yes
run_dbdf123b0d47f240,Fe-Co-Ni-Mn-Zn,wet_chemical_synthesis,doi:10.1002/batt.201800116,source_packet_54f56cd8d904e30c,10.1002/batt.201800116,WOS:0004770878,2019,PBA_only,review,exact_chunk_DOI_UT,contextual,support,1,human_accepted,yes
run_dbdf123b0d47f240,Fe-Co-Ni-Mn-Zn,pba_structural_compatibility,wos:WOS_338A6A69C3C00E26,source_packet_60772deeeb27ca29,,,,PBA_only,experimental,identified_record,partial,support,1,human_accepted,yes
run_dbdf123b0d47f240,Fe-Co-Ni-Mn-Zn,uor_activity,wos:WOS_338A6A69C3C00E26,source_packet_60772deeeb27ca29,,,,PBA_only,experimental,identified_record,overreach,support,1,human_accepted,yes
run_dbdf123b0d47f240,Fe-Co-Ni-Mn-Zn,wet_chemical_synthesis,wos:WOS_338A6A69C3C00E26,source_packet_60772deeeb27ca29,,,,PBA_only,experimental,identified_record,none,not_addressed,1,human_accepted,yes
run_dbdf123b0d47f240,Fe-Co-Ni-Mn-Zn,wet_chemical_synthesis,wos:WOS_338A6A69C3C00E26,source_packet_60772deeeb27ca29,,,,PBA_only,experimental,identified_record,none,not_addressed,1,human_accepted,yes
run_dbdf123b0d47f240,Fe-Co-Ni-Mn-Zn,uor_activity,wos:WOS_F6397948BE2CD1DE,source_packet_7eff5547dea35f6e,,,,PBA_only,experimental,identified_record,none,not_addressed,0.9674014658411585,machine_unreviewed,yes
run_dbdf123b0d47f240,Fe-Co-Ni-Mn-Zn,uor_activity,wos:WOS_F6397948BE2CD1DE,source_packet_7eff5547dea35f6e,,,,PBA_only,experimental,identified_record,none,not_addressed,0.9674014658411585,machine_unreviewed,yes
run_dbdf123b0d47f240,Fe-Co-Ni-Mn-Zn,uor_activity,wos:WOS_F6397948BE2CD1DE,source_packet_7eff5547dea35f6e,,,,PBA_only,experimental,identified_record,none,not_addressed,0.9674014658411585,machine_unreviewed,yes
run_dbdf123b0d47f240,Fe-Co-Ni-Mn-Zn,pba_structural_compatibility,wos:WOS_F6397948BE2CD1DE,source_packet_7eff5547dea35f6e,,,,PBA_only,experimental,identified_record,contextual,support,0.9674014658411585,machine_unreviewed,yes
run_dbdf123b0d47f240,Fe-Co-Ni-Mn-Zn,uor_activity,wos:WOS_F6397948BE2CD1DE,source_packet_7eff5547dea35f6e,,,,PBA_only,experimental,identified_record,none,not_addressed,0.9674014658411585,machine_unreviewed,yes
run_dbdf123b0d47f240,Fe-Co-Ni-Mn-Zn,wet_chemical_synthesis,wos:WOS_F6397948BE2CD1DE,source_packet_7eff5547dea35f6e,,,,PBA_only,experimental,identified_record,none,not_addressed,0.9674014658411585,machine_unreviewed,yes
run_dbdf123b0d47f240,Fe-Co-Ni-Mn-Zn,wet_chemical_synthesis,wos:WOS_F6397948BE2CD1DE,source_packet_7eff5547dea35f6e,,,,PBA_only,experimental,identified_record,none,not_addressed,0.9674014658411585,machine_unreviewed,yes
run_dbdf123b0d47f240,Fe-Co-Ni-Mn-Zn,wet_chemical_synthesis,doi:10.1016/j.cej.2024.156410,source_packet_875a28404db9047b,10.1016/j.cej.2024.156410,WOS:001334988100001,2024,PBA_only,review,exact_chunk_DOI_UT,contextual,support,1,human_accepted,yes
run_dbdf123b0d47f240,Fe-Co-Ni-Mn-Zn,wet_chemical_synthesis,doi:10.1016/j.cej.2024.156410,source_packet_875a28404db9047b,10.1016/j.cej.2024.156410,WOS:001334988100001,2024,PBA_only,review,exact_chunk_DOI_UT,contextual,support,1,human_accepted,yes
run_dbdf123b0d47f240,Fe-Co-Ni-Mn-Zn,uor_activity,doi:10.1002/adfm.202418680,source_packet_8d01e2adacc978c9,10.1002/adfm.202418680,WOS:001365812200001,2025,PBA_only,experimental,identified_record,none,not_addressed,1,human_accepted,yes
run_dbdf123b0d47f240,Fe-Co-Ni-Mn-Zn,uor_activity,doi:10.1002/adfm.202418680,source_packet_8d01e2adacc978c9,10.1002/adfm.202418680,WOS:001365812200001,2025,PBA_only,experimental,identified_record,none,not_addressed,1,human_accepted,yes
run_dbdf123b0d47f240,Fe-Co-Ni-Mn-Zn,uor_activity,doi:10.1002/adfm.202418680,source_packet_8d01e2adacc978c9,10.1002/adfm.202418680,WOS:001365812200001,2025,PBA_only,experimental,identified_record,none,not_addressed,1,human_accepted,yes
run_dbdf123b0d47f240,Fe-Co-Ni-Mn-Zn,pba_structural_compatibility,doi:10.1002/adfm.202418680,source_packet_8d01e2adacc978c9,10.1002/adfm.202418680,WOS:001365812200001,2025,PBA_only,experimental,exact_chunk_DOI_UT,partial,support,1,human_accepted,yes
run_dbdf123b0d47f240,Fe-Co-Ni-Mn-Zn,uor_activity,doi:10.1002/adfm.202418680,source_packet_8d01e2adacc978c9,10.1002/adfm.202418680,WOS:001365812200001,2025,PBA_only,experimental,exact_chunk_DOI_UT,overreach,support,1,human_accepted,yes
run_dbdf123b0d47f240,Fe-Co-Ni-Mn-Zn,alkaline_stability_corrosion,doi:10.1002/adfm.202418680,source_packet_8d01e2adacc978c9,10.1002/adfm.202418680,WOS:001365812200001,2025,PBA_only,experimental,exact_chunk_DOI_UT,partial,support,1,human_accepted,yes
run_dbdf123b0d47f240,Fe-Co-Ni-Mn-Zn,wet_chemical_synthesis,doi:10.1002/adfm.202418680,source_packet_8d01e2adacc978c9,10.1002/adfm.202418680,WOS:001365812200001,2025,PBA_only,experimental,exact_chunk_DOI_UT,contextual,support,1,human_accepted,yes
run_dbdf123b0d47f240,Fe-Co-Ni-Mn-Zn,wet_chemical_synthesis,doi:10.1002/adfm.202418680,source_packet_8d01e2adacc978c9,10.1002/adfm.202418680,WOS:001365812200001,2025,PBA_only,experimental,exact_chunk_DOI_UT,contextual,support,1,human_accepted,yes
run_dbdf123b0d47f240,Fe-Co-Ni-Mn-Zn,uor_activity,doi:10.1039/d0qi01361g,source_packet_9683c6c3c7b760d5,10.1039/d0qi01361g,WOS:000641547200003,2021,PBA_only,experimental,identified_record,none,not_addressed,1,human_accepted,yes
run_dbdf123b0d47f240,Fe-Co-Ni-Mn-Zn,uor_activity,doi:10.1039/d0qi01361g,source_packet_9683c6c3c7b760d5,10.1039/d0qi01361g,WOS:000641547200003,2021,PBA_only,experimental,identified_record,none,not_addressed,1,human_accepted,yes
run_dbdf123b0d47f240,Fe-Co-Ni-Mn-Zn,uor_activity,doi:10.1039/d0qi01361g,source_packet_9683c6c3c7b760d5,10.1039/d0qi01361g,WOS:000641547200003,2021,PBA_only,experimental,identified_record,none,not_addressed,1,human_accepted,yes
run_dbdf123b0d47f240,Fe-Co-Ni-Mn-Zn,uor_activity,doi:10.1039/d0qi01361g,source_packet_9683c6c3c7b760d5,10.1039/d0qi01361g,WOS:000641547200003,2021,PBA_only,experimental,identified_record,none,not_addressed,1,human_accepted,yes
run_dbdf123b0d47f240,Fe-Co-Ni-Mn-Zn,wet_chemical_synthesis,doi:10.1039/d0qi01361g,source_packet_9683c6c3c7b760d5,10.1039/d0qi01361g,WOS:000641547200003,2021,PBA_only,experimental,exact_chunk_DOI_UT,partial,support,1,human_accepted,yes
run_dbdf123b0d47f240,Fe-Co-Ni-Mn-Zn,wet_chemical_synthesis,doi:10.1039/d0qi01361g,source_packet_9683c6c3c7b760d5,10.1039/d0qi01361g,WOS:000641547200003,2021,PBA_only,experimental,exact_chunk_DOI_UT,partial,support,1,human_accepted,yes
run_dbdf123b0d47f240,Fe-Co-Ni-Mn-Zn,uor_activity,doi:10.1002/anie.202414479,source_packet_dc5167ca131f4edf,10.1002/anie.202414479,WOS:001357118400001,2025,PBA_only,experimental,identified_record,none,not_addressed,0.9674014658411585,machine_unreviewed,yes
run_dbdf123b0d47f240,Fe-Co-Ni-Mn-Zn,uor_activity,doi:10.1002/anie.202414479,source_packet_dc5167ca131f4edf,10.1002/anie.202414479,WOS:001357118400001,2025,PBA_only,experimental,identified_record,none,not_addressed,0.9674014658411585,machine_unreviewed,yes
run_dbdf123b0d47f240,Fe-Co-Ni-Mn-Zn,uor_activity,doi:10.1002/anie.202414479,source_packet_dc5167ca131f4edf,10.1002/anie.202414479,WOS:001357118400001,2025,PBA_only,experimental,identified_record,none,not_addressed,0.9674014658411585,machine_unreviewed,yes
run_dbdf123b0d47f240,Fe-Co-Ni-Mn-Zn,uor_activity,doi:10.1002/anie.202414479,source_packet_dc5167ca131f4edf,10.1002/anie.202414479,WOS:001357118400001,2025,PBA_only,experimental,identified_record,none,not_addressed,0.9674014658411585,machine_unreviewed,yes
run_dbdf123b0d47f240,Fe-Co-Ni-Mn-Zn,alkaline_stability_corrosion,doi:10.1002/anie.202414479,source_packet_dc5167ca131f4edf,10.1002/anie.202414479,WOS:001357118400001,2025,PBA_only,experimental,exact_chunk_DOI_UT,partial,support,0.9674014658411585,machine_unreviewed,yes
run_dbdf123b0d47f240,Fe-Co-Ni-Mn-Zn,alkaline_stability_corrosion,doi:10.1002/anie.202414479,source_packet_dc5167ca131f4edf,10.1002/anie.202414479,WOS:001357118400001,2025,PBA_only,experimental,exact_chunk_DOI_UT,partial,support,0.9674014658411585,machine_unreviewed,yes
run_dbdf123b0d47f240,Fe-Co-Ni-Mn-Zn,alkaline_stability_corrosion,doi:10.1002/anie.202414479,source_packet_dc5167ca131f4edf,10.1002/anie.202414479,WOS:001357118400001,2025,PBA_only,experimental,exact_chunk_DOI_UT,partial,support,0.9674014658411585,machine_unreviewed,yes
run_dbdf123b0d47f240,Fe-Co-Ni-Mn-Zn,wet_chemical_synthesis,doi:10.1002/anie.202414479,source_packet_dc5167ca131f4edf,10.1002/anie.202414479,WOS:001357118400001,2025,PBA_only,experimental,identified_record,none,not_addressed,0.9674014658411585,machine_unreviewed,yes
run_dbdf123b0d47f240,Fe-Co-Ni-Mn-Zn,wet_chemical_synthesis,doi:10.1002/anie.202414479,source_packet_dc5167ca131f4edf,10.1002/anie.202414479,WOS:001357118400001,2025,PBA_only,experimental,identified_record,none,not_addressed,0.9674014658411585,machine_unreviewed,yes
run_2360feb965109230,Fe-Ni-Mn-Cu-Zn,uor_activity,doi:10.1155/er/8856604,source_packet_1eae238e91aa07d4,10.1155/er/8856604,WOS:001383245600001,2024,PBA_only,review,identified_record,none,not_addressed,0.9674014658411585,machine_unreviewed,yes
run_2360feb965109230,Fe-Ni-Mn-Cu-Zn,uor_activity,doi:10.1155/er/8856604,source_packet_1eae238e91aa07d4,10.1155/er/8856604,WOS:001383245600001,2024,PBA_only,review,identified_record,none,not_addressed,0.9674014658411585,machine_unreviewed,yes
run_2360feb965109230,Fe-Ni-Mn-Cu-Zn,substitution_and_synergy,doi:10.1155/er/8856604,source_packet_1eae238e91aa07d4,10.1155/er/8856604,WOS:001383245600001,2024,PBA_only,review,identified_record,none,not_addressed,0.9674014658411585,machine_unreviewed,yes
run_2360feb965109230,Fe-Ni-Mn-Cu-Zn,uor_activity,doi:10.1155/er/8856604,source_packet_1eae238e91aa07d4,10.1155/er/8856604,WOS:001383245600001,2024,PBA_only,review,identified_record,none,not_addressed,0.9674014658411585,machine_unreviewed,yes
run_2360feb965109230,Fe-Ni-Mn-Cu-Zn,uor_activity,doi:10.1155/er/8856604,source_packet_1eae238e91aa07d4,10.1155/er/8856604,WOS:001383245600001,2024,PBA_only,review,identified_record,none,not_addressed,0.9674014658411585,machine_unreviewed,yes
run_2360feb965109230,Fe-Ni-Mn-Cu-Zn,uor_activity,doi:10.1155/er/8856604,source_packet_1eae238e91aa07d4,10.1155/er/8856604,WOS:001383245600001,2024,PBA_only,review,identified_record,none,not_addressed,0.9674014658411585,machine_unreviewed,yes
run_2360feb965109230,Fe-Ni-Mn-Cu-Zn,wet_chemical_synthesis,doi:10.1155/er/8856604,source_packet_1eae238e91aa07d4,10.1155/er/8856604,WOS:001383245600001,2024,PBA_only,review,exact_chunk_DOI_UT,partial,support,0.9674014658411585,machine_unreviewed,yes
run_2360feb965109230,Fe-Ni-Mn-Cu-Zn,wet_chemical_synthesis,doi:10.1155/er/8856604,source_packet_1eae238e91aa07d4,10.1155/er/8856604,WOS:001383245600001,2024,PBA_only,review,exact_chunk_DOI_UT,partial,support,0.9674014658411585,machine_unreviewed,yes
run_2360feb965109230,Fe-Ni-Mn-Cu-Zn,uor_activity,wos:WOS_B91425823637AB03,source_packet_90cb14318ccc811e,,,,PBA_only,experimental,identified_record,none,not_addressed,1,human_accepted,yes
run_2360feb965109230,Fe-Ni-Mn-Cu-Zn,uor_activity,wos:WOS_B91425823637AB03,source_packet_90cb14318ccc811e,,,,PBA_only,experimental,identified_record,none,not_addressed,1,human_accepted,yes
run_2360feb965109230,Fe-Ni-Mn-Cu-Zn,substitution_and_synergy,wos:WOS_B91425823637AB03,source_packet_90cb14318ccc811e,,,,PBA_only,experimental,identified_record,none,not_addressed,1,human_accepted,yes
run_2360feb965109230,Fe-Ni-Mn-Cu-Zn,uor_activity,wos:WOS_B91425823637AB03,source_packet_90cb14318ccc811e,,,,PBA_only,experimental,identified_record,none,not_addressed,1,human_accepted,yes
run_2360feb965109230,Fe-Ni-Mn-Cu-Zn,uor_activity,wos:WOS_B91425823637AB03,source_packet_90cb14318ccc811e,,,,PBA_only,experimental,identified_record,none,not_addressed,1,human_accepted,yes
run_2360feb965109230,Fe-Ni-Mn-Cu-Zn,uor_activity,wos:WOS_B91425823637AB03,source_packet_90cb14318ccc811e,,,,PBA_only,experimental,identified_record,none,not_addressed,1,human_accepted,yes
run_2360feb965109230,Fe-Ni-Mn-Cu-Zn,uor_activity,wos:WOS_638FB9E9A77B3CA6,source_packet_914e54503bc9eab9,,,,PBA_only,experimental,identified_record,contextual,support,0.9674014658411585,machine_unreviewed,yes
run_2360feb965109230,Fe-Ni-Mn-Cu-Zn,uor_activity,wos:WOS_638FB9E9A77B3CA6,source_packet_914e54503bc9eab9,,,,PBA_only,experimental,identified_record,contextual,support,0.9674014658411585,machine_unreviewed,yes
run_2360feb965109230,Fe-Ni-Mn-Cu-Zn,uor_activity,wos:WOS_638FB9E9A77B3CA6,source_packet_914e54503bc9eab9,,,,PBA_only,experimental,identified_record,contextual,support,0.9674014658411585,machine_unreviewed,yes
run_2360feb965109230,Fe-Ni-Mn-Cu-Zn,pba_structural_compatibility,wos:WOS_638FB9E9A77B3CA6,source_packet_914e54503bc9eab9,,,,PBA_only,experimental,identified_record,partial,support,0.9674014658411585,machine_unreviewed,yes
run_2360feb965109230,Fe-Ni-Mn-Cu-Zn,uor_activity,wos:WOS_638FB9E9A77B3CA6,source_packet_914e54503bc9eab9,,,,PBA_only,experimental,identified_record,contextual,support,0.9674014658411585,machine_unreviewed,yes
run_2360feb965109230,Fe-Ni-Mn-Cu-Zn,alkaline_stability_corrosion,wos:WOS_638FB9E9A77B3CA6,source_packet_914e54503bc9eab9,,,,PBA_only,experimental,identified_record,partial,support,0.9674014658411585,machine_unreviewed,yes
run_2360feb965109230,Fe-Ni-Mn-Cu-Zn,uor_activity,wos:WOS_638FB9E9A77B3CA6,source_packet_914e54503bc9eab9,,,,PBA_only,experimental,identified_record,contextual,support,0.9674014658411585,machine_unreviewed,yes
run_2360feb965109230,Fe-Ni-Mn-Cu-Zn,alkaline_stability_corrosion,wos:WOS_638FB9E9A77B3CA6,source_packet_914e54503bc9eab9,,,,PBA_only,experimental,identified_record,partial,support,0.9674014658411585,machine_unreviewed,yes
run_2360feb965109230,Fe-Ni-Mn-Cu-Zn,alkaline_stability_corrosion,wos:WOS_638FB9E9A77B3CA6,source_packet_914e54503bc9eab9,,,,PBA_only,experimental,identified_record,partial,support,0.9674014658411585,machine_unreviewed,yes
run_2360feb965109230,Fe-Ni-Mn-Cu-Zn,wet_chemical_synthesis,wos:WOS_638FB9E9A77B3CA6,source_packet_914e54503bc9eab9,,,,PBA_only,experimental,identified_record,none,not_addressed,0.9674014658411585,machine_unreviewed,yes
run_2360feb965109230,Fe-Ni-Mn-Cu-Zn,wet_chemical_synthesis,wos:WOS_638FB9E9A77B3CA6,source_packet_914e54503bc9eab9,,,,PBA_only,experimental,identified_record,none,not_addressed,0.9674014658411585,machine_unreviewed,yes
run_2360feb965109230,Fe-Ni-Mn-Cu-Zn,uor_activity,doi:10.1016/j.cej.2024.156767,source_packet_c5c4667ca4ec2ff1,10.1016/j.cej.2024.156767,WOS:001341552700001,2024,PBA_only,experimental,identified_record,none,not_addressed,1,human_accepted,yes
run_2360feb965109230,Fe-Ni-Mn-Cu-Zn,uor_activity,doi:10.1016/j.cej.2024.156767,source_packet_c5c4667ca4ec2ff1,10.1016/j.cej.2024.156767,WOS:001341552700001,2024,PBA_only,experimental,identified_record,none,not_addressed,1,human_accepted,yes
run_2360feb965109230,Fe-Ni-Mn-Cu-Zn,substitution_and_synergy,doi:10.1016/j.cej.2024.156767,source_packet_c5c4667ca4ec2ff1,10.1016/j.cej.2024.156767,WOS:001341552700001,2024,PBA_only,experimental,abstract_DOI_UT,contextual,support,1,human_accepted,yes
run_2360feb965109230,Fe-Ni-Mn-Cu-Zn,uor_activity,doi:10.1016/j.cej.2024.156767,source_packet_c5c4667ca4ec2ff1,10.1016/j.cej.2024.156767,WOS:001341552700001,2024,PBA_only,experimental,exact_chunk_DOI_UT,overreach,support,1,human_accepted,yes
run_2360feb965109230,Fe-Ni-Mn-Cu-Zn,pba_structural_compatibility,doi:10.1016/j.cej.2024.156767,source_packet_c5c4667ca4ec2ff1,10.1016/j.cej.2024.156767,WOS:001341552700001,2024,PBA_only,experimental,abstract_DOI_UT,contextual,support,1,human_accepted,yes
run_2360feb965109230,Fe-Ni-Mn-Cu-Zn,uor_activity,doi:10.1016/j.cej.2024.156767,source_packet_c5c4667ca4ec2ff1,10.1016/j.cej.2024.156767,WOS:001341552700001,2024,PBA_only,experimental,exact_chunk_DOI_UT,overreach,support,1,human_accepted,yes
run_2360feb965109230,Fe-Ni-Mn-Cu-Zn,alkaline_stability_corrosion,doi:10.1016/j.cej.2024.156767,source_packet_c5c4667ca4ec2ff1,10.1016/j.cej.2024.156767,WOS:001341552700001,2024,PBA_only,experimental,exact_chunk_DOI_UT,partial,support,1,human_accepted,yes
run_2360feb965109230,Fe-Ni-Mn-Cu-Zn,uor_activity,doi:10.1016/j.cej.2024.156767,source_packet_c5c4667ca4ec2ff1,10.1016/j.cej.2024.156767,WOS:001341552700001,2024,PBA_only,experimental,exact_chunk_DOI_UT,overreach,support,1,human_accepted,yes
run_2360feb965109230,Fe-Ni-Mn-Cu-Zn,alkaline_stability_corrosion,doi:10.1016/j.cej.2024.156767,source_packet_c5c4667ca4ec2ff1,10.1016/j.cej.2024.156767,WOS:001341552700001,2024,PBA_only,experimental,exact_chunk_DOI_UT,partial,support,1,human_accepted,yes
run_2360feb965109230,Fe-Ni-Mn-Cu-Zn,alkaline_stability_corrosion,doi:10.1016/j.cej.2024.156767,source_packet_c5c4667ca4ec2ff1,10.1016/j.cej.2024.156767,WOS:001341552700001,2024,PBA_only,experimental,exact_chunk_DOI_UT,partial,support,1,human_accepted,yes
run_2360feb965109230,Fe-Ni-Mn-Cu-Zn,wet_chemical_synthesis,doi:10.1016/j.cej.2024.156767,source_packet_c5c4667ca4ec2ff1,10.1016/j.cej.2024.156767,WOS:001341552700001,2024,PBA_only,experimental,identified_record,none,not_addressed,1,human_accepted,yes
run_2360feb965109230,Fe-Ni-Mn-Cu-Zn,wet_chemical_synthesis,doi:10.1016/j.cej.2024.156767,source_packet_c5c4667ca4ec2ff1,10.1016/j.cej.2024.156767,WOS:001341552700001,2024,PBA_only,experimental,identified_record,none,not_addressed,1,human_accepted,yes
run_2360feb965109230,Fe-Ni-Mn-Cu-Zn,uor_activity,wos:WOS_A7A85EDE9F6153F4,source_packet_ee384177100e3148,,,,direct_PBA_UOR,experimental,identified_record,contextual,support,0.9674014658411585,machine_unreviewed,yes
run_2360feb965109230,Fe-Ni-Mn-Cu-Zn,uor_activity,wos:WOS_A7A85EDE9F6153F4,source_packet_ee384177100e3148,,,,direct_PBA_UOR,experimental,identified_record,none,not_addressed,0.9674014658411585,machine_unreviewed,yes
run_2360feb965109230,Fe-Ni-Mn-Cu-Zn,substitution_and_synergy,wos:WOS_A7A85EDE9F6153F4,source_packet_ee384177100e3148,,,,direct_PBA_UOR,experimental,identified_record,none,not_addressed,0.9674014658411585,machine_unreviewed,yes
run_2360feb965109230,Fe-Ni-Mn-Cu-Zn,uor_activity,wos:WOS_A7A85EDE9F6153F4,source_packet_ee384177100e3148,,,,direct_PBA_UOR,experimental,identified_record,contextual,support,0.9674014658411585,machine_unreviewed,yes
run_2360feb965109230,Fe-Ni-Mn-Cu-Zn,pba_structural_compatibility,wos:WOS_A7A85EDE9F6153F4,source_packet_ee384177100e3148,,,,direct_PBA_UOR,experimental,identified_record,none,not_addressed,0.9674014658411585,machine_unreviewed,yes
run_2360feb965109230,Fe-Ni-Mn-Cu-Zn,uor_activity,wos:WOS_A7A85EDE9F6153F4,source_packet_ee384177100e3148,,,,direct_PBA_UOR,experimental,identified_record,none,not_addressed,0.9674014658411585,machine_unreviewed,yes
run_2360feb965109230,Fe-Ni-Mn-Cu-Zn,uor_activity,wos:WOS_A7A85EDE9F6153F4,source_packet_ee384177100e3148,,,,direct_PBA_UOR,experimental,identified_record,none,not_addressed,0.9674014658411585,machine_unreviewed,yes
run_2360feb965109230,Fe-Ni-Mn-Cu-Zn,wet_chemical_synthesis,wos:WOS_A7A85EDE9F6153F4,source_packet_ee384177100e3148,,,,direct_PBA_UOR,experimental,identified_record,contextual,support,0.9674014658411585,machine_unreviewed,yes
run_2360feb965109230,Fe-Ni-Mn-Cu-Zn,wet_chemical_synthesis,wos:WOS_A7A85EDE9F6153F4,source_packet_ee384177100e3148,,,,direct_PBA_UOR,experimental,identified_record,partial,support,0.9674014658411585,machine_unreviewed,yes
run_cea84eca5af08e21,Co-Ni-Mn-Cu-Zn,uor_activity,doi:10.1039/d3ta01967e,source_packet_72f4abf26ad74848,10.1039/d3ta01967e,WOS:001063921500001,2023,PBA_only,experimental,identified_record,none,not_addressed,1,human_accepted,yes
run_cea84eca5af08e21,Co-Ni-Mn-Cu-Zn,pba_structural_compatibility,doi:10.1039/d3ta01967e,source_packet_72f4abf26ad74848,10.1039/d3ta01967e,WOS:001063921500001,2023,PBA_only,experimental,abstract_DOI_UT,contextual,support,1,human_accepted,yes
run_cea84eca5af08e21,Co-Ni-Mn-Cu-Zn,uor_activity,doi:10.1039/d3ta01967e,source_packet_72f4abf26ad74848,10.1039/d3ta01967e,WOS:001063921500001,2023,PBA_only,experimental,identified_record,none,not_addressed,1,human_accepted,yes
run_cea84eca5af08e21,Co-Ni-Mn-Cu-Zn,uor_activity,doi:10.1039/d3ta01967e,source_packet_72f4abf26ad74848,10.1039/d3ta01967e,WOS:001063921500001,2023,PBA_only,experimental,identified_record,none,not_addressed,1,human_accepted,yes
run_cea84eca5af08e21,Co-Ni-Mn-Cu-Zn,uor_activity,doi:10.1039/d3ta01967e,source_packet_72f4abf26ad74848,10.1039/d3ta01967e,WOS:001063921500001,2023,PBA_only,experimental,identified_record,none,not_addressed,1,human_accepted,yes
run_cea84eca5af08e21,Co-Ni-Mn-Cu-Zn,alkaline_stability_corrosion,doi:10.1039/d3ta01967e,source_packet_72f4abf26ad74848,10.1039/d3ta01967e,WOS:001063921500001,2023,PBA_only,experimental,abstract_DOI_UT,contextual,support,1,human_accepted,yes
run_cea84eca5af08e21,Co-Ni-Mn-Cu-Zn,uor_activity,doi:10.1039/d3ta01967e,source_packet_72f4abf26ad74848,10.1039/d3ta01967e,WOS:001063921500001,2023,PBA_only,experimental,exact_chunk_DOI_UT,full,support,1,human_accepted,yes
run_cea84eca5af08e21,Co-Ni-Mn-Cu-Zn,uor_activity,doi:10.1039/d3ta01967e,source_packet_72f4abf26ad74848,10.1039/d3ta01967e,WOS:001063921500001,2023,PBA_only,experimental,identified_record,none,not_addressed,1,human_accepted,yes
run_cea84eca5af08e21,Co-Ni-Mn-Cu-Zn,pba_structural_compatibility,doi:10.1039/d3ta01967e,source_packet_72f4abf26ad74848,10.1039/d3ta01967e,WOS:001063921500001,2023,PBA_only,experimental,exact_chunk_DOI_UT,full,support,1,human_accepted,yes
run_cea84eca5af08e21,Co-Ni-Mn-Cu-Zn,alkaline_stability_corrosion,doi:10.1039/d3ta01967e,source_packet_72f4abf26ad74848,10.1039/d3ta01967e,WOS:001063921500001,2023,PBA_only,experimental,abstract_DOI_UT,contextual,support,1,human_accepted,yes
run_cea84eca5af08e21,Co-Ni-Mn-Cu-Zn,alkaline_stability_corrosion,doi:10.1039/d3ta01967e,source_packet_72f4abf26ad74848,10.1039/d3ta01967e,WOS:001063921500001,2023,PBA_only,experimental,abstract_DOI_UT,contextual,support,1,human_accepted,yes
run_cea84eca5af08e21,Co-Ni-Mn-Cu-Zn,wet_chemical_synthesis,doi:10.1039/d3ta01967e,source_packet_72f4abf26ad74848,10.1039/d3ta01967e,WOS:001063921500001,2023,PBA_only,experimental,exact_chunk_DOI_UT,overreach,support,1,human_accepted,yes
run_1eccf111e49d796b,Fe-Co-Ni-Mn-Zn,uor_activity,wos:WOS_1ADC2FB558D8F030,source_packet_4a2ed8d419d8b0c3,,,,direct_PBA_UOR,experimental,identified_record,contextual,support,0.9674014658411585,machine_unreviewed,yes
run_1eccf111e49d796b,Fe-Co-Ni-Mn-Zn,uor_activity,wos:WOS_1ADC2FB558D8F030,source_packet_4a2ed8d419d8b0c3,,,,direct_PBA_UOR,experimental,identified_record,contextual,support,0.9674014658411585,machine_unreviewed,yes
run_1eccf111e49d796b,Fe-Co-Ni-Mn-Zn,pba_structural_compatibility,wos:WOS_1ADC2FB558D8F030,source_packet_4a2ed8d419d8b0c3,,,,direct_PBA_UOR,experimental,identified_record,contextual,support,0.9674014658411585,machine_unreviewed,yes
run_1eccf111e49d796b,Fe-Co-Ni-Mn-Zn,substitution_and_synergy,wos:WOS_1ADC2FB558D8F030,source_packet_4a2ed8d419d8b0c3,,,,direct_PBA_UOR,experimental,identified_record,none,not_addressed,0.9674014658411585,machine_unreviewed,yes
run_1eccf111e49d796b,Fe-Co-Ni-Mn-Zn,alkaline_stability_corrosion,wos:WOS_1ADC2FB558D8F030,source_packet_4a2ed8d419d8b0c3,,,,direct_PBA_UOR,experimental,identified_record,none,not_addressed,0.9674014658411585,machine_unreviewed,yes
run_1eccf111e49d796b,Fe-Co-Ni-Mn-Zn,pba_structural_compatibility,wos:WOS_1ADC2FB558D8F030,source_packet_4a2ed8d419d8b0c3,,,,direct_PBA_UOR,experimental,identified_record,contextual,support,0.9674014658411585,machine_unreviewed,yes
run_1eccf111e49d796b,Fe-Co-Ni-Mn-Zn,uor_activity,wos:WOS_1ADC2FB558D8F030,source_packet_4a2ed8d419d8b0c3,,,,direct_PBA_UOR,experimental,identified_record,contextual,support,0.9674014658411585,machine_unreviewed,yes
run_1eccf111e49d796b,Fe-Co-Ni-Mn-Zn,alkaline_stability_corrosion,wos:WOS_1ADC2FB558D8F030,source_packet_4a2ed8d419d8b0c3,,,,direct_PBA_UOR,experimental,identified_record,none,not_addressed,0.9674014658411585,machine_unreviewed,yes
run_1eccf111e49d796b,Fe-Co-Ni-Mn-Zn,pba_structural_compatibility,wos:WOS_1ADC2FB558D8F030,source_packet_4a2ed8d419d8b0c3,,,,direct_PBA_UOR,experimental,identified_record,contextual,support,0.9674014658411585,machine_unreviewed,yes
run_1eccf111e49d796b,Fe-Co-Ni-Mn-Zn,pba_structural_compatibility,wos:WOS_1ADC2FB558D8F030,source_packet_4a2ed8d419d8b0c3,,,,direct_PBA_UOR,experimental,identified_record,contextual,support,0.9674014658411585,machine_unreviewed,yes
run_1eccf111e49d796b,Fe-Co-Ni-Mn-Zn,uor_activity,wos:WOS_1ADC2FB558D8F030,source_packet_4a2ed8d419d8b0c3,,,,direct_PBA_UOR,experimental,identified_record,contextual,support,0.9674014658411585,machine_unreviewed,yes
run_1eccf111e49d796b,Fe-Co-Ni-Mn-Zn,wet_chemical_synthesis,wos:WOS_1ADC2FB558D8F030,source_packet_4a2ed8d419d8b0c3,,,,direct_PBA_UOR,experimental,identified_record,contextual,support,0.9674014658411585,machine_unreviewed,yes
run_1eccf111e49d796b,Fe-Co-Ni-Mn-Zn,uor_activity,doi:10.1021/acsanm.1c02864,source_packet_5df017d50eae6619,10.1021/acsanm.1c02864,WOS:000752894100104,2021,direct_PBA_UOR,experimental,exact_chunk_DOI_UT,partial,support,1,human_accepted,yes
run_1eccf111e49d796b,Fe-Co-Ni-Mn-Zn,uor_activity,doi:10.1021/acsanm.1c02864,source_packet_5df017d50eae6619,10.1021/acsanm.1c02864,WOS:000752894100104,2021,direct_PBA_UOR,experimental,exact_chunk_DOI_UT,partial,support,1,human_accepted,yes
run_1eccf111e49d796b,Fe-Co-Ni-Mn-Zn,pba_structural_compatibility,doi:10.1021/acsanm.1c02864,source_packet_5df017d50eae6619,10.1021/acsanm.1c02864,WOS:000752894100104,2021,direct_PBA_UOR,experimental,abstract_DOI_UT,contextual,support,1,human_accepted,yes
run_1eccf111e49d796b,Fe-Co-Ni-Mn-Zn,substitution_and_synergy,doi:10.1021/acsanm.1c02864,source_packet_5df017d50eae6619,10.1021/acsanm.1c02864,WOS:000752894100104,2021,direct_PBA_UOR,experimental,exact_chunk_DOI_UT,partial,support,1,human_accepted,yes
run_1eccf111e49d796b,Fe-Co-Ni-Mn-Zn,alkaline_stability_corrosion,doi:10.1021/acsanm.1c02864,source_packet_5df017d50eae6619,10.1021/acsanm.1c02864,WOS:000752894100104,2021,direct_PBA_UOR,experimental,abstract_DOI_UT,contextual,support,1,human_accepted,yes
run_1eccf111e49d796b,Fe-Co-Ni-Mn-Zn,pba_structural_compatibility,doi:10.1021/acsanm.1c02864,source_packet_5df017d50eae6619,10.1021/acsanm.1c02864,WOS:000752894100104,2021,direct_PBA_UOR,experimental,abstract_DOI_UT,contextual,support,1,human_accepted,yes
run_1eccf111e49d796b,Fe-Co-Ni-Mn-Zn,uor_activity,doi:10.1021/acsanm.1c02864,source_packet_5df017d50eae6619,10.1021/acsanm.1c02864,WOS:000752894100104,2021,direct_PBA_UOR,experimental,exact_chunk_DOI_UT,partial,support,1,human_accepted,yes
run_1eccf111e49d796b,Fe-Co-Ni-Mn-Zn,alkaline_stability_corrosion,doi:10.1021/acsanm.1c02864,source_packet_5df017d50eae6619,10.1021/acsanm.1c02864,WOS:000752894100104,2021,direct_PBA_UOR,experimental,abstract_DOI_UT,contextual,support,1,human_accepted,yes
run_1eccf111e49d796b,Fe-Co-Ni-Mn-Zn,pba_structural_compatibility,doi:10.1021/acsanm.1c02864,source_packet_5df017d50eae6619,10.1021/acsanm.1c02864,WOS:000752894100104,2021,direct_PBA_UOR,experimental,abstract_DOI_UT,contextual,support,1,human_accepted,yes
run_1eccf111e49d796b,Fe-Co-Ni-Mn-Zn,pba_structural_compatibility,doi:10.1021/acsanm.1c02864,source_packet_5df017d50eae6619,10.1021/acsanm.1c02864,WOS:000752894100104,2021,direct_PBA_UOR,experimental,abstract_DOI_UT,contextual,support,1,human_accepted,yes
run_1eccf111e49d796b,Fe-Co-Ni-Mn-Zn,wet_chemical_synthesis,doi:10.1021/acsanm.1c02864,source_packet_5df017d50eae6619,10.1021/acsanm.1c02864,WOS:000752894100104,2021,direct_PBA_UOR,experimental,abstract_DOI_UT,contextual,support,1,human_accepted,yes
run_1eccf111e49d796b,Fe-Co-Ni-Mn-Zn,uor_activity,doi:10.1016/j.jcis.2022.03.152,source_packet_e1160786cec333b8,10.1016/j.jcis.2022.03.152,,2022,UOR_only,experimental,abstract_DOI_UT,partial,support,0.9674014658411585,machine_unreviewed,yes
run_1eccf111e49d796b,Fe-Co-Ni-Mn-Zn,uor_activity,doi:10.1016/j.jcis.2022.03.152,source_packet_e1160786cec333b8,10.1016/j.jcis.2022.03.152,,2022,UOR_only,experimental,abstract_DOI_UT,partial,support,0.9674014658411585,machine_unreviewed,yes
run_1eccf111e49d796b,Fe-Co-Ni-Mn-Zn,pba_structural_compatibility,doi:10.1016/j.jcis.2022.03.152,source_packet_e1160786cec333b8,10.1016/j.jcis.2022.03.152,,2022,UOR_only,experimental,identified_record,none,not_addressed,0.9674014658411585,machine_unreviewed,yes
run_1eccf111e49d796b,Fe-Co-Ni-Mn-Zn,substitution_and_synergy,doi:10.1016/j.jcis.2022.03.152,source_packet_e1160786cec333b8,10.1016/j.jcis.2022.03.152,,2022,UOR_only,experimental,identified_record,none,not_addressed,0.9674014658411585,machine_unreviewed,yes
run_1eccf111e49d796b,Fe-Co-Ni-Mn-Zn,alkaline_stability_corrosion,doi:10.1016/j.jcis.2022.03.152,source_packet_e1160786cec333b8,10.1016/j.jcis.2022.03.152,,2022,UOR_only,experimental,identified_record,none,not_addressed,0.9674014658411585,machine_unreviewed,yes
run_1eccf111e49d796b,Fe-Co-Ni-Mn-Zn,pba_structural_compatibility,doi:10.1016/j.jcis.2022.03.152,source_packet_e1160786cec333b8,10.1016/j.jcis.2022.03.152,,2022,UOR_only,experimental,identified_record,none,not_addressed,0.9674014658411585,machine_unreviewed,yes
run_1eccf111e49d796b,Fe-Co-Ni-Mn-Zn,uor_activity,doi:10.1016/j.jcis.2022.03.152,source_packet_e1160786cec333b8,10.1016/j.jcis.2022.03.152,,2022,UOR_only,experimental,abstract_DOI_UT,contextual,support,0.9674014658411585,machine_unreviewed,yes
run_1eccf111e49d796b,Fe-Co-Ni-Mn-Zn,alkaline_stability_corrosion,doi:10.1016/j.jcis.2022.03.152,source_packet_e1160786cec333b8,10.1016/j.jcis.2022.03.152,,2022,UOR_only,experimental,identified_record,none,not_addressed,0.9674014658411585,machine_unreviewed,yes
run_1eccf111e49d796b,Fe-Co-Ni-Mn-Zn,pba_structural_compatibility,doi:10.1016/j.jcis.2022.03.152,source_packet_e1160786cec333b8,10.1016/j.jcis.2022.03.152,,2022,UOR_only,experimental,identified_record,none,not_addressed,0.9674014658411585,machine_unreviewed,yes
run_1eccf111e49d796b,Fe-Co-Ni-Mn-Zn,pba_structural_compatibility,doi:10.1016/j.jcis.2022.03.152,source_packet_e1160786cec333b8,10.1016/j.jcis.2022.03.152,,2022,UOR_only,experimental,identified_record,none,not_addressed,0.9674014658411585,machine_unreviewed,yes
run_1eccf111e49d796b,Fe-Co-Ni-Mn-Zn,uor_activity,doi:10.1016/j.jcis.2022.03.152,source_packet_e1160786cec333b8,10.1016/j.jcis.2022.03.152,,2022,UOR_only,experimental,abstract_DOI_UT,partial,support,0.9674014658411585,machine_unreviewed,yes
run_1eccf111e49d796b,Fe-Co-Ni-Mn-Zn,wet_chemical_synthesis,doi:10.1016/j.jcis.2022.03.152,source_packet_e1160786cec333b8,10.1016/j.jcis.2022.03.152,,2022,UOR_only,experimental,identified_record,none,not_addressed,0.9674014658411585,machine_unreviewed,yes
run_bb3c2ac72325b1b4,Fe-Co-Ni-Mn-Zn,pba_structural_compatibility,doi:10.1016/j.jcis.2021.10.025,source_packet_21d8f6de4e868a6c,10.1016/j.jcis.2021.10.025,WOS:000711687400002,2022,PBA_only,experimental,exact_chunk_DOI_UT,partial,support,1,human_accepted,yes
run_bb3c2ac72325b1b4,Fe-Co-Ni-Mn-Zn,pba_structural_compatibility,doi:10.1016/j.jcis.2021.10.025,source_packet_21d8f6de4e868a6c,10.1016/j.jcis.2021.10.025,WOS:000711687400002,2022,PBA_only,experimental,exact_chunk_DOI_UT,partial,support,1,human_accepted,yes
run_bb3c2ac72325b1b4,Fe-Co-Ni-Mn-Zn,uor_activity,doi:10.1016/j.jcis.2021.10.025,source_packet_21d8f6de4e868a6c,10.1016/j.jcis.2021.10.025,WOS:000711687400002,2022,PBA_only,experimental,identified_record,none,not_addressed,1,human_accepted,yes
run_bb3c2ac72325b1b4,Fe-Co-Ni-Mn-Zn,uor_activity,doi:10.1016/j.jcis.2021.10.025,source_packet_21d8f6de4e868a6c,10.1016/j.jcis.2021.10.025,WOS:000711687400002,2022,PBA_only,experimental,identified_record,none,not_addressed,1,human_accepted,yes
run_bb3c2ac72325b1b4,Fe-Co-Ni-Mn-Zn,uor_activity,doi:10.1016/j.jcis.2021.10.025,source_packet_21d8f6de4e868a6c,10.1016/j.jcis.2021.10.025,WOS:000711687400002,2022,PBA_only,experimental,identified_record,none,not_addressed,1,human_accepted,yes
run_bb3c2ac72325b1b4,Fe-Co-Ni-Mn-Zn,substitution_and_synergy,doi:10.1016/j.jcis.2021.10.025,source_packet_21d8f6de4e868a6c,10.1016/j.jcis.2021.10.025,WOS:000711687400002,2022,PBA_only,experimental,abstract_DOI_UT,contextual,support,1,human_accepted,yes
run_bb3c2ac72325b1b4,Fe-Co-Ni-Mn-Zn,pba_structural_compatibility,doi:10.1016/j.jcis.2021.10.025,source_packet_21d8f6de4e868a6c,10.1016/j.jcis.2021.10.025,WOS:000711687400002,2022,PBA_only,experimental,exact_chunk_DOI_UT,partial,support,1,human_accepted,yes
run_bb3c2ac72325b1b4,Fe-Co-Ni-Mn-Zn,alkaline_stability_corrosion,doi:10.1016/j.jcis.2021.10.025,source_packet_21d8f6de4e868a6c,10.1016/j.jcis.2021.10.025,WOS:000711687400002,2022,PBA_only,experimental,exact_chunk_DOI_UT,partial,support,1,human_accepted,yes
run_bb3c2ac72325b1b4,Fe-Co-Ni-Mn-Zn,alkaline_stability_corrosion,doi:10.1016/j.jcis.2021.10.025,source_packet_21d8f6de4e868a6c,10.1016/j.jcis.2021.10.025,WOS:000711687400002,2022,PBA_only,experimental,exact_chunk_DOI_UT,partial,support,1,human_accepted,yes
run_bb3c2ac72325b1b4,Fe-Co-Ni-Mn-Zn,alkaline_stability_corrosion,doi:10.1016/j.jcis.2021.10.025,source_packet_21d8f6de4e868a6c,10.1016/j.jcis.2021.10.025,WOS:000711687400002,2022,PBA_only,experimental,exact_chunk_DOI_UT,partial,support,1,human_accepted,yes
run_bb3c2ac72325b1b4,Fe-Co-Ni-Mn-Zn,substitution_and_synergy,doi:10.1016/j.jcis.2021.10.025,source_packet_21d8f6de4e868a6c,10.1016/j.jcis.2021.10.025,WOS:000711687400002,2022,PBA_only,experimental,abstract_DOI_UT,contextual,support,1,human_accepted,yes
run_bb3c2ac72325b1b4,Fe-Co-Ni-Mn-Zn,wet_chemical_synthesis,doi:10.1016/j.jcis.2021.10.025,source_packet_21d8f6de4e868a6c,10.1016/j.jcis.2021.10.025,WOS:000711687400002,2022,PBA_only,experimental,abstract_DOI_UT,contextual,support,1,human_accepted,yes
run_bb3c2ac72325b1b4,Fe-Co-Ni-Mn-Zn,uor_activity,doi:10.1016/j.jallcom.2023.171695,source_packet_22500c3efd1d9757,10.1016/j.jallcom.2023.171695,WOS:001062034400001,2023,UOR_only,review,exact_chunk_DOI_UT,contextual,support,0.9674014658411585,machine_unreviewed,yes
run_bb3c2ac72325b1b4,Fe-Co-Ni-Mn-Zn,uor_activity,doi:10.1016/j.jallcom.2023.171695,source_packet_22500c3efd1d9757,10.1016/j.jallcom.2023.171695,WOS:001062034400001,2023,UOR_only,review,exact_chunk_DOI_UT,contextual,support,0.9674014658411585,machine_unreviewed,yes
run_bb3c2ac72325b1b4,Fe-Co-Ni-Mn-Zn,uor_activity,doi:10.1016/j.jallcom.2023.171695,source_packet_22500c3efd1d9757,10.1016/j.jallcom.2023.171695,WOS:001062034400001,2023,UOR_only,review,exact_chunk_DOI_UT,contextual,support,0.9674014658411585,machine_unreviewed,yes
run_bb3c2ac72325b1b4,Fe-Co-Ni-Mn-Zn,pba_structural_compatibility,wos:WOS_FAC2111BC83403B8,source_packet_22b218da438be693,,,,PBA_only,experimental,identified_record,partial,support,1,human_accepted,yes
run_bb3c2ac72325b1b4,Fe-Co-Ni-Mn-Zn,pba_structural_compatibility,wos:WOS_FAC2111BC83403B8,source_packet_22b218da438be693,,,,PBA_only,experimental,identified_record,partial,support,1,human_accepted,yes
run_bb3c2ac72325b1b4,Fe-Co-Ni-Mn-Zn,uor_activity,wos:WOS_FAC2111BC83403B8,source_packet_22b218da438be693,,,,PBA_only,experimental,identified_record,contextual,support,1,human_accepted,yes
run_bb3c2ac72325b1b4,Fe-Co-Ni-Mn-Zn,uor_activity,wos:WOS_FAC2111BC83403B8,source_packet_22b218da438be693,,,,PBA_only,experimental,identified_record,contextual,support,1,human_accepted,yes
run_bb3c2ac72325b1b4,Fe-Co-Ni-Mn-Zn,uor_activity,wos:WOS_FAC2111BC83403B8,source_packet_22b218da438be693,,,,PBA_only,experimental,identified_record,contextual,support,1,human_accepted,yes
run_bb3c2ac72325b1b4,Fe-Co-Ni-Mn-Zn,alkaline_stability_corrosion,wos:WOS_FAC2111BC83403B8,source_packet_22b218da438be693,,,,PBA_only,experimental,identified_record,contextual,support,1,human_accepted,yes
run_bb3c2ac72325b1b4,Fe-Co-Ni-Mn-Zn,alkaline_stability_corrosion,wos:WOS_FAC2111BC83403B8,source_packet_22b218da438be693,,,,PBA_only,experimental,identified_record,contextual,support,1,human_accepted,yes
run_bb3c2ac72325b1b4,Fe-Co-Ni-Mn-Zn,alkaline_stability_corrosion,wos:WOS_FAC2111BC83403B8,source_packet_22b218da438be693,,,,PBA_only,experimental,identified_record,contextual,support,1,human_accepted,yes
run_bb3c2ac72325b1b4,Fe-Co-Ni-Mn-Zn,wet_chemical_synthesis,wos:WOS_FAC2111BC83403B8,source_packet_22b218da438be693,,,,PBA_only,experimental,identified_record,none,not_addressed,1,human_accepted,yes
run_bb3c2ac72325b1b4,Fe-Co-Ni-Mn-Zn,pba_structural_compatibility,doi:10.1016/j.cej.2024.156767,source_packet_5f0a90d2f1aa9813,10.1016/j.cej.2024.156767,WOS:001341552700001,2024,PBA_only,experimental,abstract_DOI_UT,contextual,support,1,human_accepted,yes
run_bb3c2ac72325b1b4,Fe-Co-Ni-Mn-Zn,pba_structural_compatibility,doi:10.1016/j.cej.2024.156767,source_packet_5f0a90d2f1aa9813,10.1016/j.cej.2024.156767,WOS:001341552700001,2024,PBA_only,experimental,abstract_DOI_UT,contextual,support,1,human_accepted,yes
run_bb3c2ac72325b1b4,Fe-Co-Ni-Mn-Zn,uor_activity,doi:10.1016/j.cej.2024.156767,source_packet_5f0a90d2f1aa9813,10.1016/j.cej.2024.156767,WOS:001341552700001,2024,PBA_only,experimental,exact_chunk_DOI_UT,overreach,support,1,human_accepted,yes
run_bb3c2ac72325b1b4,Fe-Co-Ni-Mn-Zn,uor_activity,doi:10.1016/j.cej.2024.156767,source_packet_5f0a90d2f1aa9813,10.1016/j.cej.2024.156767,WOS:001341552700001,2024,PBA_only,experimental,exact_chunk_DOI_UT,overreach,support,1,human_accepted,yes
run_bb3c2ac72325b1b4,Fe-Co-Ni-Mn-Zn,uor_activity,doi:10.1016/j.cej.2024.156767,source_packet_5f0a90d2f1aa9813,10.1016/j.cej.2024.156767,WOS:001341552700001,2024,PBA_only,experimental,identified_record,none,not_addressed,1,human_accepted,yes
run_bb3c2ac72325b1b4,Fe-Co-Ni-Mn-Zn,substitution_and_synergy,doi:10.1016/j.cej.2024.156767,source_packet_5f0a90d2f1aa9813,10.1016/j.cej.2024.156767,WOS:001341552700001,2024,PBA_only,experimental,abstract_DOI_UT,contextual,support,1,human_accepted,yes
run_bb3c2ac72325b1b4,Fe-Co-Ni-Mn-Zn,pba_structural_compatibility,doi:10.1016/j.cej.2024.156767,source_packet_5f0a90d2f1aa9813,10.1016/j.cej.2024.156767,WOS:001341552700001,2024,PBA_only,experimental,abstract_DOI_UT,contextual,support,1,human_accepted,yes
run_bb3c2ac72325b1b4,Fe-Co-Ni-Mn-Zn,alkaline_stability_corrosion,doi:10.1016/j.cej.2024.156767,source_packet_5f0a90d2f1aa9813,10.1016/j.cej.2024.156767,WOS:001341552700001,2024,PBA_only,experimental,exact_chunk_DOI_UT,partial,support,1,human_accepted,yes
run_bb3c2ac72325b1b4,Fe-Co-Ni-Mn-Zn,alkaline_stability_corrosion,doi:10.1016/j.cej.2024.156767,source_packet_5f0a90d2f1aa9813,10.1016/j.cej.2024.156767,WOS:001341552700001,2024,PBA_only,experimental,exact_chunk_DOI_UT,partial,support,1,human_accepted,yes
run_bb3c2ac72325b1b4,Fe-Co-Ni-Mn-Zn,substitution_and_synergy,doi:10.1016/j.cej.2024.156767,source_packet_5f0a90d2f1aa9813,10.1016/j.cej.2024.156767,WOS:001341552700001,2024,PBA_only,experimental,abstract_DOI_UT,contextual,support,1,human_accepted,yes
run_bb3c2ac72325b1b4,Fe-Co-Ni-Mn-Zn,wet_chemical_synthesis,doi:10.1016/j.cej.2024.156767,source_packet_5f0a90d2f1aa9813,10.1016/j.cej.2024.156767,WOS:001341552700001,2024,PBA_only,experimental,identified_record,none,not_addressed,1,human_accepted,yes
run_cc37fae04a772d72,Fe-Co-Ni-Mn-Zn,uor_activity,wos:WOS_A7A85EDE9F6153F4,source_packet_32baad7d79bbafbb,,,,direct_PBA_UOR,experimental,identified_record,none,not_addressed,0.9674014658411585,machine_unreviewed,yes
run_cc37fae04a772d72,Fe-Co-Ni-Mn-Zn,pba_structural_compatibility,wos:WOS_A7A85EDE9F6153F4,source_packet_32baad7d79bbafbb,,,,direct_PBA_UOR,experimental,identified_record,contextual,support,0.9674014658411585,machine_unreviewed,yes
run_cc37fae04a772d72,Fe-Co-Ni-Mn-Zn,uor_activity,wos:WOS_A7A85EDE9F6153F4,source_packet_32baad7d79bbafbb,,,,direct_PBA_UOR,experimental,identified_record,none,not_addressed,0.9674014658411585,machine_unreviewed,yes
run_cc37fae04a772d72,Fe-Co-Ni-Mn-Zn,substitution_and_synergy,wos:WOS_A7A85EDE9F6153F4,source_packet_32baad7d79bbafbb,,,,direct_PBA_UOR,experimental,identified_record,none,not_addressed,0.9674014658411585,machine_unreviewed,yes
run_cc37fae04a772d72,Fe-Co-Ni-Mn-Zn,uor_activity,wos:WOS_A7A85EDE9F6153F4,source_packet_32baad7d79bbafbb,,,,direct_PBA_UOR,experimental,identified_record,none,not_addressed,0.9674014658411585,machine_unreviewed,yes
run_cc37fae04a772d72,Fe-Co-Ni-Mn-Zn,uor_activity,wos:WOS_A7A85EDE9F6153F4,source_packet_32baad7d79bbafbb,,,,direct_PBA_UOR,experimental,identified_record,none,not_addressed,0.9674014658411585,machine_unreviewed,yes
run_cc37fae04a772d72,Fe-Co-Ni-Mn-Zn,uor_activity,wos:WOS_A7A85EDE9F6153F4,source_packet_32baad7d79bbafbb,,,,direct_PBA_UOR,experimental,identified_record,none,not_addressed,0.9674014658411585,machine_unreviewed,yes
run_cc37fae04a772d72,Fe-Co-Ni-Mn-Zn,uor_activity,wos:WOS_A7A85EDE9F6153F4,source_packet_32baad7d79bbafbb,,,,direct_PBA_UOR,experimental,identified_record,none,not_addressed,0.9674014658411585,machine_unreviewed,yes
run_cc37fae04a772d72,Fe-Co-Ni-Mn-Zn,wet_chemical_synthesis,wos:WOS_A7A85EDE9F6153F4,source_packet_32baad7d79bbafbb,,,,direct_PBA_UOR,experimental,identified_record,partial,support,0.9674014658411585,machine_unreviewed,yes
run_cc37fae04a772d72,Fe-Co-Ni-Mn-Zn,uor_activity,doi:10.1016/j.cej.2024.156767,source_packet_a2f37d776ffe71bf,10.1016/j.cej.2024.156767,WOS:001341552700001,2024,PBA_only,experimental,exact_chunk_DOI_UT,overreach,support,1,human_accepted,yes
run_cc37fae04a772d72,Fe-Co-Ni-Mn-Zn,pba_structural_compatibility,doi:10.1016/j.cej.2024.156767,source_packet_a2f37d776ffe71bf,10.1016/j.cej.2024.156767,WOS:001341552700001,2024,PBA_only,experimental,abstract_DOI_UT,contextual,support,1,human_accepted,yes
run_cc37fae04a772d72,Fe-Co-Ni-Mn-Zn,uor_activity,doi:10.1016/j.cej.2024.156767,source_packet_a2f37d776ffe71bf,10.1016/j.cej.2024.156767,WOS:001341552700001,2024,PBA_only,experimental,exact_chunk_DOI_UT,overreach,support,1,human_accepted,yes
run_cc37fae04a772d72,Fe-Co-Ni-Mn-Zn,substitution_and_synergy,doi:10.1016/j.cej.2024.156767,source_packet_a2f37d776ffe71bf,10.1016/j.cej.2024.156767,WOS:001341552700001,2024,PBA_only,experimental,exact_chunk_DOI_UT,overreach,support,1,human_accepted,yes
run_cc37fae04a772d72,Fe-Co-Ni-Mn-Zn,uor_activity,doi:10.1016/j.cej.2024.156767,source_packet_a2f37d776ffe71bf,10.1016/j.cej.2024.156767,WOS:001341552700001,2024,PBA_only,experimental,identified_record,none,not_addressed,1,human_accepted,yes
run_cc37fae04a772d72,Fe-Co-Ni-Mn-Zn,uor_activity,doi:10.1016/j.cej.2024.156767,source_packet_a2f37d776ffe71bf,10.1016/j.cej.2024.156767,WOS:001341552700001,2024,PBA_only,experimental,identified_record,none,not_addressed,1,human_accepted,yes
run_cc37fae04a772d72,Fe-Co-Ni-Mn-Zn,uor_activity,doi:10.1016/j.cej.2024.156767,source_packet_a2f37d776ffe71bf,10.1016/j.cej.2024.156767,WOS:001341552700001,2024,PBA_only,experimental,exact_chunk_DOI_UT,overreach,support,1,human_accepted,yes
run_cc37fae04a772d72,Fe-Co-Ni-Mn-Zn,alkaline_stability_corrosion,doi:10.1016/j.cej.2024.156767,source_packet_a2f37d776ffe71bf,10.1016/j.cej.2024.156767,WOS:001341552700001,2024,PBA_only,experimental,exact_chunk_DOI_UT,partial,support,1,human_accepted,yes
run_cc37fae04a772d72,Fe-Co-Ni-Mn-Zn,alkaline_stability_corrosion,doi:10.1016/j.cej.2024.156767,source_packet_a2f37d776ffe71bf,10.1016/j.cej.2024.156767,WOS:001341552700001,2024,PBA_only,experimental,exact_chunk_DOI_UT,partial,support,1,human_accepted,yes
run_cc37fae04a772d72,Fe-Co-Ni-Mn-Zn,alkaline_stability_corrosion,doi:10.1016/j.cej.2024.156767,source_packet_a2f37d776ffe71bf,10.1016/j.cej.2024.156767,WOS:001341552700001,2024,PBA_only,experimental,exact_chunk_DOI_UT,partial,support,1,human_accepted,yes
run_cc37fae04a772d72,Fe-Co-Ni-Mn-Zn,uor_activity,doi:10.1016/j.cej.2024.156767,source_packet_a2f37d776ffe71bf,10.1016/j.cej.2024.156767,WOS:001341552700001,2024,PBA_only,experimental,identified_record,none,not_addressed,1,human_accepted,yes
run_cc37fae04a772d72,Fe-Co-Ni-Mn-Zn,wet_chemical_synthesis,doi:10.1016/j.cej.2024.156767,source_packet_a2f37d776ffe71bf,10.1016/j.cej.2024.156767,WOS:001341552700001,2024,PBA_only,experimental,identified_record,none,not_addressed,1,human_accepted,yes
run_b6e86c2e9b7b3255,Fe-Co-Ni-Mn-Zn,uor_activity,doi:10.1007/s12274-022-5020-0,source_packet_305b6b28baec9fd9,10.1007/s12274-022-5020-0,WOS:000870961100003,2023,PBA_only,experimental,abstract_DOI_UT,contextual,support,0.9674014658411585,machine_unreviewed,yes
run_b6e86c2e9b7b3255,Fe-Co-Ni-Mn-Zn,uor_activity,doi:10.1007/s12274-022-5020-0,source_packet_305b6b28baec9fd9,10.1007/s12274-022-5020-0,WOS:000870961100003,2023,PBA_only,experimental,abstract_DOI_UT,contextual,support,0.9674014658411585,machine_unreviewed,yes
run_b6e86c2e9b7b3255,Fe-Co-Ni-Mn-Zn,pba_structural_compatibility,doi:10.1007/s12274-022-5020-0,source_packet_305b6b28baec9fd9,10.1007/s12274-022-5020-0,WOS:000870961100003,2023,PBA_only,experimental,exact_chunk_DOI_UT,partial,support,0.9674014658411585,machine_unreviewed,yes
run_b6e86c2e9b7b3255,Fe-Co-Ni-Mn-Zn,uor_activity,doi:10.1007/s12274-022-5020-0,source_packet_305b6b28baec9fd9,10.1007/s12274-022-5020-0,WOS:000870961100003,2023,PBA_only,experimental,abstract_DOI_UT,contextual,support,0.9674014658411585,machine_unreviewed,yes
run_b6e86c2e9b7b3255,Fe-Co-Ni-Mn-Zn,uor_activity,doi:10.1007/s12274-022-5020-0,source_packet_305b6b28baec9fd9,10.1007/s12274-022-5020-0,WOS:000870961100003,2023,PBA_only,experimental,abstract_DOI_UT,contextual,support,0.9674014658411585,machine_unreviewed,yes
run_b6e86c2e9b7b3255,Fe-Co-Ni-Mn-Zn,wet_chemical_synthesis,doi:10.1007/s12274-022-5020-0,source_packet_305b6b28baec9fd9,10.1007/s12274-022-5020-0,WOS:000870961100003,2023,PBA_only,experimental,identified_record,none,not_addressed,0.9674014658411585,machine_unreviewed,yes
run_b6e86c2e9b7b3255,Fe-Co-Ni-Mn-Zn,uor_activity,wos:WOS_BCBD3E1D3AA68779,source_packet_485da232eaad2852,,,,UOR_only,experimental,identified_record,partial,support,0.9674014658411585,machine_unreviewed,yes
run_b6e86c2e9b7b3255,Fe-Co-Ni-Mn-Zn,uor_activity,wos:WOS_BCBD3E1D3AA68779,source_packet_485da232eaad2852,,,,UOR_only,experimental,identified_record,partial,support,0.9674014658411585,machine_unreviewed,yes
run_b6e86c2e9b7b3255,Fe-Co-Ni-Mn-Zn,substitution_and_synergy,wos:WOS_BCBD3E1D3AA68779,source_packet_485da232eaad2852,,,,UOR_only,experimental,identified_record,contextual,support,0.9674014658411585,machine_unreviewed,yes
run_b6e86c2e9b7b3255,Fe-Co-Ni-Mn-Zn,substitution_and_synergy,wos:WOS_BCBD3E1D3AA68779,source_packet_485da232eaad2852,,,,UOR_only,experimental,identified_record,contextual,support,0.9674014658411585,machine_unreviewed,yes
run_b6e86c2e9b7b3255,Fe-Co-Ni-Mn-Zn,alkaline_stability_corrosion,wos:WOS_BCBD3E1D3AA68779,source_packet_485da232eaad2852,,,,UOR_only,experimental,identified_record,contextual,support,0.9674014658411585,machine_unreviewed,yes
run_b6e86c2e9b7b3255,Fe-Co-Ni-Mn-Zn,pba_structural_compatibility,wos:WOS_BCBD3E1D3AA68779,source_packet_485da232eaad2852,,,,UOR_only,experimental,identified_record,none,not_addressed,0.9674014658411585,machine_unreviewed,yes
run_b6e86c2e9b7b3255,Fe-Co-Ni-Mn-Zn,uor_activity,wos:WOS_BCBD3E1D3AA68779,source_packet_485da232eaad2852,,,,UOR_only,experimental,identified_record,partial,support,0.9674014658411585,machine_unreviewed,yes
run_b6e86c2e9b7b3255,Fe-Co-Ni-Mn-Zn,substitution_and_synergy,wos:WOS_BCBD3E1D3AA68779,source_packet_485da232eaad2852,,,,UOR_only,experimental,identified_record,contextual,support,0.9674014658411585,machine_unreviewed,yes
run_b6e86c2e9b7b3255,Fe-Co-Ni-Mn-Zn,alkaline_stability_corrosion,wos:WOS_BCBD3E1D3AA68779,source_packet_485da232eaad2852,,,,UOR_only,experimental,identified_record,contextual,support,0.9674014658411585,machine_unreviewed,yes
run_b6e86c2e9b7b3255,Fe-Co-Ni-Mn-Zn,pba_structural_compatibility,wos:WOS_BCBD3E1D3AA68779,source_packet_485da232eaad2852,,,,UOR_only,experimental,identified_record,none,not_addressed,0.9674014658411585,machine_unreviewed,yes
run_b6e86c2e9b7b3255,Fe-Co-Ni-Mn-Zn,wet_chemical_synthesis,wos:WOS_BCBD3E1D3AA68779,source_packet_485da232eaad2852,,,,UOR_only,experimental,identified_record,none,not_addressed,0.9674014658411585,machine_unreviewed,yes
run_b6e86c2e9b7b3255,Fe-Co-Ni-Mn-Zn,uor_activity,doi:10.1016/j.cej.2024.156767,source_packet_5496981a5cea1215,10.1016/j.cej.2024.156767,WOS:001341552700001,2024,PBA_only,experimental,identified_record,none,not_addressed,1,human_accepted,yes
run_b6e86c2e9b7b3255,Fe-Co-Ni-Mn-Zn,uor_activity,doi:10.1016/j.cej.2024.156767,source_packet_5496981a5cea1215,10.1016/j.cej.2024.156767,WOS:001341552700001,2024,PBA_only,experimental,identified_record,none,not_addressed,1,human_accepted,yes
run_b6e86c2e9b7b3255,Fe-Co-Ni-Mn-Zn,substitution_and_synergy,doi:10.1016/j.cej.2024.156767,source_packet_5496981a5cea1215,10.1016/j.cej.2024.156767,WOS:001341552700001,2024,PBA_only,experimental,abstract_DOI_UT,contextual,support,1,human_accepted,yes
run_b6e86c2e9b7b3255,Fe-Co-Ni-Mn-Zn,substitution_and_synergy,doi:10.1016/j.cej.2024.156767,source_packet_5496981a5cea1215,10.1016/j.cej.2024.156767,WOS:001341552700001,2024,PBA_only,experimental,exact_chunk_DOI_UT,overreach,support,1,human_accepted,yes
run_b6e86c2e9b7b3255,Fe-Co-Ni-Mn-Zn,alkaline_stability_corrosion,doi:10.1016/j.cej.2024.156767,source_packet_5496981a5cea1215,10.1016/j.cej.2024.156767,WOS:001341552700001,2024,PBA_only,experimental,exact_chunk_DOI_UT,partial,support,1,human_accepted,yes
run_b6e86c2e9b7b3255,Fe-Co-Ni-Mn-Zn,pba_structural_compatibility,doi:10.1016/j.cej.2024.156767,source_packet_5496981a5cea1215,10.1016/j.cej.2024.156767,WOS:001341552700001,2024,PBA_only,experimental,abstract_DOI_UT,contextual,support,1,human_accepted,yes
run_b6e86c2e9b7b3255,Fe-Co-Ni-Mn-Zn,uor_activity,doi:10.1016/j.cej.2024.156767,source_packet_5496981a5cea1215,10.1016/j.cej.2024.156767,WOS:001341552700001,2024,PBA_only,experimental,exact_chunk_DOI_UT,overreach,support,1,human_accepted,yes
run_b6e86c2e9b7b3255,Fe-Co-Ni-Mn-Zn,uor_activity,doi:10.1016/j.cej.2024.156767,source_packet_5496981a5cea1215,10.1016/j.cej.2024.156767,WOS:001341552700001,2024,PBA_only,experimental,exact_chunk_DOI_UT,overreach,support,1,human_accepted,yes
run_b6e86c2e9b7b3255,Fe-Co-Ni-Mn-Zn,substitution_and_synergy,doi:10.1016/j.cej.2024.156767,source_packet_5496981a5cea1215,10.1016/j.cej.2024.156767,WOS:001341552700001,2024,PBA_only,experimental,exact_chunk_DOI_UT,overreach,support,1,human_accepted,yes
run_b6e86c2e9b7b3255,Fe-Co-Ni-Mn-Zn,alkaline_stability_corrosion,doi:10.1016/j.cej.2024.156767,source_packet_5496981a5cea1215,10.1016/j.cej.2024.156767,WOS:001341552700001,2024,PBA_only,experimental,exact_chunk_DOI_UT,partial,support,1,human_accepted,yes
run_b6e86c2e9b7b3255,Fe-Co-Ni-Mn-Zn,pba_structural_compatibility,doi:10.1016/j.cej.2024.156767,source_packet_5496981a5cea1215,10.1016/j.cej.2024.156767,WOS:001341552700001,2024,PBA_only,experimental,exact_chunk_DOI_UT,partial,support,1,human_accepted,yes
run_b6e86c2e9b7b3255,Fe-Co-Ni-Mn-Zn,wet_chemical_synthesis,doi:10.1016/j.cej.2024.156767,source_packet_5496981a5cea1215,10.1016/j.cej.2024.156767,WOS:001341552700001,2024,PBA_only,experimental,identified_record,none,not_addressed,1,human_accepted,yes
run_b6e86c2e9b7b3255,Fe-Co-Ni-Mn-Zn,uor_activity,wos:WOS_431A2A4B80A695DD,source_packet_5b95e44fe13691a2,,,,UOR_only,experimental,identified_record,contextual,support,0.9674014658411585,machine_unreviewed,yes
run_b6e86c2e9b7b3255,Fe-Co-Ni-Mn-Zn,uor_activity,wos:WOS_431A2A4B80A695DD,source_packet_5b95e44fe13691a2,,,,UOR_only,experimental,identified_record,contextual,support,0.9674014658411585,machine_unreviewed,yes
run_b6e86c2e9b7b3255,Fe-Co-Ni-Mn-Zn,substitution_and_synergy,wos:WOS_431A2A4B80A695DD,source_packet_5b95e44fe13691a2,,,,UOR_only,experimental,identified_record,contextual,support,0.9674014658411585,machine_unreviewed,yes
run_b6e86c2e9b7b3255,Fe-Co-Ni-Mn-Zn,alkaline_stability_corrosion,wos:WOS_431A2A4B80A695DD,source_packet_5b95e44fe13691a2,,,,UOR_only,experimental,identified_record,none,not_addressed,0.9674014658411585,machine_unreviewed,yes
run_b6e86c2e9b7b3255,Fe-Co-Ni-Mn-Zn,pba_structural_compatibility,wos:WOS_431A2A4B80A695DD,source_packet_5b95e44fe13691a2,,,,UOR_only,experimental,identified_record,none,not_addressed,0.9674014658411585,machine_unreviewed,yes
run_b6e86c2e9b7b3255,Fe-Co-Ni-Mn-Zn,uor_activity,wos:WOS_431A2A4B80A695DD,source_packet_5b95e44fe13691a2,,,,UOR_only,experimental,identified_record,contextual,support,0.9674014658411585,machine_unreviewed,yes
run_b6e86c2e9b7b3255,Fe-Co-Ni-Mn-Zn,uor_activity,wos:WOS_431A2A4B80A695DD,source_packet_5b95e44fe13691a2,,,,UOR_only,experimental,identified_record,contextual,support,0.9674014658411585,machine_unreviewed,yes
run_b6e86c2e9b7b3255,Fe-Co-Ni-Mn-Zn,substitution_and_synergy,wos:WOS_431A2A4B80A695DD,source_packet_5b95e44fe13691a2,,,,UOR_only,experimental,identified_record,contextual,support,0.9674014658411585,machine_unreviewed,yes
run_b6e86c2e9b7b3255,Fe-Co-Ni-Mn-Zn,alkaline_stability_corrosion,wos:WOS_431A2A4B80A695DD,source_packet_5b95e44fe13691a2,,,,UOR_only,experimental,identified_record,none,not_addressed,0.9674014658411585,machine_unreviewed,yes
run_b6e86c2e9b7b3255,Fe-Co-Ni-Mn-Zn,pba_structural_compatibility,wos:WOS_431A2A4B80A695DD,source_packet_5b95e44fe13691a2,,,,UOR_only,experimental,identified_record,none,not_addressed,0.9674014658411585,machine_unreviewed,yes
run_b6e86c2e9b7b3255,Fe-Co-Ni-Mn-Zn,wet_chemical_synthesis,wos:WOS_431A2A4B80A695DD,source_packet_5b95e44fe13691a2,,,,UOR_only,experimental,identified_record,none,not_addressed,0.9674014658411585,machine_unreviewed,yes
run_b6e86c2e9b7b3255,Fe-Co-Ni-Mn-Zn,uor_activity,doi:10.1002/adma.202403187,source_packet_653fbbd0398c7072,10.1002/adma.202403187,WOS:001267081500001,2024,UOR_only,experimental,exact_chunk_DOI_UT,partial,support,0.9674014658411585,machine_unreviewed,yes
run_b6e86c2e9b7b3255,Fe-Co-Ni-Mn-Zn,uor_activity,doi:10.1002/adma.202403187,source_packet_653fbbd0398c7072,10.1002/adma.202403187,WOS:001267081500001,2024,UOR_only,experimental,exact_chunk_DOI_UT,partial,support,0.9674014658411585,machine_unreviewed,yes
run_b6e86c2e9b7b3255,Fe-Co-Ni-Mn-Zn,substitution_and_synergy,doi:10.1002/adma.202403187,source_packet_653fbbd0398c7072,10.1002/adma.202403187,WOS:001267081500001,2024,UOR_only,experimental,exact_chunk_DOI_UT,contextual,support,0.9674014658411585,machine_unreviewed,yes
run_b6e86c2e9b7b3255,Fe-Co-Ni-Mn-Zn,substitution_and_synergy,doi:10.1002/adma.202403187,source_packet_653fbbd0398c7072,10.1002/adma.202403187,WOS:001267081500001,2024,UOR_only,experimental,exact_chunk_DOI_UT,contextual,support,0.9674014658411585,machine_unreviewed,yes
run_b6e86c2e9b7b3255,Fe-Co-Ni-Mn-Zn,alkaline_stability_corrosion,doi:10.1002/adma.202403187,source_packet_653fbbd0398c7072,10.1002/adma.202403187,WOS:001267081500001,2024,UOR_only,experimental,identified_record,none,not_addressed,0.9674014658411585,machine_unreviewed,yes
run_b6e86c2e9b7b3255,Fe-Co-Ni-Mn-Zn,pba_structural_compatibility,doi:10.1002/adma.202403187,source_packet_653fbbd0398c7072,10.1002/adma.202403187,WOS:001267081500001,2024,UOR_only,experimental,identified_record,none,not_addressed,0.9674014658411585,machine_unreviewed,yes
run_b6e86c2e9b7b3255,Fe-Co-Ni-Mn-Zn,substitution_and_synergy,doi:10.1002/adma.202403187,source_packet_653fbbd0398c7072,10.1002/adma.202403187,WOS:001267081500001,2024,UOR_only,experimental,exact_chunk_DOI_UT,contextual,support,0.9674014658411585,machine_unreviewed,yes
run_b6e86c2e9b7b3255,Fe-Co-Ni-Mn-Zn,alkaline_stability_corrosion,doi:10.1002/adma.202403187,source_packet_653fbbd0398c7072,10.1002/adma.202403187,WOS:001267081500001,2024,UOR_only,experimental,identified_record,none,not_addressed,0.9674014658411585,machine_unreviewed,yes
run_b6e86c2e9b7b3255,Fe-Co-Ni-Mn-Zn,pba_structural_compatibility,doi:10.1002/adma.202403187,source_packet_653fbbd0398c7072,10.1002/adma.202403187,WOS:001267081500001,2024,UOR_only,experimental,identified_record,none,not_addressed,0.9674014658411585,machine_unreviewed,yes
run_b6e86c2e9b7b3255,Fe-Co-Ni-Mn-Zn,wet_chemical_synthesis,doi:10.1002/adma.202403187,source_packet_653fbbd0398c7072,10.1002/adma.202403187,WOS:001267081500001,2024,UOR_only,experimental,identified_record,none,not_addressed,0.9674014658411585,machine_unreviewed,yes
run_b6e86c2e9b7b3255,Fe-Co-Ni-Mn-Zn,uor_activity,doi:10.1016/j.matchemphys.2023.128834,source_packet_8e6cdb22e6837034,10.1016/j.matchemphys.2023.128834,WOS:001149146100001,2024,UOR_only,experimental,exact_chunk_DOI_UT,full,support,0.9674014658411585,machine_unreviewed,yes
run_b6e86c2e9b7b3255,Fe-Co-Ni-Mn-Zn,uor_activity,doi:10.1016/j.matchemphys.2023.128834,source_packet_8e6cdb22e6837034,10.1016/j.matchemphys.2023.128834,WOS:001149146100001,2024,UOR_only,experimental,exact_chunk_DOI_UT,full,support,0.9674014658411585,machine_unreviewed,yes
run_b6e86c2e9b7b3255,Fe-Co-Ni-Mn-Zn,substitution_and_synergy,doi:10.1016/j.matchemphys.2023.128834,source_packet_8e6cdb22e6837034,10.1016/j.matchemphys.2023.128834,WOS:001149146100001,2024,UOR_only,experimental,identified_record,none,not_addressed,0.9674014658411585,machine_unreviewed,yes
run_b6e86c2e9b7b3255,Fe-Co-Ni-Mn-Zn,substitution_and_synergy,doi:10.1016/j.matchemphys.2023.128834,source_packet_8e6cdb22e6837034,10.1016/j.matchemphys.2023.128834,WOS:001149146100001,2024,UOR_only,experimental,identified_record,none,not_addressed,0.9674014658411585,machine_unreviewed,yes
run_b6e86c2e9b7b3255,Fe-Co-Ni-Mn-Zn,uor_activity,doi:10.1016/j.matchemphys.2023.128834,source_packet_8e6cdb22e6837034,10.1016/j.matchemphys.2023.128834,WOS:001149146100001,2024,UOR_only,experimental,abstract_DOI_UT,contextual,support,0.9674014658411585,machine_unreviewed,yes
run_b6e86c2e9b7b3255,Fe-Co-Ni-Mn-Zn,substitution_and_synergy,doi:10.1016/j.matchemphys.2023.128834,source_packet_8e6cdb22e6837034,10.1016/j.matchemphys.2023.128834,WOS:001149146100001,2024,UOR_only,experimental,identified_record,none,not_addressed,0.9674014658411585,machine_unreviewed,yes
run_b6e86c2e9b7b3255,Fe-Co-Ni-Mn-Zn,uor_activity,doi:10.1016/j.jcis.2021.10.025,source_packet_a3dd53ad8c8f631d,10.1016/j.jcis.2021.10.025,WOS:000711687400002,2022,PBA_only,experimental,identified_record,none,not_addressed,0.9674014658411585,machine_unreviewed,yes
run_b6e86c2e9b7b3255,Fe-Co-Ni-Mn-Zn,uor_activity,doi:10.1016/j.jcis.2021.10.025,source_packet_a3dd53ad8c8f631d,10.1016/j.jcis.2021.10.025,WOS:000711687400002,2022,PBA_only,experimental,identified_record,none,not_addressed,0.9674014658411585,machine_unreviewed,yes
run_b6e86c2e9b7b3255,Fe-Co-Ni-Mn-Zn,substitution_and_synergy,doi:10.1016/j.jcis.2021.10.025,source_packet_a3dd53ad8c8f631d,10.1016/j.jcis.2021.10.025,WOS:000711687400002,2022,PBA_only,experimental,abstract_DOI_UT,contextual,support,0.9674014658411585,machine_unreviewed,yes
run_b6e86c2e9b7b3255,Fe-Co-Ni-Mn-Zn,substitution_and_synergy,doi:10.1016/j.jcis.2021.10.025,source_packet_a3dd53ad8c8f631d,10.1016/j.jcis.2021.10.025,WOS:000711687400002,2022,PBA_only,experimental,abstract_DOI_UT,contextual,support,0.9674014658411585,machine_unreviewed,yes
run_b6e86c2e9b7b3255,Fe-Co-Ni-Mn-Zn,pba_structural_compatibility,doi:10.1016/j.jcis.2021.10.025,source_packet_a3dd53ad8c8f631d,10.1016/j.jcis.2021.10.025,WOS:000711687400002,2022,PBA_only,experimental,exact_chunk_DOI_UT,partial,support,0.9674014658411585,machine_unreviewed,yes
run_b6e86c2e9b7b3255,Fe-Co-Ni-Mn-Zn,uor_activity,doi:10.1016/j.jcis.2021.10.025,source_packet_a3dd53ad8c8f631d,10.1016/j.jcis.2021.10.025,WOS:000711687400002,2022,PBA_only,experimental,identified_record,none,not_addressed,0.9674014658411585,machine_unreviewed,yes
run_b6e86c2e9b7b3255,Fe-Co-Ni-Mn-Zn,uor_activity,doi:10.1016/j.jcis.2021.10.025,source_packet_a3dd53ad8c8f631d,10.1016/j.jcis.2021.10.025,WOS:000711687400002,2022,PBA_only,experimental,identified_record,none,not_addressed,0.9674014658411585,machine_unreviewed,yes
run_b6e86c2e9b7b3255,Fe-Co-Ni-Mn-Zn,substitution_and_synergy,doi:10.1016/j.jcis.2021.10.025,source_packet_a3dd53ad8c8f631d,10.1016/j.jcis.2021.10.025,WOS:000711687400002,2022,PBA_only,experimental,abstract_DOI_UT,contextual,support,0.9674014658411585,machine_unreviewed,yes
run_b6e86c2e9b7b3255,Fe-Co-Ni-Mn-Zn,alkaline_stability_corrosion,doi:10.1016/j.jcis.2021.10.025,source_packet_a3dd53ad8c8f631d,10.1016/j.jcis.2021.10.025,WOS:000711687400002,2022,PBA_only,experimental,exact_chunk_DOI_UT,partial,support,0.9674014658411585,machine_unreviewed,yes
run_b6e86c2e9b7b3255,Fe-Co-Ni-Mn-Zn,pba_structural_compatibility,doi:10.1016/j.jcis.2021.10.025,source_packet_a3dd53ad8c8f631d,10.1016/j.jcis.2021.10.025,WOS:000711687400002,2022,PBA_only,experimental,exact_chunk_DOI_UT,partial,support,0.9674014658411585,machine_unreviewed,yes
run_b6e86c2e9b7b3255,Fe-Co-Ni-Mn-Zn,wet_chemical_synthesis,doi:10.1016/j.jcis.2021.10.025,source_packet_a3dd53ad8c8f631d,10.1016/j.jcis.2021.10.025,WOS:000711687400002,2022,PBA_only,experimental,abstract_DOI_UT,contextual,support,0.9674014658411585,machine_unreviewed,yes
run_b6e86c2e9b7b3255,Fe-Co-Ni-Mn-Zn,uor_activity,doi:10.1002/anie.202414479,source_packet_e32c10cdf0d8f8ab,10.1002/anie.202414479,WOS:001357118400001,2025,PBA_only,experimental,identified_record,none,not_addressed,0.9674014658411585,machine_unreviewed,yes
run_b6e86c2e9b7b3255,Fe-Co-Ni-Mn-Zn,uor_activity,doi:10.1002/anie.202414479,source_packet_e32c10cdf0d8f8ab,10.1002/anie.202414479,WOS:001357118400001,2025,PBA_only,experimental,identified_record,none,not_addressed,0.9674014658411585,machine_unreviewed,yes
run_b6e86c2e9b7b3255,Fe-Co-Ni-Mn-Zn,substitution_and_synergy,doi:10.1002/anie.202414479,source_packet_e32c10cdf0d8f8ab,10.1002/anie.202414479,WOS:001357118400001,2025,PBA_only,experimental,abstract_DOI_UT,contextual,support,0.9674014658411585,machine_unreviewed,yes
run_b6e86c2e9b7b3255,Fe-Co-Ni-Mn-Zn,substitution_and_synergy,doi:10.1002/anie.202414479,source_packet_e32c10cdf0d8f8ab,10.1002/anie.202414479,WOS:001357118400001,2025,PBA_only,experimental,abstract_DOI_UT,contextual,support,0.9674014658411585,machine_unreviewed,yes
run_b6e86c2e9b7b3255,Fe-Co-Ni-Mn-Zn,alkaline_stability_corrosion,doi:10.1002/anie.202414479,source_packet_e32c10cdf0d8f8ab,10.1002/anie.202414479,WOS:001357118400001,2025,PBA_only,experimental,exact_chunk_DOI_UT,partial,support,0.9674014658411585,machine_unreviewed,yes
run_b6e86c2e9b7b3255,Fe-Co-Ni-Mn-Zn,uor_activity,doi:10.1002/anie.202414479,source_packet_e32c10cdf0d8f8ab,10.1002/anie.202414479,WOS:001357118400001,2025,PBA_only,experimental,identified_record,none,not_addressed,0.9674014658411585,machine_unreviewed,yes
run_b6e86c2e9b7b3255,Fe-Co-Ni-Mn-Zn,uor_activity,doi:10.1002/anie.202414479,source_packet_e32c10cdf0d8f8ab,10.1002/anie.202414479,WOS:001357118400001,2025,PBA_only,experimental,identified_record,none,not_addressed,0.9674014658411585,machine_unreviewed,yes
run_b6e86c2e9b7b3255,Fe-Co-Ni-Mn-Zn,substitution_and_synergy,doi:10.1002/anie.202414479,source_packet_e32c10cdf0d8f8ab,10.1002/anie.202414479,WOS:001357118400001,2025,PBA_only,experimental,abstract_DOI_UT,contextual,support,0.9674014658411585,machine_unreviewed,yes
run_b6e86c2e9b7b3255,Fe-Co-Ni-Mn-Zn,alkaline_stability_corrosion,doi:10.1002/anie.202414479,source_packet_e32c10cdf0d8f8ab,10.1002/anie.202414479,WOS:001357118400001,2025,PBA_only,experimental,exact_chunk_DOI_UT,partial,support,0.9674014658411585,machine_unreviewed,yes
run_b6e86c2e9b7b3255,Fe-Co-Ni-Mn-Zn,pba_structural_compatibility,doi:10.1002/anie.202414479,source_packet_e32c10cdf0d8f8ab,10.1002/anie.202414479,WOS:001357118400001,2025,PBA_only,experimental,exact_chunk_DOI_UT,partial,support,0.9674014658411585,machine_unreviewed,yes
run_b6e86c2e9b7b3255,Fe-Co-Ni-Mn-Zn,wet_chemical_synthesis,doi:10.1002/anie.202414479,source_packet_e32c10cdf0d8f8ab,10.1002/anie.202414479,WOS:001357118400001,2025,PBA_only,experimental,identified_record,none,not_addressed,0.9674014658411585,machine_unreviewed,yes
run_be36c9c685335d71,Fe-Co-Ni-Cu-Zn,pba_structural_compatibility,doi:10.1016/j.jcis.2022.03.152,source_packet_36a2100af4e2a977,10.1016/j.jcis.2022.03.152,,2022,UOR_only,experimental,identified_record,none,not_addressed,1,human_accepted,yes
run_be36c9c685335d71,Fe-Co-Ni-Cu-Zn,uor_activity,doi:10.1016/j.jcis.2022.03.152,source_packet_36a2100af4e2a977,10.1016/j.jcis.2022.03.152,,2022,UOR_only,experimental,abstract_DOI_UT,partial,support,1,human_accepted,yes
run_be36c9c685335d71,Fe-Co-Ni-Cu-Zn,uor_activity,doi:10.1016/j.jcis.2022.03.152,source_packet_36a2100af4e2a977,10.1016/j.jcis.2022.03.152,,2022,UOR_only,experimental,abstract_DOI_UT,contextual,support,1,human_accepted,yes
run_be36c9c685335d71,Fe-Co-Ni-Cu-Zn,uor_activity,doi:10.1016/j.jcis.2022.03.152,source_packet_36a2100af4e2a977,10.1016/j.jcis.2022.03.152,,2022,UOR_only,experimental,abstract_DOI_UT,partial,support,1,human_accepted,yes
run_be36c9c685335d71,Fe-Co-Ni-Cu-Zn,uor_activity,doi:10.1016/j.jcis.2022.03.152,source_packet_36a2100af4e2a977,10.1016/j.jcis.2022.03.152,,2022,UOR_only,experimental,abstract_DOI_UT,partial,support,1,human_accepted,yes
run_be36c9c685335d71,Fe-Co-Ni-Cu-Zn,uor_activity,doi:10.1016/j.jcis.2022.03.152,source_packet_36a2100af4e2a977,10.1016/j.jcis.2022.03.152,,2022,UOR_only,experimental,abstract_DOI_UT,partial,support,1,human_accepted,yes
run_be36c9c685335d71,Fe-Co-Ni-Cu-Zn,uor_activity,doi:10.1016/j.jcis.2022.03.152,source_packet_36a2100af4e2a977,10.1016/j.jcis.2022.03.152,,2022,UOR_only,experimental,abstract_DOI_UT,partial,support,1,human_accepted,yes
run_be36c9c685335d71,Fe-Co-Ni-Cu-Zn,alkaline_stability_corrosion,doi:10.1016/j.jcis.2022.03.152,source_packet_36a2100af4e2a977,10.1016/j.jcis.2022.03.152,,2022,UOR_only,experimental,identified_record,none,not_addressed,1,human_accepted,yes
run_be36c9c685335d71,Fe-Co-Ni-Cu-Zn,alkaline_stability_corrosion,doi:10.1016/j.jcis.2022.03.152,source_packet_36a2100af4e2a977,10.1016/j.jcis.2022.03.152,,2022,UOR_only,experimental,identified_record,none,not_addressed,1,human_accepted,yes
run_be36c9c685335d71,Fe-Co-Ni-Cu-Zn,alkaline_stability_corrosion,doi:10.1016/j.jcis.2022.03.152,source_packet_36a2100af4e2a977,10.1016/j.jcis.2022.03.152,,2022,UOR_only,experimental,identified_record,none,not_addressed,1,human_accepted,yes
run_be36c9c685335d71,Fe-Co-Ni-Cu-Zn,wet_chemical_synthesis,doi:10.1016/j.jcis.2022.03.152,source_packet_36a2100af4e2a977,10.1016/j.jcis.2022.03.152,,2022,UOR_only,experimental,identified_record,none,not_addressed,1,human_accepted,yes
run_be36c9c685335d71,Fe-Co-Ni-Cu-Zn,substitution_and_synergy,doi:10.1016/j.jcis.2022.03.152,source_packet_36a2100af4e2a977,10.1016/j.jcis.2022.03.152,,2022,UOR_only,experimental,identified_record,none,not_addressed,1,human_accepted,yes
run_be36c9c685335d71,Fe-Co-Ni-Cu-Zn,pba_structural_compatibility,wos:WOS_BC7A3E899D5FCB65,source_packet_91a8d5edcecd8f6d,,,,PBA_only,experimental,identified_record,contextual,support,0.9674014658411585,machine_unreviewed,yes
run_be36c9c685335d71,Fe-Co-Ni-Cu-Zn,uor_activity,wos:WOS_BC7A3E899D5FCB65,source_packet_91a8d5edcecd8f6d,,,,PBA_only,experimental,identified_record,none,not_addressed,0.9674014658411585,machine_unreviewed,yes
run_be36c9c685335d71,Fe-Co-Ni-Cu-Zn,uor_activity,wos:WOS_BC7A3E899D5FCB65,source_packet_91a8d5edcecd8f6d,,,,PBA_only,experimental,identified_record,none,not_addressed,0.9674014658411585,machine_unreviewed,yes
run_be36c9c685335d71,Fe-Co-Ni-Cu-Zn,uor_activity,wos:WOS_BC7A3E899D5FCB65,source_packet_91a8d5edcecd8f6d,,,,PBA_only,experimental,identified_record,none,not_addressed,0.9674014658411585,machine_unreviewed,yes
run_be36c9c685335d71,Fe-Co-Ni-Cu-Zn,uor_activity,wos:WOS_BC7A3E899D5FCB65,source_packet_91a8d5edcecd8f6d,,,,PBA_only,experimental,identified_record,none,not_addressed,0.9674014658411585,machine_unreviewed,yes
run_be36c9c685335d71,Fe-Co-Ni-Cu-Zn,uor_activity,wos:WOS_BC7A3E899D5FCB65,source_packet_91a8d5edcecd8f6d,,,,PBA_only,experimental,identified_record,none,not_addressed,0.9674014658411585,machine_unreviewed,yes
run_be36c9c685335d71,Fe-Co-Ni-Cu-Zn,uor_activity,wos:WOS_BC7A3E899D5FCB65,source_packet_91a8d5edcecd8f6d,,,,PBA_only,experimental,identified_record,none,not_addressed,0.9674014658411585,machine_unreviewed,yes
run_be36c9c685335d71,Fe-Co-Ni-Cu-Zn,alkaline_stability_corrosion,wos:WOS_BC7A3E899D5FCB65,source_packet_91a8d5edcecd8f6d,,,,PBA_only,experimental,identified_record,partial,support,0.9674014658411585,machine_unreviewed,yes
run_be36c9c685335d71,Fe-Co-Ni-Cu-Zn,alkaline_stability_corrosion,wos:WOS_BC7A3E899D5FCB65,source_packet_91a8d5edcecd8f6d,,,,PBA_only,experimental,identified_record,partial,support,0.9674014658411585,machine_unreviewed,yes
run_be36c9c685335d71,Fe-Co-Ni-Cu-Zn,wet_chemical_synthesis,wos:WOS_BC7A3E899D5FCB65,source_packet_91a8d5edcecd8f6d,,,,PBA_only,experimental,identified_record,none,not_addressed,0.9674014658411585,machine_unreviewed,yes
run_be36c9c685335d71,Fe-Co-Ni-Cu-Zn,substitution_and_synergy,wos:WOS_BC7A3E899D5FCB65,source_packet_91a8d5edcecd8f6d,,,,PBA_only,experimental,identified_record,contextual,support,0.9674014658411585,machine_unreviewed,yes
run_be36c9c685335d71,Fe-Co-Ni-Cu-Zn,pba_structural_compatibility,wos:WOS_431A2A4B80A695DD,source_packet_b7ef6571beb0a61e,,,,UOR_only,experimental,identified_record,none,not_addressed,0.9674014658411585,machine_unreviewed,yes
run_be36c9c685335d71,Fe-Co-Ni-Cu-Zn,uor_activity,wos:WOS_431A2A4B80A695DD,source_packet_b7ef6571beb0a61e,,,,UOR_only,experimental,identified_record,contextual,support,0.9674014658411585,machine_unreviewed,yes
run_be36c9c685335d71,Fe-Co-Ni-Cu-Zn,uor_activity,wos:WOS_431A2A4B80A695DD,source_packet_b7ef6571beb0a61e,,,,UOR_only,experimental,identified_record,contextual,support,0.9674014658411585,machine_unreviewed,yes
run_be36c9c685335d71,Fe-Co-Ni-Cu-Zn,uor_activity,wos:WOS_431A2A4B80A695DD,source_packet_b7ef6571beb0a61e,,,,UOR_only,experimental,identified_record,contextual,support,0.9674014658411585,machine_unreviewed,yes
run_be36c9c685335d71,Fe-Co-Ni-Cu-Zn,uor_activity,wos:WOS_431A2A4B80A695DD,source_packet_b7ef6571beb0a61e,,,,UOR_only,experimental,identified_record,contextual,support,0.9674014658411585,machine_unreviewed,yes
run_be36c9c685335d71,Fe-Co-Ni-Cu-Zn,uor_activity,wos:WOS_431A2A4B80A695DD,source_packet_b7ef6571beb0a61e,,,,UOR_only,experimental,identified_record,contextual,support,0.9674014658411585,machine_unreviewed,yes
run_be36c9c685335d71,Fe-Co-Ni-Cu-Zn,uor_activity,wos:WOS_431A2A4B80A695DD,source_packet_b7ef6571beb0a61e,,,,UOR_only,experimental,identified_record,contextual,support,0.9674014658411585,machine_unreviewed,yes
run_be36c9c685335d71,Fe-Co-Ni-Cu-Zn,alkaline_stability_corrosion,wos:WOS_431A2A4B80A695DD,source_packet_b7ef6571beb0a61e,,,,UOR_only,experimental,identified_record,none,not_addressed,0.9674014658411585,machine_unreviewed,yes
run_be36c9c685335d71,Fe-Co-Ni-Cu-Zn,alkaline_stability_corrosion,wos:WOS_431A2A4B80A695DD,source_packet_b7ef6571beb0a61e,,,,UOR_only,experimental,identified_record,none,not_addressed,0.9674014658411585,machine_unreviewed,yes
run_be36c9c685335d71,Fe-Co-Ni-Cu-Zn,alkaline_stability_corrosion,wos:WOS_431A2A4B80A695DD,source_packet_b7ef6571beb0a61e,,,,UOR_only,experimental,identified_record,none,not_addressed,0.9674014658411585,machine_unreviewed,yes
run_be36c9c685335d71,Fe-Co-Ni-Cu-Zn,wet_chemical_synthesis,wos:WOS_431A2A4B80A695DD,source_packet_b7ef6571beb0a61e,,,,UOR_only,experimental,identified_record,none,not_addressed,0.9674014658411585,machine_unreviewed,yes
run_be36c9c685335d71,Fe-Co-Ni-Cu-Zn,pba_structural_compatibility,wos:WOS_638FB9E9A77B3CA6,source_packet_bc7ed8aba702313b,,,,PBA_only,experimental,identified_record,partial,support,0.9674014658411585,machine_unreviewed,yes
run_be36c9c685335d71,Fe-Co-Ni-Cu-Zn,uor_activity,wos:WOS_638FB9E9A77B3CA6,source_packet_bc7ed8aba702313b,,,,PBA_only,experimental,identified_record,contextual,support,0.9674014658411585,machine_unreviewed,yes
run_be36c9c685335d71,Fe-Co-Ni-Cu-Zn,uor_activity,wos:WOS_638FB9E9A77B3CA6,source_packet_bc7ed8aba702313b,,,,PBA_only,experimental,identified_record,contextual,support,0.9674014658411585,machine_unreviewed,yes
run_be36c9c685335d71,Fe-Co-Ni-Cu-Zn,uor_activity,wos:WOS_638FB9E9A77B3CA6,source_packet_bc7ed8aba702313b,,,,PBA_only,experimental,identified_record,contextual,support,0.9674014658411585,machine_unreviewed,yes
run_be36c9c685335d71,Fe-Co-Ni-Cu-Zn,uor_activity,wos:WOS_638FB9E9A77B3CA6,source_packet_bc7ed8aba702313b,,,,PBA_only,experimental,identified_record,contextual,support,0.9674014658411585,machine_unreviewed,yes
run_be36c9c685335d71,Fe-Co-Ni-Cu-Zn,uor_activity,wos:WOS_638FB9E9A77B3CA6,source_packet_bc7ed8aba702313b,,,,PBA_only,experimental,identified_record,contextual,support,0.9674014658411585,machine_unreviewed,yes
run_be36c9c685335d71,Fe-Co-Ni-Cu-Zn,uor_activity,wos:WOS_638FB9E9A77B3CA6,source_packet_bc7ed8aba702313b,,,,PBA_only,experimental,identified_record,contextual,support,0.9674014658411585,machine_unreviewed,yes
run_be36c9c685335d71,Fe-Co-Ni-Cu-Zn,alkaline_stability_corrosion,wos:WOS_638FB9E9A77B3CA6,source_packet_bc7ed8aba702313b,,,,PBA_only,experimental,identified_record,partial,support,0.9674014658411585,machine_unreviewed,yes
run_be36c9c685335d71,Fe-Co-Ni-Cu-Zn,alkaline_stability_corrosion,wos:WOS_638FB9E9A77B3CA6,source_packet_bc7ed8aba702313b,,,,PBA_only,experimental,identified_record,partial,support,0.9674014658411585,machine_unreviewed,yes
run_be36c9c685335d71,Fe-Co-Ni-Cu-Zn,wet_chemical_synthesis,wos:WOS_638FB9E9A77B3CA6,source_packet_bc7ed8aba702313b,,,,PBA_only,experimental,identified_record,none,not_addressed,0.9674014658411585,machine_unreviewed,yes
run_be36c9c685335d71,Fe-Co-Ni-Cu-Zn,pba_structural_compatibility,doi:10.1016/j.cej.2024.156767,source_packet_f01bdda117779deb,10.1016/j.cej.2024.156767,WOS:001341552700001,2024,PBA_only,experimental,abstract_DOI_UT,contextual,support,1,human_accepted,yes
run_be36c9c685335d71,Fe-Co-Ni-Cu-Zn,uor_activity,doi:10.1016/j.cej.2024.156767,source_packet_f01bdda117779deb,10.1016/j.cej.2024.156767,WOS:001341552700001,2024,PBA_only,experimental,exact_chunk_DOI_UT,overreach,support,1,human_accepted,yes
run_be36c9c685335d71,Fe-Co-Ni-Cu-Zn,uor_activity,doi:10.1016/j.cej.2024.156767,source_packet_f01bdda117779deb,10.1016/j.cej.2024.156767,WOS:001341552700001,2024,PBA_only,experimental,exact_chunk_DOI_UT,overreach,support,1,human_accepted,yes
run_be36c9c685335d71,Fe-Co-Ni-Cu-Zn,uor_activity,doi:10.1016/j.cej.2024.156767,source_packet_f01bdda117779deb,10.1016/j.cej.2024.156767,WOS:001341552700001,2024,PBA_only,experimental,exact_chunk_DOI_UT,overreach,support,1,human_accepted,yes
run_be36c9c685335d71,Fe-Co-Ni-Cu-Zn,uor_activity,doi:10.1016/j.cej.2024.156767,source_packet_f01bdda117779deb,10.1016/j.cej.2024.156767,WOS:001341552700001,2024,PBA_only,experimental,identified_record,none,not_addressed,1,human_accepted,yes
run_be36c9c685335d71,Fe-Co-Ni-Cu-Zn,uor_activity,doi:10.1016/j.cej.2024.156767,source_packet_f01bdda117779deb,10.1016/j.cej.2024.156767,WOS:001341552700001,2024,PBA_only,experimental,identified_record,none,not_addressed,1,human_accepted,yes
run_be36c9c685335d71,Fe-Co-Ni-Cu-Zn,uor_activity,doi:10.1016/j.cej.2024.156767,source_packet_f01bdda117779deb,10.1016/j.cej.2024.156767,WOS:001341552700001,2024,PBA_only,experimental,exact_chunk_DOI_UT,overreach,support,1,human_accepted,yes
run_be36c9c685335d71,Fe-Co-Ni-Cu-Zn,alkaline_stability_corrosion,doi:10.1016/j.cej.2024.156767,source_packet_f01bdda117779deb,10.1016/j.cej.2024.156767,WOS:001341552700001,2024,PBA_only,experimental,exact_chunk_DOI_UT,partial,support,1,human_accepted,yes
run_be36c9c685335d71,Fe-Co-Ni-Cu-Zn,alkaline_stability_corrosion,doi:10.1016/j.cej.2024.156767,source_packet_f01bdda117779deb,10.1016/j.cej.2024.156767,WOS:001341552700001,2024,PBA_only,experimental,exact_chunk_DOI_UT,partial,support,1,human_accepted,yes
run_be36c9c685335d71,Fe-Co-Ni-Cu-Zn,alkaline_stability_corrosion,doi:10.1016/j.cej.2024.156767,source_packet_f01bdda117779deb,10.1016/j.cej.2024.156767,WOS:001341552700001,2024,PBA_only,experimental,exact_chunk_DOI_UT,partial,support,1,human_accepted,yes
run_be36c9c685335d71,Fe-Co-Ni-Cu-Zn,wet_chemical_synthesis,doi:10.1016/j.cej.2024.156767,source_packet_f01bdda117779deb,10.1016/j.cej.2024.156767,WOS:001341552700001,2024,PBA_only,experimental,identified_record,none,not_addressed,1,human_accepted,yes
run_be36c9c685335d71,Fe-Co-Ni-Cu-Zn,substitution_and_synergy,doi:10.1016/j.cej.2024.156767,source_packet_f01bdda117779deb,10.1016/j.cej.2024.156767,WOS:001341552700001,2024,PBA_only,experimental,abstract_DOI_UT,contextual,support,1,human_accepted,yes
run_797f4ba4319fe372,Fe-Co-Ni-Mn-Cu,uor_activity,doi:10.1002/adfm.202418680,source_packet_a1b62f1cd07728c2,10.1002/adfm.202418680,WOS:001365812200001,2025,PBA_only,experimental,identified_record,none,not_addressed,1,human_accepted,yes
run_797f4ba4319fe372,Fe-Co-Ni-Mn-Cu,pba_structural_compatibility,doi:10.1002/adfm.202418680,source_packet_a1b62f1cd07728c2,10.1002/adfm.202418680,WOS:001365812200001,2025,PBA_only,experimental,exact_chunk_DOI_UT,partial,support,1,human_accepted,yes
run_797f4ba4319fe372,Fe-Co-Ni-Mn-Cu,uor_activity,doi:10.1002/adfm.202418680,source_packet_a1b62f1cd07728c2,10.1002/adfm.202418680,WOS:001365812200001,2025,PBA_only,experimental,identified_record,none,not_addressed,1,human_accepted,yes
run_797f4ba4319fe372,Fe-Co-Ni-Mn-Cu,uor_activity,doi:10.1002/adfm.202418680,source_packet_a1b62f1cd07728c2,10.1002/adfm.202418680,WOS:001365812200001,2025,PBA_only,experimental,exact_chunk_DOI_UT,overreach,support,1,human_accepted,yes
run_797f4ba4319fe372,Fe-Co-Ni-Mn-Cu,uor_activity,doi:10.1002/adfm.202418680,source_packet_a1b62f1cd07728c2,10.1002/adfm.202418680,WOS:001365812200001,2025,PBA_only,experimental,identified_record,none,not_addressed,1,human_accepted,yes
run_797f4ba4319fe372,Fe-Co-Ni-Mn-Cu,uor_activity,doi:10.1002/adfm.202418680,source_packet_a1b62f1cd07728c2,10.1002/adfm.202418680,WOS:001365812200001,2025,PBA_only,experimental,identified_record,none,not_addressed,1,human_accepted,yes
run_797f4ba4319fe372,Fe-Co-Ni-Mn-Cu,alkaline_stability_corrosion,doi:10.1002/adfm.202418680,source_packet_a1b62f1cd07728c2,10.1002/adfm.202418680,WOS:001365812200001,2025,PBA_only,experimental,exact_chunk_DOI_UT,partial,support,1,human_accepted,yes
run_797f4ba4319fe372,Fe-Co-Ni-Mn-Cu,uor_activity,doi:10.1002/adfm.202418680,source_packet_a1b62f1cd07728c2,10.1002/adfm.202418680,WOS:001365812200001,2025,PBA_only,experimental,exact_chunk_DOI_UT,overreach,support,1,human_accepted,yes
run_797f4ba4319fe372,Fe-Co-Ni-Mn-Cu,alkaline_stability_corrosion,doi:10.1002/adfm.202418680,source_packet_a1b62f1cd07728c2,10.1002/adfm.202418680,WOS:001365812200001,2025,PBA_only,experimental,exact_chunk_DOI_UT,partial,support,1,human_accepted,yes
run_797f4ba4319fe372,Fe-Co-Ni-Mn-Cu,wet_chemical_synthesis,doi:10.1002/adfm.202418680,source_packet_a1b62f1cd07728c2,10.1002/adfm.202418680,WOS:001365812200001,2025,PBA_only,experimental,exact_chunk_DOI_UT,contextual,support,1,human_accepted,yes
run_797f4ba4319fe372,Fe-Co-Ni-Mn-Cu,uor_activity,doi:10.1016/j.cej.2024.156767,source_packet_d34fca0dcf93c959,10.1016/j.cej.2024.156767,WOS:001341552700001,2024,PBA_only,experimental,exact_chunk_DOI_UT,overreach,support,1,human_accepted,yes
run_797f4ba4319fe372,Fe-Co-Ni-Mn-Cu,pba_structural_compatibility,doi:10.1016/j.cej.2024.156767,source_packet_d34fca0dcf93c959,10.1016/j.cej.2024.156767,WOS:001341552700001,2024,PBA_only,experimental,abstract_DOI_UT,contextual,support,1,human_accepted,yes
run_797f4ba4319fe372,Fe-Co-Ni-Mn-Cu,uor_activity,doi:10.1016/j.cej.2024.156767,source_packet_d34fca0dcf93c959,10.1016/j.cej.2024.156767,WOS:001341552700001,2024,PBA_only,experimental,exact_chunk_DOI_UT,overreach,support,1,human_accepted,yes
run_797f4ba4319fe372,Fe-Co-Ni-Mn-Cu,uor_activity,doi:10.1016/j.cej.2024.156767,source_packet_d34fca0dcf93c959,10.1016/j.cej.2024.156767,WOS:001341552700001,2024,PBA_only,experimental,exact_chunk_DOI_UT,overreach,support,1,human_accepted,yes
run_797f4ba4319fe372,Fe-Co-Ni-Mn-Cu,uor_activity,doi:10.1016/j.cej.2024.156767,source_packet_d34fca0dcf93c959,10.1016/j.cej.2024.156767,WOS:001341552700001,2024,PBA_only,experimental,identified_record,none,not_addressed,1,human_accepted,yes
run_797f4ba4319fe372,Fe-Co-Ni-Mn-Cu,substitution_and_synergy,doi:10.1016/j.cej.2024.156767,source_packet_d34fca0dcf93c959,10.1016/j.cej.2024.156767,WOS:001341552700001,2024,PBA_only,experimental,abstract_DOI_UT,contextual,support,1,human_accepted,yes
run_797f4ba4319fe372,Fe-Co-Ni-Mn-Cu,uor_activity,doi:10.1016/j.cej.2024.156767,source_packet_d34fca0dcf93c959,10.1016/j.cej.2024.156767,WOS:001341552700001,2024,PBA_only,experimental,exact_chunk_DOI_UT,overreach,support,1,human_accepted,yes
run_797f4ba4319fe372,Fe-Co-Ni-Mn-Cu,alkaline_stability_corrosion,doi:10.1016/j.cej.2024.156767,source_packet_d34fca0dcf93c959,10.1016/j.cej.2024.156767,WOS:001341552700001,2024,PBA_only,experimental,exact_chunk_DOI_UT,partial,support,1,human_accepted,yes
run_797f4ba4319fe372,Fe-Co-Ni-Mn-Cu,uor_activity,doi:10.1016/j.cej.2024.156767,source_packet_d34fca0dcf93c959,10.1016/j.cej.2024.156767,WOS:001341552700001,2024,PBA_only,experimental,exact_chunk_DOI_UT,overreach,support,1,human_accepted,yes
run_797f4ba4319fe372,Fe-Co-Ni-Mn-Cu,alkaline_stability_corrosion,doi:10.1016/j.cej.2024.156767,source_packet_d34fca0dcf93c959,10.1016/j.cej.2024.156767,WOS:001341552700001,2024,PBA_only,experimental,exact_chunk_DOI_UT,partial,support,1,human_accepted,yes
run_797f4ba4319fe372,Fe-Co-Ni-Mn-Cu,wet_chemical_synthesis,doi:10.1016/j.cej.2024.156767,source_packet_d34fca0dcf93c959,10.1016/j.cej.2024.156767,WOS:001341552700001,2024,PBA_only,experimental,identified_record,none,not_addressed,1,human_accepted,yes
run_353c84909b3aca98,Fe-Co-Ni-Mn-Cu,uor_activity,wos:WOS_BCBD3E1D3AA68779,source_packet_a3bde92ca2f4489b,,,,UOR_only,experimental,identified_record,partial,support,0.9674014658411585,machine_unreviewed,yes
run_353c84909b3aca98,Fe-Co-Ni-Mn-Cu,uor_activity,wos:WOS_BCBD3E1D3AA68779,source_packet_a3bde92ca2f4489b,,,,UOR_only,experimental,identified_record,partial,support,0.9674014658411585,machine_unreviewed,yes
run_353c84909b3aca98,Fe-Co-Ni-Mn-Cu,substitution_and_synergy,wos:WOS_BCBD3E1D3AA68779,source_packet_a3bde92ca2f4489b,,,,UOR_only,experimental,identified_record,contextual,support,0.9674014658411585,machine_unreviewed,yes
run_353c84909b3aca98,Fe-Co-Ni-Mn-Cu,pba_structural_compatibility,wos:WOS_BCBD3E1D3AA68779,source_packet_a3bde92ca2f4489b,,,,UOR_only,experimental,identified_record,none,not_addressed,0.9674014658411585,machine_unreviewed,yes
run_353c84909b3aca98,Fe-Co-Ni-Mn-Cu,pba_structural_compatibility,wos:WOS_BCBD3E1D3AA68779,source_packet_a3bde92ca2f4489b,,,,UOR_only,experimental,identified_record,none,not_addressed,0.9674014658411585,machine_unreviewed,yes
run_353c84909b3aca98,Fe-Co-Ni-Mn-Cu,alkaline_stability_corrosion,wos:WOS_BCBD3E1D3AA68779,source_packet_a3bde92ca2f4489b,,,,UOR_only,experimental,identified_record,contextual,support,0.9674014658411585,machine_unreviewed,yes
run_353c84909b3aca98,Fe-Co-Ni-Mn-Cu,uor_activity,wos:WOS_BCBD3E1D3AA68779,source_packet_a3bde92ca2f4489b,,,,UOR_only,experimental,identified_record,partial,support,0.9674014658411585,machine_unreviewed,yes
run_353c84909b3aca98,Fe-Co-Ni-Mn-Cu,alkaline_stability_corrosion,wos:WOS_BCBD3E1D3AA68779,source_packet_a3bde92ca2f4489b,,,,UOR_only,experimental,identified_record,contextual,support,0.9674014658411585,machine_unreviewed,yes
run_353c84909b3aca98,Fe-Co-Ni-Mn-Cu,wet_chemical_synthesis,wos:WOS_BCBD3E1D3AA68779,source_packet_a3bde92ca2f4489b,,,,UOR_only,experimental,identified_record,none,not_addressed,0.9674014658411585,machine_unreviewed,yes
run_353c84909b3aca98,Fe-Co-Ni-Mn-Cu,uor_activity,doi:10.1016/j.matchemphys.2023.128834,source_packet_b56769253941261d,10.1016/j.matchemphys.2023.128834,WOS:001149146100001,2024,UOR_only,experimental,exact_chunk_DOI_UT,full,support,1,human_accepted,yes
run_353c84909b3aca98,Fe-Co-Ni-Mn-Cu,uor_activity,doi:10.1016/j.matchemphys.2023.128834,source_packet_b56769253941261d,10.1016/j.matchemphys.2023.128834,WOS:001149146100001,2024,UOR_only,experimental,exact_chunk_DOI_UT,full,support,1,human_accepted,yes
run_353c84909b3aca98,Fe-Co-Ni-Mn-Cu,substitution_and_synergy,doi:10.1016/j.matchemphys.2023.128834,source_packet_b56769253941261d,10.1016/j.matchemphys.2023.128834,WOS:001149146100001,2024,UOR_only,experimental,identified_record,none,not_addressed,1,human_accepted,yes
run_353c84909b3aca98,Fe-Co-Ni-Mn-Cu,uor_activity,doi:10.1016/j.matchemphys.2023.128834,source_packet_b56769253941261d,10.1016/j.matchemphys.2023.128834,WOS:001149146100001,2024,UOR_only,experimental,abstract_DOI_UT,contextual,support,1,human_accepted,yes
run_353c84909b3aca98,Fe-Co-Ni-Mn-Cu,uor_activity,doi:10.1016/j.cej.2024.156767,source_packet_ecd24c310a2f7cd4,10.1016/j.cej.2024.156767,WOS:001341552700001,2024,PBA_only,experimental,identified_record,none,not_addressed,1,human_accepted,yes
run_353c84909b3aca98,Fe-Co-Ni-Mn-Cu,uor_activity,doi:10.1016/j.cej.2024.156767,source_packet_ecd24c310a2f7cd4,10.1016/j.cej.2024.156767,WOS:001341552700001,2024,PBA_only,experimental,identified_record,none,not_addressed,1,human_accepted,yes
run_353c84909b3aca98,Fe-Co-Ni-Mn-Cu,substitution_and_synergy,doi:10.1016/j.cej.2024.156767,source_packet_ecd24c310a2f7cd4,10.1016/j.cej.2024.156767,WOS:001341552700001,2024,PBA_only,experimental,exact_chunk_DOI_UT,overreach,support,1,human_accepted,yes
run_353c84909b3aca98,Fe-Co-Ni-Mn-Cu,pba_structural_compatibility,doi:10.1016/j.cej.2024.156767,source_packet_ecd24c310a2f7cd4,10.1016/j.cej.2024.156767,WOS:001341552700001,2024,PBA_only,experimental,abstract_DOI_UT,contextual,support,1,human_accepted,yes
run_353c84909b3aca98,Fe-Co-Ni-Mn-Cu,pba_structural_compatibility,doi:10.1016/j.cej.2024.156767,source_packet_ecd24c310a2f7cd4,10.1016/j.cej.2024.156767,WOS:001341552700001,2024,PBA_only,experimental,abstract_DOI_UT,contextual,support,1,human_accepted,yes
run_353c84909b3aca98,Fe-Co-Ni-Mn-Cu,uor_activity,doi:10.1016/j.cej.2024.156767,source_packet_ecd24c310a2f7cd4,10.1016/j.cej.2024.156767,WOS:001341552700001,2024,PBA_only,experimental,exact_chunk_DOI_UT,overreach,support,1,human_accepted,yes
run_353c84909b3aca98,Fe-Co-Ni-Mn-Cu,alkaline_stability_corrosion,doi:10.1016/j.cej.2024.156767,source_packet_ecd24c310a2f7cd4,10.1016/j.cej.2024.156767,WOS:001341552700001,2024,PBA_only,experimental,exact_chunk_DOI_UT,partial,support,1,human_accepted,yes
run_353c84909b3aca98,Fe-Co-Ni-Mn-Cu,uor_activity,doi:10.1016/j.cej.2024.156767,source_packet_ecd24c310a2f7cd4,10.1016/j.cej.2024.156767,WOS:001341552700001,2024,PBA_only,experimental,exact_chunk_DOI_UT,overreach,support,1,human_accepted,yes
run_353c84909b3aca98,Fe-Co-Ni-Mn-Cu,uor_activity,doi:10.1016/j.cej.2024.156767,source_packet_ecd24c310a2f7cd4,10.1016/j.cej.2024.156767,WOS:001341552700001,2024,PBA_only,experimental,exact_chunk_DOI_UT,overreach,support,1,human_accepted,yes
run_353c84909b3aca98,Fe-Co-Ni-Mn-Cu,uor_activity,doi:10.1016/j.cej.2024.156767,source_packet_ecd24c310a2f7cd4,10.1016/j.cej.2024.156767,WOS:001341552700001,2024,PBA_only,experimental,exact_chunk_DOI_UT,overreach,support,1,human_accepted,yes
run_353c84909b3aca98,Fe-Co-Ni-Mn-Cu,alkaline_stability_corrosion,doi:10.1016/j.cej.2024.156767,source_packet_ecd24c310a2f7cd4,10.1016/j.cej.2024.156767,WOS:001341552700001,2024,PBA_only,experimental,exact_chunk_DOI_UT,partial,support,1,human_accepted,yes
run_353c84909b3aca98,Fe-Co-Ni-Mn-Cu,wet_chemical_synthesis,doi:10.1016/j.cej.2024.156767,source_packet_ecd24c310a2f7cd4,10.1016/j.cej.2024.156767,WOS:001341552700001,2024,PBA_only,experimental,identified_record,none,not_addressed,1,human_accepted,yes
run_353c84909b3aca98,Fe-Co-Ni-Mn-Cu,uor_activity,doi:10.1007/s12274-022-5020-0,source_packet_f32df5a431c5322e,10.1007/s12274-022-5020-0,WOS:000870961100003,2023,PBA_only,experimental,abstract_DOI_UT,contextual,support,0.9674014658411585,machine_unreviewed,yes
run_353c84909b3aca98,Fe-Co-Ni-Mn-Cu,uor_activity,doi:10.1007/s12274-022-5020-0,source_packet_f32df5a431c5322e,10.1007/s12274-022-5020-0,WOS:000870961100003,2023,PBA_only,experimental,abstract_DOI_UT,contextual,support,0.9674014658411585,machine_unreviewed,yes
run_353c84909b3aca98,Fe-Co-Ni-Mn-Cu,pba_structural_compatibility,doi:10.1007/s12274-022-5020-0,source_packet_f32df5a431c5322e,10.1007/s12274-022-5020-0,WOS:000870961100003,2023,PBA_only,experimental,exact_chunk_DOI_UT,partial,support,0.9674014658411585,machine_unreviewed,yes
run_353c84909b3aca98,Fe-Co-Ni-Mn-Cu,pba_structural_compatibility,doi:10.1007/s12274-022-5020-0,source_packet_f32df5a431c5322e,10.1007/s12274-022-5020-0,WOS:000870961100003,2023,PBA_only,experimental,exact_chunk_DOI_UT,partial,support,0.9674014658411585,machine_unreviewed,yes
run_353c84909b3aca98,Fe-Co-Ni-Mn-Cu,uor_activity,doi:10.1007/s12274-022-5020-0,source_packet_f32df5a431c5322e,10.1007/s12274-022-5020-0,WOS:000870961100003,2023,PBA_only,experimental,abstract_DOI_UT,contextual,support,0.9674014658411585,machine_unreviewed,yes
run_353c84909b3aca98,Fe-Co-Ni-Mn-Cu,uor_activity,doi:10.1007/s12274-022-5020-0,source_packet_f32df5a431c5322e,10.1007/s12274-022-5020-0,WOS:000870961100003,2023,PBA_only,experimental,abstract_DOI_UT,contextual,support,0.9674014658411585,machine_unreviewed,yes
run_353c84909b3aca98,Fe-Co-Ni-Mn-Cu,uor_activity,doi:10.1007/s12274-022-5020-0,source_packet_f32df5a431c5322e,10.1007/s12274-022-5020-0,WOS:000870961100003,2023,PBA_only,experimental,abstract_DOI_UT,contextual,support,0.9674014658411585,machine_unreviewed,yes
run_353c84909b3aca98,Fe-Co-Ni-Mn-Cu,uor_activity,doi:10.1007/s12274-022-5020-0,source_packet_f32df5a431c5322e,10.1007/s12274-022-5020-0,WOS:000870961100003,2023,PBA_only,experimental,abstract_DOI_UT,contextual,support,0.9674014658411585,machine_unreviewed,yes
run_353c84909b3aca98,Fe-Co-Ni-Mn-Cu,wet_chemical_synthesis,doi:10.1007/s12274-022-5020-0,source_packet_f32df5a431c5322e,10.1007/s12274-022-5020-0,WOS:000870961100003,2023,PBA_only,experimental,identified_record,none,not_addressed,0.9674014658411585,machine_unreviewed,yes
run_7fc47d306302f222,Fe-Co-Ni-Mn-Zn,uor_activity,doi:10.1016/j.cej.2024.156767,source_packet_26993f6486eb49e4,10.1016/j.cej.2024.156767,WOS:001341552700001,2024,PBA_only,experimental,exact_chunk_DOI_UT,none,not_addressed,0.9674014658411585,machine_unreviewed,yes
run_7fc47d306302f222,Fe-Co-Ni-Mn-Zn,alkaline_stability_corrosion,doi:10.1016/j.cej.2024.156767,source_packet_26993f6486eb49e4,10.1016/j.cej.2024.156767,WOS:001341552700001,2024,PBA_only,experimental,exact_chunk_DOI_UT,none,not_addressed,0.9674014658411585,machine_unreviewed,yes
run_7fc47d306302f222,Fe-Co-Ni-Mn-Zn,uor_activity,doi:10.1016/j.cej.2024.156767,source_packet_26993f6486eb49e4,10.1016/j.cej.2024.156767,WOS:001341552700001,2024,PBA_only,experimental,exact_chunk_DOI_UT,none,not_addressed,0.9674014658411585,machine_unreviewed,yes
run_7fc47d306302f222,Fe-Co-Ni-Mn-Zn,pba_structural_compatibility,doi:10.1016/j.cej.2024.156767,source_packet_26993f6486eb49e4,10.1016/j.cej.2024.156767,WOS:001341552700001,2024,PBA_only,experimental,exact_chunk_DOI_UT,partial,support,0.9674014658411585,machine_unreviewed,yes
run_7fc47d306302f222,Fe-Co-Ni-Mn-Zn,uor_activity,doi:10.1016/j.cej.2024.156767,source_packet_26993f6486eb49e4,10.1016/j.cej.2024.156767,WOS:001341552700001,2024,PBA_only,experimental,exact_chunk_DOI_UT,none,not_addressed,0.9674014658411585,machine_unreviewed,yes
run_7fc47d306302f222,Fe-Co-Ni-Mn-Zn,uor_activity,doi:10.1016/j.cej.2024.156767,source_packet_26993f6486eb49e4,10.1016/j.cej.2024.156767,WOS:001341552700001,2024,PBA_only,experimental,exact_chunk_DOI_UT,none,not_addressed,0.9674014658411585,machine_unreviewed,yes
run_7fc47d306302f222,Fe-Co-Ni-Mn-Zn,substitution_and_synergy,doi:10.1016/j.cej.2024.156767,source_packet_26993f6486eb49e4,10.1016/j.cej.2024.156767,WOS:001341552700001,2024,PBA_only,experimental,exact_chunk_DOI_UT,none,not_addressed,0.9674014658411585,machine_unreviewed,yes
run_7fc47d306302f222,Fe-Co-Ni-Mn-Zn,alkaline_stability_corrosion,doi:10.1016/j.cej.2024.156767,source_packet_26993f6486eb49e4,10.1016/j.cej.2024.156767,WOS:001341552700001,2024,PBA_only,experimental,exact_chunk_DOI_UT,partial,support,0.9674014658411585,machine_unreviewed,yes
run_7fc47d306302f222,Fe-Co-Ni-Mn-Zn,pba_structural_compatibility,doi:10.1016/j.cej.2024.156767,source_packet_26993f6486eb49e4,10.1016/j.cej.2024.156767,WOS:001341552700001,2024,PBA_only,experimental,exact_chunk_DOI_UT,overreach,support,0.9674014658411585,machine_unreviewed,yes
run_7fc47d306302f222,Fe-Co-Ni-Mn-Zn,alkaline_stability_corrosion,doi:10.1016/j.cej.2024.156767,source_packet_26993f6486eb49e4,10.1016/j.cej.2024.156767,WOS:001341552700001,2024,PBA_only,experimental,exact_chunk_DOI_UT,none,not_addressed,0.9674014658411585,machine_unreviewed,yes
run_7fc47d306302f222,Fe-Co-Ni-Mn-Zn,alkaline_stability_corrosion,doi:10.1016/j.cej.2024.156767,source_packet_26993f6486eb49e4,10.1016/j.cej.2024.156767,WOS:001341552700001,2024,PBA_only,experimental,exact_chunk_DOI_UT,partial,support,0.9674014658411585,machine_unreviewed,yes
run_7fc47d306302f222,Fe-Co-Ni-Mn-Zn,wet_chemical_synthesis,doi:10.1016/j.cej.2024.156767,source_packet_26993f6486eb49e4,10.1016/j.cej.2024.156767,WOS:001341552700001,2024,PBA_only,experimental,exact_chunk_DOI_UT,none,not_addressed,0.9674014658411585,machine_unreviewed,yes
run_7fc47d306302f222,Fe-Co-Ni-Mn-Zn,uor_activity,wos:WOS_638FB9E9A77B3CA6,source_packet_2edb3119b2f9890f,,,,PBA_only,experimental,identified_record,none,not_addressed,0.9674014658411585,machine_unreviewed,yes
run_7fc47d306302f222,Fe-Co-Ni-Mn-Zn,alkaline_stability_corrosion,wos:WOS_638FB9E9A77B3CA6,source_packet_2edb3119b2f9890f,,,,PBA_only,experimental,identified_record,overreach,support,0.9674014658411585,machine_unreviewed,yes
run_7fc47d306302f222,Fe-Co-Ni-Mn-Zn,uor_activity,wos:WOS_638FB9E9A77B3CA6,source_packet_2edb3119b2f9890f,,,,PBA_only,experimental,identified_record,none,not_addressed,0.9674014658411585,machine_unreviewed,yes
run_7fc47d306302f222,Fe-Co-Ni-Mn-Zn,pba_structural_compatibility,wos:WOS_638FB9E9A77B3CA6,source_packet_2edb3119b2f9890f,,,,PBA_only,experimental,identified_record,overreach,support,0.9674014658411585,machine_unreviewed,yes
run_7fc47d306302f222,Fe-Co-Ni-Mn-Zn,uor_activity,wos:WOS_638FB9E9A77B3CA6,source_packet_2edb3119b2f9890f,,,,PBA_only,experimental,identified_record,none,not_addressed,0.9674014658411585,machine_unreviewed,yes
run_7fc47d306302f222,Fe-Co-Ni-Mn-Zn,uor_activity,wos:WOS_638FB9E9A77B3CA6,source_packet_2edb3119b2f9890f,,,,PBA_only,experimental,identified_record,none,not_addressed,0.9674014658411585,machine_unreviewed,yes
run_7fc47d306302f222,Fe-Co-Ni-Mn-Zn,substitution_and_synergy,wos:WOS_638FB9E9A77B3CA6,source_packet_2edb3119b2f9890f,,,,PBA_only,experimental,identified_record,overreach,support,0.9674014658411585,machine_unreviewed,yes
run_7fc47d306302f222,Fe-Co-Ni-Mn-Zn,alkaline_stability_corrosion,wos:WOS_638FB9E9A77B3CA6,source_packet_2edb3119b2f9890f,,,,PBA_only,experimental,identified_record,overreach,support,0.9674014658411585,machine_unreviewed,yes
run_7fc47d306302f222,Fe-Co-Ni-Mn-Zn,pba_structural_compatibility,wos:WOS_638FB9E9A77B3CA6,source_packet_2edb3119b2f9890f,,,,PBA_only,experimental,identified_record,overreach,support,0.9674014658411585,machine_unreviewed,yes
run_7fc47d306302f222,Fe-Co-Ni-Mn-Zn,alkaline_stability_corrosion,wos:WOS_638FB9E9A77B3CA6,source_packet_2edb3119b2f9890f,,,,PBA_only,experimental,identified_record,none,not_addressed,0.9674014658411585,machine_unreviewed,yes
run_7fc47d306302f222,Fe-Co-Ni-Mn-Zn,alkaline_stability_corrosion,wos:WOS_638FB9E9A77B3CA6,source_packet_2edb3119b2f9890f,,,,PBA_only,experimental,identified_record,partial,support,0.9674014658411585,machine_unreviewed,yes
run_7fc47d306302f222,Fe-Co-Ni-Mn-Zn,wet_chemical_synthesis,wos:WOS_638FB9E9A77B3CA6,source_packet_2edb3119b2f9890f,,,,PBA_only,experimental,identified_record,none,not_addressed,0.9674014658411585,machine_unreviewed,yes
run_7fc47d306302f222,Fe-Co-Ni-Mn-Zn,uor_activity,wos:WOS_1ADC2FB558D8F030,source_packet_49ed375cfe9191c6,,,,direct_PBA_UOR,experimental,identified_record,contextual,support,0.9674014658411585,machine_unreviewed,yes
run_7fc47d306302f222,Fe-Co-Ni-Mn-Zn,uor_activity,wos:WOS_1ADC2FB558D8F030,source_packet_49ed375cfe9191c6,,,,direct_PBA_UOR,experimental,identified_record,contextual,support,0.9674014658411585,machine_unreviewed,yes
run_7fc47d306302f222,Fe-Co-Ni-Mn-Zn,pba_structural_compatibility,wos:WOS_1ADC2FB558D8F030,source_packet_49ed375cfe9191c6,,,,direct_PBA_UOR,experimental,identified_record,none,not_addressed,0.9674014658411585,machine_unreviewed,yes
run_7fc47d306302f222,Fe-Co-Ni-Mn-Zn,uor_activity,wos:WOS_1ADC2FB558D8F030,source_packet_49ed375cfe9191c6,,,,direct_PBA_UOR,experimental,identified_record,contextual,support,0.9674014658411585,machine_unreviewed,yes
run_7fc47d306302f222,Fe-Co-Ni-Mn-Zn,uor_activity,wos:WOS_1ADC2FB558D8F030,source_packet_49ed375cfe9191c6,,,,direct_PBA_UOR,experimental,identified_record,contextual,support,0.9674014658411585,machine_unreviewed,yes
run_7fc47d306302f222,Fe-Co-Ni-Mn-Zn,substitution_and_synergy,wos:WOS_1ADC2FB558D8F030,source_packet_49ed375cfe9191c6,,,,direct_PBA_UOR,experimental,identified_record,contextual,support,0.9674014658411585,machine_unreviewed,yes
run_7fc47d306302f222,Fe-Co-Ni-Mn-Zn,wet_chemical_synthesis,wos:WOS_1ADC2FB558D8F030,source_packet_49ed375cfe9191c6,,,,direct_PBA_UOR,experimental,identified_record,overreach,support,0.9674014658411585,machine_unreviewed,yes
run_7fc47d306302f222,Fe-Co-Ni-Mn-Zn,alkaline_stability_corrosion,wos:WOS_BC7A3E899D5FCB65,source_packet_befd9a5bbab9165b,,,,PBA_only,experimental,identified_record,overreach,support,0.9674014658411585,machine_unreviewed,yes
run_7fc47d306302f222,Fe-Co-Ni-Mn-Zn,pba_structural_compatibility,wos:WOS_BC7A3E899D5FCB65,source_packet_befd9a5bbab9165b,,,,PBA_only,experimental,identified_record,overreach,support,0.9674014658411585,machine_unreviewed,yes
run_7fc47d306302f222,Fe-Co-Ni-Mn-Zn,alkaline_stability_corrosion,wos:WOS_BC7A3E899D5FCB65,source_packet_befd9a5bbab9165b,,,,PBA_only,experimental,identified_record,overreach,support,0.9674014658411585,machine_unreviewed,yes
run_7fc47d306302f222,Fe-Co-Ni-Mn-Zn,alkaline_stability_corrosion,wos:WOS_BC7A3E899D5FCB65,source_packet_befd9a5bbab9165b,,,,PBA_only,experimental,identified_record,partial,support,0.9674014658411585,machine_unreviewed,yes
run_7fc47d306302f222,Fe-Co-Ni-Mn-Zn,wet_chemical_synthesis,wos:WOS_BC7A3E899D5FCB65,source_packet_befd9a5bbab9165b,,,,PBA_only,experimental,identified_record,overreach,support,0.9674014658411585,machine_unreviewed,yes
run_b0e9fdfad699414b,Fe-Co-Ni-Mn-Zn,uor_activity,doi:10.1039/d3ta01967e,source_packet_cc77e3f5f2f393f7,10.1039/d3ta01967e,WOS:001063921500001,2023,PBA_only,experimental,exact_chunk_DOI_UT,none,not_addressed,0.9674014658411585,machine_unreviewed,yes
run_b0e9fdfad699414b,Fe-Co-Ni-Mn-Zn,alkaline_stability_corrosion,doi:10.1039/d3ta01967e,source_packet_cc77e3f5f2f393f7,10.1039/d3ta01967e,WOS:001063921500001,2023,PBA_only,experimental,exact_chunk_DOI_UT,overreach,support,0.9674014658411585,machine_unreviewed,yes
run_b0e9fdfad699414b,Fe-Co-Ni-Mn-Zn,uor_activity,doi:10.1039/d3ta01967e,source_packet_cc77e3f5f2f393f7,10.1039/d3ta01967e,WOS:001063921500001,2023,PBA_only,experimental,exact_chunk_DOI_UT,none,not_addressed,0.9674014658411585,machine_unreviewed,yes
run_b0e9fdfad699414b,Fe-Co-Ni-Mn-Zn,uor_activity,doi:10.1039/d3ta01967e,source_packet_cc77e3f5f2f393f7,10.1039/d3ta01967e,WOS:001063921500001,2023,PBA_only,experimental,exact_chunk_DOI_UT,none,not_addressed,0.9674014658411585,machine_unreviewed,yes
run_b0e9fdfad699414b,Fe-Co-Ni-Mn-Zn,substitution_and_synergy,doi:10.1039/d3ta01967e,source_packet_cc77e3f5f2f393f7,10.1039/d3ta01967e,WOS:001063921500001,2023,PBA_only,experimental,exact_chunk_DOI_UT,none,not_addressed,0.9674014658411585,machine_unreviewed,yes
run_b0e9fdfad699414b,Fe-Co-Ni-Mn-Zn,alkaline_stability_corrosion,doi:10.1039/d3ta01967e,source_packet_cc77e3f5f2f393f7,10.1039/d3ta01967e,WOS:001063921500001,2023,PBA_only,experimental,exact_chunk_DOI_UT,partial,support,0.9674014658411585,machine_unreviewed,yes
run_b0e9fdfad699414b,Fe-Co-Ni-Mn-Zn,pba_structural_compatibility,doi:10.1039/d3ta01967e,source_packet_cc77e3f5f2f393f7,10.1039/d3ta01967e,WOS:001063921500001,2023,PBA_only,experimental,exact_chunk_DOI_UT,overreach,support,0.9674014658411585,machine_unreviewed,yes
run_b0e9fdfad699414b,Fe-Co-Ni-Mn-Zn,alkaline_stability_corrosion,doi:10.1039/d3ta01967e,source_packet_cc77e3f5f2f393f7,10.1039/d3ta01967e,WOS:001063921500001,2023,PBA_only,experimental,exact_chunk_DOI_UT,overreach,support,0.9674014658411585,machine_unreviewed,yes
run_b0e9fdfad699414b,Fe-Co-Ni-Mn-Zn,alkaline_stability_corrosion,doi:10.1039/d3ta01967e,source_packet_cc77e3f5f2f393f7,10.1039/d3ta01967e,WOS:001063921500001,2023,PBA_only,experimental,exact_chunk_DOI_UT,partial,support,0.9674014658411585,machine_unreviewed,yes
run_b0e9fdfad699414b,Fe-Co-Ni-Mn-Zn,wet_chemical_synthesis,doi:10.1039/d3ta01967e,source_packet_cc77e3f5f2f393f7,10.1039/d3ta01967e,WOS:001063921500001,2023,substitution,experimental,exact_chunk_DOI_UT,overreach,support,0.9674014658411585,machine_unreviewed,yes
